Direction,Ligand-receptor pair,Mean interaction  score in Control,Mean interaction  score in OW,Mean interaction  score in T2D,P_Global_KW,P_OW_vs_Control,P_T2D_vs_Control,P_T2D_vs_OW,Log2FC_OW_vs_Control,Log2FC_T2D_vs_Control,Log2FC_T2D_vs_OW,FDR_Global,FDR_T2D_Control,FDR_OW_Control,FDR_T2D_OW
IntraMac->Alpha,NID1_PTPRF,0.378812625080133,0.461952727054359,0.732981318020081,1.03046152632564e-06,0.0164321475289053,2.62E-07,9.98332775377449e-05,0.286260809596529,0.952292012266975,0.666031202670446,2.49406982811769e-06,1.29339359261763e-06,0.0275210312588755,0.000316534606686637
IntraMac->Alpha,RPS19_C5AR1,0.546769322141681,0.571047224757336,1.04821608483595,2.18240264135928e-11,0.520966242078833,5.62E-12,1.02929833807845e-10,0.062677759940173,0.93893194677749,0.876254186837317,1.28990163779274e-10,7.61668386554389e-11,0.584153516782228,1.15539048105846e-09
IntraMac->Alpha,HSP90AA1_CFTR,0.508998813504288,0.671113156968139,0.945918710192837,1.52040683286738e-07,0.0120273056173327,2.63E-09,0.000127018139365855,0.398893746978157,0.894053912774926,0.49516016579677,4.29248030780477e-07,2.01185073708098e-08,0.0208377984395393,0.000394022349186797
IntraMac->Alpha,CDH1_PTPRF,0.384912344452128,0.442339003878133,0.699475150905475,1.94934400602582e-06,0.214941353867124,2.11E-07,2.54981918654393e-05,0.200622518775184,0.861742864084183,0.661120345308999,4.47098128551975e-06,1.06145999484531e-06,0.271348023605471,9.0816011348155e-05
IntraMac->Alpha,HLA-C_DDR1,0.469860795896032,0.739540384547414,0.851706651161033,1.30793742029792e-07,1.02426860798401e-05,6.84E-08,0.0644789351697359,0.654395532907114,0.858123217162621,0.203727684255507,3.72191588057932e-07,3.84136759071603e-07,3.84709737800612e-05,0.100081359877207
IntraMac->Alpha,SPP1_CD44,0.534122646662473,0.50088335415591,0.961732024173379,2.16031334213155e-06,0.450833722924879,9.45E-06,1.35011222816657e-06,-0.092696388,0.848463902595333,0.941160290496689,4.90540478466482e-06,3.32631672640239e-05,0.517721937517835,6.41888219385205e-06
IntraMac->Alpha,LAMB1_CD44,0.427432963532858,0.461874168970505,0.767589630139236,2.95238706412637e-07,0.57066168962217,7.97E-08,1.18911349709829e-06,0.111801690631591,0.844637047275022,0.732835356643431,7.87078209036032e-07,4.38984582714969e-07,0.631076732755851,5.75612387178662e-06
IntraMac->Alpha,FBLN1_ITGB1,0.531942756380319,0.786749900274726,0.948056572235017,6.04757504511651e-07,3.60305039013053e-05,6.99E-07,0.0314451584074277,0.564634087525416,0.83370214645118,0.269068058925764,1.53417949471979e-06,3.15266249302709e-06,0.000118010021204837,0.0534356589259207
IntraMac->Alpha,LAMB1_ITGB1,0.579173544434224,0.78109240849402,1.02632515217573,2.88505655262069e-06,0.00383443124661247,7.97E-08,0.00647200016780952,0.431497534051752,0.825420256026541,0.39392272197479,6.39387206529955e-06,4.38984582714969e-07,0.00751104045955505,0.0132102445438353
IntraMac->Alpha,SPP1_ITGB1,0.721293273651004,0.810865201572514,1.24761730607429,1.17793322154707e-05,0.428701555547619,4.88E-06,3.06846490665642e-05,0.168876130015799,0.790517593897572,0.621641463881773,2.36458776096115e-05,1.83922671114007e-05,0.49565296357811,0.000107537663285171
IntraMac->Alpha,COL1A1_DDR1,0.403808028661657,0.535989499128928,0.686209791901264,9.01021774456491e-07,0.0475179103611195,5.85E-09,0.00029225212336456,0.408535140275864,0.764980116018638,0.356444975742774,2.21293604848082e-06,4.11091593819115e-08,0.0709876790276301,0.000826099335377157
IntraMac->Alpha,SPP1_ITGB5,0.465182289754718,0.46073498980618,0.761922310382427,6.59500874973671e-06,0.950311041532289,4.31E-06,9.11158834867156e-06,-0.013859007,0.711847727100717,0.72570673383803,1.38026119850895e-05,1.64421006047411e-05,0.959984989756681,3.60029397058817e-05
IntraMac->Alpha,C1QB_LRP1,0.481537128996176,0.649328706002684,0.786196143547244,0.000102328148435975,0.0156117436389785,7.91E-06,0.0194767148767273,0.431301948142049,0.707242244318488,0.27594029617644,0.000175624097260492,2.84801268225793e-05,0.0263440046364544,0.034931512472623
IntraMac->Alpha,SERPINA1_LRP1,0.521390181952612,0.51848383359827,0.843279116085036,4.23324151206761e-06,0.935433174616983,5.51E-06,3.95505255643057e-06,-0.00806441,0.693646808864941,0.701711218985744,9.14489968146518e-06,2.04598758219107e-05,0.948344816088166,1.69465917530475e-05
IntraMac->Alpha,COL6A1_CD44,0.45386649043333,0.591384517887164,0.733502002357991,2.88183838132305e-05,0.0265237492078328,1.12E-06,0.0051341801463501,0.381828498157755,0.692532926934181,0.310704428776427,5.43615539352505e-05,4.85969919002456e-06,0.0421201111015771,0.010714011723748
IntraMac->Alpha,PLA2G2A_ITGB1,0.502716995360043,0.544170460948339,0.808667364869824,1.22501256730447e-07,0.186466997960805,3.11E-08,1.24060952812112e-06,0.114312182018539,0.685799926094003,0.571487744075463,3.50734107667775e-07,1.89476966964159e-07,0.239384001786181,5.98366374266484e-06
IntraMac->Alpha,APP_TNFRSF21,0.58139329664695,0.638270418194566,0.924914989834043,1.30761566850153e-06,0.356382801558699,1.82E-07,9.84995803931285e-06,0.134653347218499,0.669806333208772,0.535152985990274,3.10051829074281e-06,9.27038662748098e-07,0.421122215979167,3.86702056358208e-05
IntraMac->Alpha,COL6A1_GP6,0.36216238651161,0.413790745523603,0.57547376662897,0.000224834093838357,0.178292987537035,5.33E-05,0.00128779293392249,0.192264660487195,0.668113443586963,0.475848783099768,0.000365438652609199,0.000159691698362543,0.230125499895595,0.00311124902554494
IntraMac->Alpha,HLA-B_CANX,1.29517211197366,2.16175922547151,2.04801163255908,7.38670416858746e-08,3.44234304849935e-07,4.95E-07,0.933025577905332,0.739062019123638,0.66108008280183,-0.077981936,2.20137944040204e-07,2.29816196788796e-06,1.96032820246654e-06,0.949395611327507
IntraMac->Alpha,B2M_TFRC,0.575108696462608,0.781972623866151,0.903885087695239,8.03411793581227e-06,0.00383443124661247,1.00E-07,0.0288881893307936,0.443283446846318,0.652304717844942,0.209021270998623,1.656182366967e-05,5.4014054281599e-07,0.00751104045955505,0.0495711975860271
IntraMac->Alpha,VIM_CD44,0.564033727248483,0.777926267302186,0.881952516534909,0.000176102880347991,0.0028362917284155,5.62E-05,0.0928064074922973,0.463851987450628,0.644919550322734,0.181067562872106,0.000291153432805045,0.000167413208925548,0.00574650939241089,0.137434222747761
IntraMac->Alpha,GNAI2_C5AR1,0.350075303517769,0.395432691264854,0.547301571001693,0.000104202265111737,0.318735909279203,3.36E-06,0.00144718617925143,0.175766857500189,0.64467070754604,0.468903850045851,0.000178639803251478,1.30553248607951e-05,0.382142230645169,0.00345871193442413
IntraMac->Alpha,UBA52_ERBB2,0.434785139745853,0.480444717452286,0.67818924577942,3.40857490223873e-06,0.229091532896955,5.31E-07,3.18357813145796e-05,0.144067803778851,0.641385273948547,0.497317470169696,7.45665729082618e-06,2.45264926559667e-06,0.286610222486963,0.00011118089408551
IntraMac->Alpha,CALM2_GP6,0.349058655589382,0.419414622864215,0.536252780541751,0.000850776012124053,0.0633079890720522,0.000162678,0.0144639710113261,0.264907674747022,0.619443735411736,0.354536060664714,0.00127220882351606,0.000436302444631461,0.0915703088950384,0.0268497356405274
IntraMac->Alpha,OXT_AVPR1A,0.324288906539492,0.259288835404848,0.494964959606586,1.9072013115169e-07,0.00696965463361382,0.000121026,2.70133850351232e-07,-0.322719584,0.610046721474807,0.932766305253634,5.27904268066162e-07,0.000334595700694714,0.012760144930785,1.51249012969765e-06
IntraMac->Alpha,HGF_CD44,0.382026837213745,0.372691560271997,0.579852654689951,5.8397622979434e-05,0.649175330674308,0.000154922,2.64636913455278e-05,-0.035691841,0.602012354393011,0.63770419568471,0.00010433499849687,0.000417706269447296,0.703556115316596,9.40393572842221e-05
IntraMac->Alpha,NID1_ITGB1,0.563618155305699,0.750060163106299,0.851299156233188,0.000324785139126103,0.0010932195435667,0.000456289,0.17073918093565,0.412288235099058,0.594948115053497,0.18265987995444,0.000514449953772846,0.00110926820821437,0.00244486979198997,0.234213982318786
IntraMac->Alpha,LRFN5_PTPRF,0.356488139010942,0.343176252640468,0.537780393727319,0.00118124787922751,0.549682904201664,0.003065514,0.000378206997615815,-0.054904353,0.593163080905121,0.64806743357522,0.0017276074345303,0.00626914790135912,0.610728103872594,0.00104138730593138
IntraMac->Alpha,CALR_LRP1,0.479237368062035,0.551443988017674,0.722418733489513,0.000293980356018836,0.275478337533529,4.08E-05,0.00162459062457746,0.202473948338282,0.592094898474558,0.389620950136276,0.000468680355656076,0.000125353074341904,0.336916472074572,0.00383359001924072
IntraMac->Alpha,HSD17B12_AR,0.307741512236609,0.29693175206627,0.463245702722306,4.03747193616298e-05,0.264653490941362,9.90E-05,3.42622790187866e-05,-0.051587692,0.590058525100407,0.641646216913919,7.42107009715915e-05,0.00027987779874687,0.325684401517286,0.000118589439216045
IntraMac->Alpha,C5AR1_RPS19,0.622303890355622,0.633215967672929,0.936458823148063,1.68987313096921e-05,0.832204538199836,1.89E-05,1.50470476906341e-05,0.0250783707145975,0.58959629330281,0.564517922588213,3.29841736046888e-05,6.21567566352892e-05,0.861672098160514,5.6710650851812e-05
IntraMac->Alpha,CPAMD8_SCTR,0.313151518167192,0.291770331190714,0.470996361060336,3.26853688910449e-05,0.226688223393495,0.000115133,2.54981918654393e-05,-0.102027683,0.588855038823611,0.690882722110078,6.10510855057402e-05,0.000319629898627115,0.284022531607055,9.0816011348155e-05
IntraMac->Alpha,SLITRK6_PTPRS,0.328435036044177,0.263647689428112,0.492322085095966,5.79692583689934e-08,0.0533839903876714,0.000115133,6.68398773433103e-09,-0.316996682,0.583994421618021,0.900991103203546,1.76653787019265e-07,0.000319629898627115,0.0787048936836097,5.14000309858532e-08
IntraMac->Alpha,GNAS_GCGR,0.647035470299582,0.653375167126371,0.969357786969022,8.45423374486165e-06,0.812810792051619,5.19E-06,1.24236335954433e-05,0.0140668206739966,0.583184454967972,0.569117634293975,1.73741115602709e-05,1.94164553767359e-05,0.846194092439453,4.76903926659649e-05
IntraMac->Alpha,COL6A1_ITGB1,0.646881262582141,0.985610788986869,0.968245367207876,2.97463961358074e-05,0.000136873716649296,2.23E-05,0.556349975280549,0.607517123236056,0.581871768048868,-0.025645355,5.59536969459188e-05,7.2383129857579e-05,0.000382606541475767,0.628284814699389
IntraMac->Alpha,LAMB1_ITGB8,0.386658426043806,0.363611851931667,0.571509601404303,2.46028616396511e-05,0.558028662877352,0.000147509,7.79040481984981e-06,-0.088660427,0.563718082283104,0.65237850962868,4.68358149744215e-05,0.000400105835041886,0.619087936170307,3.12958209128161e-05
IntraMac->Alpha,GNAI2_ADRA2A,0.369330565332242,0.420660653041456,0.545134828434295,0.000163286312779399,0.421466999121979,7.91E-06,0.00132604624720437,0.187744216759358,0.561700432047613,0.373956215288255,0.000271406757948367,2.84801268225793e-05,0.488887622202338,0.00319786954341323
IntraMac->Alpha,PECAM1_PECAM1,0.368789795553138,0.350924727540564,0.543851842578721,0.000537437914362671,0.48911969892173,0.00118196,0.000232412407086175,-0.071637127,0.560414944485158,0.632052071798493,0.000826173511070369,0.00265159329249753,0.554712285901751,0.000675161299688521
IntraMac->Alpha,CD99_CD99,0.907357137912584,1.09051159482103,1.33351186571284,0.00044154825691897,0.00902652079506003,0.000363541,0.0212977950071642,0.26526269336606,0.555488245848161,0.2902255524821,0.000687376859235673,0.000903574074769128,0.0160900794909841,0.0378699641301616
IntraMac->Alpha,CALM1_SCTR,0.365489262042967,0.393365575200566,0.536710637947848,0.000160815891289319,0.496981756889345,1.69E-05,0.000707222232696267,0.106041686680372,0.554315461389025,0.448273774708654,0.000267538903860669,5.61672755136576e-05,0.562056962689599,0.00182944231463971
IntraMac->Alpha,COL1A1_CD44,0.395262358050478,0.438370834627387,0.577223920656934,0.000344641726167164,0.783937687224097,0.000109507,0.000502900752282436,0.149341247004891,0.546320516663519,0.396979269658629,0.000544054496816264,0.000305466656592127,0.820899275530576,0.00134800523485361
IntraMac->Alpha,VCAN_CD44,0.39852793430336,0.38030939696264,0.581472276334132,4.12106282955073e-05,0.53317818346697,0.000127197,1.96200496125035e-05,-0.067507265,0.545029555198082,0.612536820066572,7.56569062665798e-05,0.000349895871749322,0.595627077291005,7.16585053975852e-05
IntraMac->Alpha,ALB_B2M,0.942078197815959,1.48155888660437,1.37438849997597,4.47960835866719e-07,2.55603179233981e-07,7.67E-05,0.596497149330572,0.653197247023387,0.544871147822427,-0.108326099,1.15878499083881e-06,0.000222199275937228,1.51767438312831e-06,0.665326486781726
IntraMac->Alpha,TGFB1_ENG,0.363088946919464,0.419659071073976,0.527820888317613,0.0021937055999118,0.128381626948877,0.000456289,0.0151521663781363,0.208894752381662,0.539725432104785,0.330830679723123,0.00307805141937083,0.00110926820821437,0.172060893129185,0.0279713849149525
IntraMac->Alpha,MMP7_CD44,0.494283336454481,0.410859652111802,0.715987580979091,1.95488409624496e-06,0.045462540952338,0.000316574,8.09438406073473e-07,-0.26669261,0.534596292434579,0.801288902583062,4.47928244897396e-06,0.000796602190109168,0.0682847446060486,4.11020220569045e-06
IntraMac->Alpha,CALM2_INSR,0.419309003091772,0.523885758947734,0.606926124570407,0.0116016487970928,0.0590017444685617,0.002166093,0.198515056714573,0.321238437348004,0.533507113361947,0.212268676013944,0.014575108414718,0.00458170450480674,0.086197066938566,0.266361974832212
IntraMac->Alpha,ARF1_INSR,0.485292219073164,0.528969529919841,0.701296533948674,0.000311384421275898,0.0778081137533128,0.000179281,0.00187444994072733,0.124330892484128,0.531170867958035,0.406839975473908,0.000494314819887947,0.000475905886912892,0.110135673003172,0.00433975404495024
IntraMac->Alpha,SPP1_ITGA4,0.381369173957246,0.335875462697916,0.550599334488218,6.20784355004796e-05,0.12528125188458,0.000880435,2.95731427651784e-05,-0.183261831,0.529814629552632,0.713076460788937,0.000110424799074842,0.00202983241334177,0.168341042578416,0.00010392703994518
IntraMac->Alpha,HLA-B_LILRB2,0.798168383408017,0.893041927171918,1.14651087665366,0.000185037762822677,0.194914648801156,2.23E-05,0.00162459062457746,0.162034776658739,0.522485003032739,0.360450226,0.000304898825580274,7.2383129857579e-05,0.248961227443131,0.00383359001924072
IntraMac->Alpha,IGFBP4_LRP6,0.385869819453289,0.559283243161178,0.554019339430153,0.000248322449808525,0.000114612798075678,0.002531341,0.979886151019647,0.535464895953691,0.521822128020222,-0.013642768,0.00040082225502923,0.00527886122941996,0.000326944397691109,0.985698049898767
IntraMac->Alpha,APP_LRP1,0.445415594731863,0.421985855614197,0.639220560282237,3.59853074121496e-06,0.604999578909412,1.19E-05,2.13941231155254e-06,-0.077957427,0.521161741624559,0.599119168990366,7.84644571155988e-06,4.0953691052945e-05,0.663621363131114,9.74911482274651e-06
IntraMac->Alpha,LAMC1_CD44,0.418390351320542,0.405920612410547,0.59525074096136,0.00263887775234175,0.764850258855267,0.002951208,0.00117905991687372,-0.04365198,0.508647928963633,0.552299909113214,0.0036575708282086,0.0060582900350924,0.805341823524318,0.00288063669580882
IntraMac->Alpha,TGFB1_ITGB8,0.364733462891732,0.369878063146538,0.518822756084035,0.000600066932903502,0.990056033412335,0.000398331,0.000457606086431093,0.0202071716331597,0.508399190382601,0.488192018749441,0.000916108731607835,0.000983491028560559,0.992076772979939,0.00123833756142421
IntraMac->Alpha,VCAN_ITGB1,0.54827079255075,0.608823300281949,0.776318470335508,0.00048118374408871,0.155372303066677,0.000170793,0.0020992431370591,0.151134952514257,0.501759991585536,0.350625039071278,0.000744976259727716,0.000455707898910244,0.203412328842943,0.00480887524127879
IntraMac->Alpha,TIMP1_CD63,0.848027599600391,1.19548868568805,1.20073020969453,4.04752917380858e-05,7.39179365448091e-05,0.000121026,0.620015092649449,0.495417351606344,0.501728905830266,0.00631155422392143,7.4380126346112e-05,0.000334595700694714,0.000222708821734489,0.686061777489212
IntraMac->Alpha,SST_SSTR3,1.27361589987549,1.25655127886467,1.79925500198522,0.00364193274863381,0.930478634100128,0.004782501,0.00128779293392249,-0.019460704,0.498469416991167,0.517930121084719,0.00493491410215808,0.00933874113582382,0.944245506841383,0.00311124902554494
IntraMac->Alpha,GNAS_ADCY7,0.59180327071812,0.64112593975302,0.827716271695938,0.000434539674979432,0.529091507656148,0.000109507,0.000901681955746287,0.115490110803806,0.484018648384762,0.368528537580956,0.000677257491764101,0.000305466656592127,0.591699506464038,0.00226525431812587
IntraMac->Alpha,TGFB1_SDC2,0.432365058928938,0.518695775700215,0.602486358868187,0.00501820522992373,0.0678707266561337,0.0009187,0.0734496393749329,0.262638681681028,0.478678638052207,0.216039956371179,0.00664817758624181,0.00210659548520266,0.0974296919434311,0.111622391021403
IntraMac->Alpha,TGFB1_ACVR1B,0.36442986779683,0.375768242517151,0.507766483964649,0.00323529433024121,0.95527444033002,0.001133793,0.00309475434530216,0.0442019408015021,0.47852396553628,0.434322024734778,0.00441275413254715,0.00255028145414455,0.964267934141156,0.00681167261278399
IntraMac->Alpha,COL1A1_GP6,0.314623313346126,0.30151135701845,0.438294219539707,0.00010072303799967,0.366215683565173,0.000456289,4.11201914687836e-05,-0.061413232,0.478274073344619,0.539687305359454,0.000173156007825455,0.00110926820821437,0.431429640855763,0.000139988739423654
IntraMac->Alpha,GCG_GIPR,2.40691350222527,2.50363851934132,3.33854852538228,0.00098193914488999,0.653665027878875,0.000416851,0.00111135330066627,0.0568419816042385,0.472036713308609,0.41519473170437,0.00145297086667732,0.00102487767151998,0.707435593462599,0.00273672217228484
IntraMac->Alpha,COL1A2_GP6,0.402865374328202,0.403790940500339,0.556324583552534,0.00848007271755678,0.930478634100128,0.006140777,0.00427235664738817,0.00331072920325954,0.465629044238649,0.462318315035389,0.0108838671959296,0.011711545235102,0.944245506841383,0.00908423588029106
IntraMac->Alpha,LAMB1_SV2C,0.361607685709638,0.327380668993247,0.497295391911784,9.08957701733422e-06,0.0865847508405638,0.000162678,6.65356576988958e-06,-0.143456204,0.459677720151301,0.603133924445935,1.85693329867923e-05,0.000436302444631461,0.121380005386351,2.71260758310883e-05
IntraMac->Alpha,COL1A2_CD44,0.517919352422726,0.586822999439033,0.712035632124815,0.0128748254631969,0.372864038129371,0.004133015,0.0194767148767273,0.180197948752574,0.459221971674897,0.279024022922323,0.0160836175064552,0.00820125663823478,0.438376071044968,0.034931512472623
IntraMac->Alpha,PLA2G2A_ITGA4,0.279534961315152,0.240072705986693,0.383367966171855,0.000175454102001588,0.101230836884538,0.003432692,7.0368747436047e-05,-0.219557339,0.455701058959021,0.675258397693745,0.000290235123864304,0.00696392958152455,0.139356736490403,0.000230963995806983
IntraMac->Alpha,B2M_LILRB2,0.678221959417195,0.766824043918835,0.928289225759507,0.00208041626889038,0.162749883078554,0.00021729,0.0190432782489805,0.17713807687047,0.452816876684036,0.275678799813567,0.00292922610659766,0.00056664222189019,0.212211639644857,0.0342595370311457
IntraMac->Alpha,COL1A2_ITGB1,0.691524623932656,0.963661406530593,0.944141551574995,0.00217157485371239,0.00250832899391698,0.00208256,0.807453461960571,0.478745703443358,0.449222549026737,-0.029523154,0.00304929252377378,0.00441603095568639,0.00514009069755219,0.847079875243703
IntraMac->Alpha,THBS4_ITGB1,0.521261337776662,0.597112450452123,0.708865370031641,0.0178247407837891,0.159028720494669,0.003838851,0.0834162045515038,0.1959957919923,0.443504793048555,0.247509001056255,0.021867172382127,0.00767770197044404,0.207936628087227,0.124997004988984
IntraMac->Alpha,PKM_CD44,0.474547941333803,0.507812231559057,0.643087127481357,0.0058892666898303,0.930478634100128,0.001451928,0.00647200016780952,0.09774130181113,0.438460367628384,0.340719065817254,0.00772753969373147,0.00320330695398111,0.944245506841383,0.0132102445438353
IntraMac->Alpha,GNAS_ADORA1,0.594845450907625,0.631268843568722,0.804504296647221,0.00845207248836596,0.837069471231191,0.00284075,0.00772106398415927,0.0857396632054991,0.435585240455594,0.349845577250095,0.0108551469326005,0.00586509865028349,0.866324645250699,0.01535652128875
IntraMac->Alpha,GSTP1_TRAF2,0.349003143486183,0.410410989950444,0.471322075407202,0.0149394209170526,0.0924647690600437,0.003983503,0.108462733994247,0.233829332299171,0.433473222752694,0.199643890453523,0.0185066292582028,0.00794316386629168,0.128771478917899,0.157616510780236
IntraMac->Alpha,COL1A1_ITGB1,0.56083328212823,0.727060276244558,0.75247357998748,0.00170318272956401,0.0150850339594065,0.000477268,0.11412299910194,0.374503006501667,0.424068960527208,0.0495659540255413,0.00242739320112652,0.00115575159232443,0.0255192594801131,0.164763865597105
IntraMac->Alpha,CALM2_CACNA1C,0.381152111807589,0.487539637966612,0.510946521950456,0.0142144327011071,0.00555301515873716,0.034808485,0.813969175904971,0.355152647336691,0.422805429385052,0.0676527820483607,0.0176554232005229,0.0559045369438916,0.0104222385112073,0.852538117318838
IntraMac->Alpha,EFNB3_EPHB4,0.314451051870413,0.299680115014718,0.420883061386958,0.00190084364174292,0.583429352967046,0.005521534,0.000502900752282436,-0.069412103,0.420583986271051,0.489996089213827,0.00269060235055812,0.01065250561703,0.643061444461374,0.00134800523485361
IntraMac->Alpha,A2M_LRP1,0.428472434398673,0.492851179125013,0.570690787696108,0.00710852888595382,0.662681994057408,0.000880435,0.0148045450528433,0.201949684975287,0.4135068817215,0.211557196746213,0.00922819772063895,0.00202983241334177,0.716031233704101,0.0273947225258724
IntraMac->Alpha,SORBS1_ITGB5,0.327495764462534,0.324763526091627,0.435169185912049,0.00249924399584987,0.481325127101308,0.002734026,0.00140571684095931,-0.012086634,0.410100154438984,0.422186788845437,0.00347746837608705,0.00565978558536248,0.547136337509262,0.00337022905277505
IntraMac->Alpha,CALM1_GP6,0.36489019252979,0.357327629938509,0.484444296371298,0.00143795572661266,0.920577822367047,0.000710047,0.00121432419200573,-0.030214902,0.408868411626167,0.439083313487275,0.00207378649008085,0.00166792238328401,0.936848126449903,0.0029551829019122
IntraMac->Alpha,GNAI2_CNR1,0.363378827380203,0.378508748752406,0.482323602102597,0.000801955816198902,0.685436944910161,0.00021729,0.00125056047687447,0.0588522845191276,0.408527045929754,0.349674761410627,0.00120422470275328,0.00056664222189019,0.736038502545087,0.00303308063657959
IntraMac->Alpha,GNAI2_ADCY7,0.339089058399139,0.404267346089419,0.449971588672859,0.0856669526658229,0.264653490941362,0.021883562,0.20444606613199,0.253645443974537,0.408169678354506,0.154524234379969,0.0962888702815756,0.0366480905956094,0.325684401517286,0.273415470233577
IntraMac->Alpha,CELA3B_CHRM3,1.07357839410813,1.25140924484022,1.42232008197117,0.0058947914162572,0.0269511576036869,0.00200195,0.160483268481407,0.221126124435712,0.405818625826029,0.184692501390318,0.00773261346236073,0.00426156671731138,0.0427115864979939,0.22151345492669
IntraMac->Alpha,COL6A1_ITGB8,0.421504259360822,0.472403126886343,0.558349601048731,0.00756209467737013,0.309746651312041,0.000679826,0.0363878895545679,0.164471303868475,0.405621513065548,0.241150209197073,0.00977132832116756,0.00160055956948842,0.372670806583093,0.0607963879213701
IntraMac->Alpha,GCG_GCGR,1.55867337770847,1.41255403343563,2.04952770903188,4.26475714097776e-05,0.713122684495988,0.000170793,1.44833688640086e-05,-0.142012586,0.394972853863666,0.536985439632134,7.80644713717436e-05,0.000455707898910244,0.760490271061916,5.48521578414423e-05
IntraMac->Alpha,CDH1_ITGB1,0.604026754230873,0.712047154942792,0.793592212677796,0.0178619022882925,0.0767638650576323,0.004782501,0.163002515830406,0.237360333268718,0.393785415984131,0.156425082715413,0.021905840723796,0.00933874113582382,0.108855781887746,0.224691512881044
IntraMac->Alpha,LAMC1_ITGB1,0.573405931895951,0.652616622125024,0.752482441335172,0.00418769923716866,0.022561924932122,0.002734026,0.0748107811070781,0.1866789036251,0.392101087996011,0.205422184370911,0.00561651451967064,0.00565978558536248,0.0365187637978195,0.113395347118431
IntraMac->Alpha,SPP1_ITGAV,0.441088182204475,0.448112419789156,0.578820261181208,0.0765842443806708,0.549682904201664,0.065823284,0.0341938802194543,0.0227936046882625,0.39204831472726,0.369254710038997,0.0864864202884864,0.0981457155406701,0.610728103872594,0.0576156999073464
IntraMac->Alpha,CALM3_GP6,0.317224342133855,0.352225728333464,0.416147017606028,0.0088230658510916,0.166536349079618,0.0023423,0.0341938802194543,0.150996814098774,0.391589816610662,0.240593002511889,0.0112900684122816,0.00492315792449942,0.216629628254731,0.0576156999073464
IntraMac->Alpha,COL4A1_CD44,0.46307415884869,0.561970172045972,0.605521810515401,0.0391654453918033,0.0900753882540117,0.012893177,0.256574860470421,0.279250305451154,0.386935673213566,0.107685367762411,0.0458791001651063,0.0228341657165138,0.125725455878112,0.33116511671068
IntraMac->Alpha,MIF_CD44,0.521365335527201,0.529941806134492,0.680553135614626,0.0509084710403459,0.694620885034544,0.036804801,0.0232654210173515,0.0235392790485986,0.384413142587432,0.360873863538833,0.0587279517517124,0.0586562764712763,0.744846949718615,0.0409008381548916
IntraMac->Alpha,HLA-E_KIR3DL1,0.61173290708229,0.650946388845408,0.798463586956202,0.00715955184027532,0.783937687224097,0.001639658,0.00895920576066378,0.0896368441552341,0.384324730708897,0.294687886553663,0.00928333327301754,0.00356064770055855,0.820899275530576,0.0175459734065656
IntraMac->Alpha,APP_FPR2,0.431879800541727,0.367129007468964,0.563581448781716,7.84128232558342e-05,0.113459979291248,0.003563577,1.81936075010212e-05,-0.234342733,0.383994281142035,0.618337013700986,0.00013725554800721,0.00719503256652193,0.154211669361615,6.7158674621894e-05
IntraMac->Alpha,AGRN_PTPRS,0.311510214264505,0.275184556524448,0.405309471399196,0.00661318825028839,0.188553107107033,0.049580176,0.00182181853557909,-0.178879961,0.379744418782864,0.558624379800726,0.0086204332027236,0.0765701784940233,0.241762664342873,0.00423366300445484
IntraMac->Alpha,CALM2_SELL,0.343639807650971,0.399925907333847,0.446343566213238,0.0617016498690925,0.139704179072315,0.015607038,0.309215487529865,0.21883557215544,0.377257459796091,0.158421887640651,0.0703438022462595,0.027064965723682,0.185153986375467,0.38581622093079
IntraMac->Alpha,HLA-A_ERBB2,0.468643834119777,0.483546897178349,0.6075567176794,0.0129129152395258,0.727111363854234,0.006360482,0.00895920576066378,0.045163915801299,0.374527193738215,0.329363277936916,0.0161290403527446,0.0121008729945737,0.772581706576181,0.0175459734065656
IntraMac->Alpha,GNAI2_IGF1R,0.472162063750331,0.505629634627242,0.611320125392071,0.00392717524299688,0.760100135004156,0.001337853,0.00405145786985008,0.0987988895156127,0.372645930738593,0.27384704122298,0.00529068322742272,0.00296989268413785,0.80142580075944,0.00865399565146819
IntraMac->Alpha,BGN_TLR1,0.396512931384269,0.414733029422678,0.512498880656273,0.0279961500403144,0.485213937812814,0.006587133,0.0411373492456598,0.0648150312102091,0.370180935846886,0.305365904636677,0.0333735575177064,0.0125014810967598,0.550952600355195,0.0678926386701193
IntraMac->Alpha,ALOX5AP_ALOX5,0.325525085822972,0.305729708530206,0.420648303398297,0.0759058085797163,0.312724279024851,0.157302096,0.0282776477053012,-0.090511976,0.369845798898715,0.460357774809192,0.085751408796366,0.211917092592409,0.37581706708887,0.048639848385589
IntraMac->Alpha,LAMB1_ITGAV,0.357857854219861,0.4148626218034,0.460004814494852,0.0246236613481975,0.203639678169205,0.001924171,0.187032327955542,0.213247034812371,0.362262315770447,0.149015280958076,0.0295953502198153,0.00411654709888498,0.258794402992145,0.253176252382716
IntraMac->Alpha,GNAS_CRHR1,0.69695718457973,0.697445476742968,0.893675895849376,0.000341365742199617,0.910689306157787,0.000288442,0.000240193066352658,0.00101040643385461,0.358681680844323,0.357671274410469,0.000539248034417956,0.000731933818676324,0.928506924017907,0.000695166280774928
IntraMac->Alpha,CDH1_CDH1,0.456390602258229,0.473708237624575,0.58306508378513,0.0655049063396366,0.970174277433016,0.025387098,0.0428329530958549,0.0537296752387103,0.353387845688755,0.299658170450045,0.0744704163724716,0.0420697903812918,0.975507778365331,0.0703178082502876
IntraMac->Alpha,HLA-C_LILRB2,0.445336327152101,0.467555707212179,0.568621762578063,0.0628485989510139,0.667208981425545,0.026142476,0.0454869200263217,0.0702429651997763,0.35257401424489,0.282331049045113,0.0715464646100876,0.0432140732017532,0.720421967674208,0.0739459724652368
IntraMac->Alpha,PDGFB_LRP1,0.31314472476887,0.267704283708115,0.399658191484792,0.000137249825137929,0.00838960282378548,0.043379219,0.000106980377832393,-0.22618935,0.351937082815814,0.578126432910134,0.000230969938460509,0.06796126171018,0.0150815600578668,0.000337246692943753
IntraMac->Alpha,SORBS1_INSR,0.35547249950013,0.294364912868015,0.453265937154562,1.28279886188408e-05,0.00750946644196939,0.00838423,9.47390359243388e-06,-0.272132234,0.350619793558134,0.622752027225935,2.55355266403217e-05,0.0155855118253643,0.0136413442980897,3.72880053629634e-05
IntraMac->Alpha,LGALS3BP_ITGB1,0.635574949443335,0.721526825186894,0.809953759152293,0.0144427885382973,0.0598429785628213,0.005721479,0.124070583849741,0.182990769072517,0.349777281941161,0.166786512868644,0.0179247380901061,0.0109927814791734,0.0872240454513245,0.177722728217196
IntraMac->Alpha,COL4A1_GP6,0.368793990340111,0.382983787440338,0.468578668193511,0.119043188778125,0.649175330674308,0.062584614,0.0707881133398131,0.054468174182439,0.345476130291967,0.291007956109528,0.131568111957625,0.0938266276248637,0.703556115316596,0.108283293085237
IntraMac->Alpha,HLA-DPA1_CD4,0.360815248402008,0.535617325391693,0.458367787462985,0.00114361758652164,0.000242149252277136,0.070935546,0.20146464427604,0.569942316798815,0.34524534950882,-0.224696967,0.00167862546767488,0.104803658710135,0.000637170162268299,0.269815104351313
IntraMac->Alpha,TGFB1_TGFBR3,0.364978918925284,0.378071312884917,0.462499322389664,0.00796645272973079,0.965206250638089,0.003983503,0.00526936570879675,0.0508452484546432,0.341638114337444,0.290792865882801,0.0102667962231181,0.00794316386629168,0.97166457003584,0.0109617848643301
IntraMac->Alpha,GNAI2_ADORA1,0.345684532002496,0.396696946540033,0.436599375835242,0.262129058743463,0.622508804111013,0.086150549,0.253068583274601,0.198581242038645,0.336854016753771,0.138272774715125,0.27861666590235,0.124167540979497,0.679789525257261,0.327137436915948
IntraMac->Alpha,APP_SORL1,0.646912766013542,0.629236065625237,0.814376972085771,0.00699435753812499,0.658167295715276,0.01768027,0.00157845443078385,-0.039969819,0.33212558402649,0.372095403386145,0.00908808568263406,0.0302719452583062,0.711730180203118,0.00373416762118989
IntraMac->Alpha,VCAN_SELL,0.312719274933945,0.255742989961131,0.392239392725394,0.000946407569949905,0.0273844989216398,0.059477138,0.000502900752282436,-0.290173448,0.326866287453585,0.617039735614451,0.00140462845067505,0.0897584915149517,0.0433247296372212,0.00134800523485361
IntraMac->Alpha,GPI_AMFR,0.34458002910921,0.392148833604257,0.431473795160039,0.0895181620527616,0.146510764902915,0.041086761,0.24959582255295,0.186562219375893,0.324433852116278,0.137871632740385,0.100484406212775,0.0648153125884449,0.193139120267721,0.323365254551933
IntraMac->Alpha,CD14_ITGB1,0.740120692507498,0.948324490058788,0.923470220584063,0.0549692916262929,0.0233103765331022,0.080165678,0.686664085448659,0.357620240768843,0.319304886352753,-0.038315354,0.0630693176248537,0.116586443189764,0.0375932213521399,0.745831694115637
IntraMac->Alpha,CALR_ITGAV,0.490937269189072,0.637592444355678,0.611149090198391,0.0197218684653723,0.0120273056173327,0.021235028,0.979886151019647,0.377095840290718,0.315985676615473,-0.061110164,0.0240163954366831,0.0357352231826711,0.0208377984395393,0.985698049898767
IntraMac->Alpha,GNAS_ADRB3,0.625133131340386,0.602691099918445,0.777734096964474,0.00204084097323638,0.750627143918913,0.002951208,0.000751801507624737,-0.052744705,0.315113523783744,0.367858229094663,0.00287784801184413,0.0060582900350924,0.793141141648802,0.00192500808759911
IntraMac->Alpha,UBA52_FSHR,0.466503895808726,0.482844118850957,0.57876842935707,0.124179066233534,0.541399138875588,0.05090447,0.103026945276811,0.0496683760108672,0.311097098149297,0.26142872213843,0.137033281654609,0.0783429949998792,0.603149548242145,0.150821617316713
IntraMac->Alpha,CALM1_INSR,0.435995200894381,0.430470226065399,0.538671901519809,0.0199098937344223,0.722438085368702,0.012483384,0.0108847927866903,-0.018398799,0.305094556916722,0.323493356343379,0.024223227958092,0.0221800012732637,0.768648504750886,0.0208530185077525
IntraMac->Alpha,PYY_FAP,0.449565313359111,0.44102876993246,0.553429141175302,0.0848368424150154,0.579158692744562,0.067492997,0.0387007495546757,-0.027657956,0.299867884061819,0.327525840171108,0.0953788195790363,0.100330625727681,0.638807175821364,0.0642442055864942
IntraMac->Alpha,VEGFA_ITGB1,0.644682161491281,0.877720252159325,0.793144712968934,0.00306229071343873,0.000800532398261827,0.053640778,0.325482427004241,0.445173130956063,0.298996051672018,-0.146177079,0.00419950717067869,0.0820533249201643,0.00184973153603823,0.40281702537302
IntraMac->Alpha,ARF1_PLD2,0.396143016233632,0.39832431304074,0.486078986365437,0.119232422605111,0.871288470042623,0.057971423,0.0669445708729144,0.0079221734364451,0.295169397195622,0.287247223759177,0.131746036254498,0.0877283316112395,0.895184364859301,0.103335918765935
IntraMac->Alpha,SST_SSTR5,1.09456034842131,1.00950098436726,1.33895674570613,0.0219434222633492,0.783937687224097,0.037838493,0.00526936570879675,-0.116709182,0.29075785618213,0.407467038112302,0.026551854050139,0.0601597855448907,0.820899275530576,0.0109617848643301
IntraMac->Alpha,COL4A1_ITGB1,0.653670752258926,0.928924653549037,0.799519143010638,0.00650067859983997,0.00191345853590584,0.067492997,0.333820919229387,0.506997434673762,0.29056842948764,-0.216429005,0.00848088531179122,0.100330625727681,0.00403088103498864,0.411508065887634
IntraMac->Alpha,SRD5A1_AR,0.324322699747849,0.23897615974726,0.396374456433374,7.68836560830943e-06,0.000194151120684646,0.116302308,4.11201914687836e-05,-0.4405633,0.289433989745267,0.729997289317552,1.58947416654057e-05,0.1623324748551,0.000523271208825882,0.000139988739423654
IntraMac->Alpha,TNFSF4_TRAF2,0.292960916231607,0.266940975913962,0.358008095033366,0.019848814482798,0.400197551478823,0.056497102,0.0051341801463501,-0.134187429,0.289283999928159,0.423471428983834,0.0241552174162478,0.0857755474137625,0.466980580459652,0.010714011723748
IntraMac->Alpha,GNAI2_UNC5B,0.367871169750222,0.437937649992757,0.446374999496664,0.106836472091126,0.12528125188458,0.035794938,0.556349975280549,0.251524868611112,0.279055610494309,0.0275307418831967,0.118752456108916,0.057262856152771,0.168341042578416,0.628284814699389
IntraMac->Alpha,CDH1_LRP5,0.355204216120306,0.376043772687892,0.430023623184642,0.099569541815207,0.537280759895134,0.023231746,0.130356257309395,0.0822518997760312,0.27576720923457,0.193515309458539,0.111178439795577,0.0387458828431083,0.599492216304044,0.185432586350695
IntraMac->Alpha,TGFB1_ITGAV,0.342641120081324,0.41998840379575,0.413779708900889,0.080043907242105,0.0736994949152966,0.031088571,0.800951079317165,0.293651195274617,0.272164600270622,-0.021486595,0.0901750684485936,0.050388778970277,0.105021217318956,0.84145418041114
IntraMac->Alpha,HGF_SDC2,0.397542078679171,0.41157861387645,0.479740791659373,0.0306003764303758,0.803156010929258,0.027710834,0.0116967260085579,0.0500604462965407,0.271147540810505,0.221087094513965,0.0363155612395096,0.0455229234145556,0.837451293309649,0.0222033089556019
IntraMac->Alpha,VEGFB_TYRO3,0.402986755733472,0.348880324099833,0.484563392079745,0.00712220867751751,0.0557343799781345,0.080165678,0.00462422598390695,-0.208000189,0.265952990228529,0.473953178895658,0.00924213771436311,0.116586443189764,0.0818338259776545,0.00974797287635798
IntraMac->Alpha,CALM3_INSR,0.386357266082754,0.440430094890578,0.464238186461209,0.191219596417406,0.264653490941362,0.070935546,0.373030386741242,0.18897752169657,0.264929667066703,0.075952145370133,0.206446342058051,0.104803658710135,0.325684401517286,0.452172795151303
IntraMac->Alpha,COL1A1_CD36,0.344066708760549,0.35363776491169,0.411536509969172,0.0810419936271212,0.410750509463826,0.121591241,0.0301433813396125,0.0395840415767466,0.258332119704221,0.218748078127475,0.0912443834102337,0.168780222386513,0.477747952358785,0.0514317653440471
IntraMac->Alpha,THBS4_CD36,0.325489148470197,0.293438745474257,0.387477541954239,0.0268210776877762,0.110646444337423,0.138574032,0.0141303249493961,-0.149550069,0.251503248090409,0.401053317412073,0.032046498356805,0.189282116460546,0.150871222449858,0.0263089163928077
IntraMac->Alpha,ANGPT4_TIE1,0.350976693358397,0.305861892958072,0.417693303771241,0.00357300384650319,0.0533839903876714,0.096911251,0.00148978050792821,-0.198494857,0.251068783132567,0.449563639840549,0.00484714657943306,0.137929226808419,0.0787048936836097,0.00354972542221206
IntraMac->Alpha,SST_SSTR4,1.33117968517237,1.24525614043085,1.58298352096453,0.0322510697466956,0.871288470042623,0.031985477,0.0111496920285385,-0.096262797,0.249940914642406,0.346203711647727,0.0381435246097599,0.0516820597816495,0.895184364859301,0.0212905480536759
IntraMac->Alpha,EFNA1_EPHA2,0.325444684176624,0.248106713415728,0.386845208302561,6.2770549001873e-06,0.00203791099947608,0.027710834,5.90698286481979e-06,-0.391451575,0.249344053772225,0.640795628745106,1.31904411148788e-05,0.0455229234145556,0.00426511864552678,2.43698965780801e-05
IntraMac->Alpha,PODXL_SELL,0.314962927776403,0.286283263163693,0.37358249717425,0.012357197968868,0.12528125188458,0.088222832,0.00487317171614292,-0.137738699,0.246244835353557,0.383983534076146,0.0154742841527186,0.126879829868992,0.168341042578416,0.0102219351851093
IntraMac->Alpha,OMG_RTN4R,0.336508912795562,0.28727825349787,0.3987518689446,0.00107447576873201,0.0214784269907884,0.065823284,0.000729195477000858,-0.228195929,0.244846563465858,0.473042492073964,0.00158261644887608,0.0981457155406701,0.0349652298377093,0.00187639597502455
IntraMac->Alpha,GZMB_IGF2R,0.350318424015578,0.328259063103359,0.414096326010231,0.203067495621636,0.525020828915126,0.229042357,0.0804627856400735,-0.09383202,0.241299537459765,0.335131557910573,0.218579921435336,0.293355363100044,0.58785191359024,0.121116163377538
IntraMac->Alpha,TFPI_LRP1,0.331953565450334,0.27661988005432,0.392271362604384,0.00581548771168376,0.0135976317498568,0.270044666,0.00716145239311466,-0.263076603,0.240870568362212,0.503947171658346,0.00764148040211102,0.336761583199304,0.0232731576078284,0.0143938866457603
IntraMac->Alpha,MPZL1_MPZL1,0.392738539029944,0.358176064851129,0.464059889628715,0.0219573545944774,0.337221721849731,0.074518763,0.00569443107289666,-0.132900242,0.240741829857248,0.373642072323396,0.0265618212498101,0.10920833015353,0.401225028241619,0.0117725294875842
IntraMac->Alpha,PRSS2_F2RL2,1.64055715818073,2.18869466789036,1.93712360589917,0.00121147847571623,0.00019900509151054,0.09033457,0.242750536682889,0.415884847055512,0.239730154400399,-0.176154693,0.00176711043338249,0.129537412246496,0.000534808266669639,0.315592614101461
IntraMac->Alpha,GNAI2_CXCR3,0.397712094569638,0.431091336079219,0.468643806618415,0.17365103403875,0.727111363854234,0.036804801,0.198515056714573,0.116269132061785,0.236767380609022,0.120498248547238,0.188482295265704,0.0586562764712763,0.772581706576181,0.266361974832212
IntraMac->Alpha,LAMC1_ITGB8,0.374551121745942,0.323033438670377,0.440683966547343,0.0172397279229864,0.101230836884538,0.167347749,0.00680888829010159,-0.213479129,0.234581764529803,0.448060894028564,0.0212069342035628,0.223834213143526,0.139356736490403,0.0137845845181256
IntraMac->Alpha,MAG_MAG,0.334308241737797,0.260504842065534,0.391582798467783,1.71999318069898e-05,0.000280108683247002,0.065823284,0.000118611983145028,-0.359868733,0.228138468375606,0.588007200996736,3.34949820241337e-05,0.0981457155406701,0.000725188397815164,0.000369666748672511
IntraMac->Alpha,HLA-B_KIR3DL1,0.922354804606729,1.04172447699635,1.07895741993404,0.186602851454603,0.259352478236734,0.062584614,0.410178072248079,0.175580025456616,0.226244203319481,0.0506641778628653,0.201648679143713,0.0938266276248637,0.320047614365956,0.488838770656712
IntraMac->Alpha,LTBP3_ITGB5,0.354620124851069,0.389436623219385,0.41468397285949,0.189549294345393,0.389809260914875,0.067492997,0.246156500831738,0.135114151186059,0.225737876792894,0.090623725606835,0.204714115740862,0.100330625727681,0.456285705334917,0.31926416014439
IntraMac->Alpha,VCAN_ITGA4,0.295438192506021,0.265767770722865,0.345314459388133,0.0291024993096459,0.205864692507932,0.127063848,0.00964242733975484,-0.152690179,0.225054403610022,0.377744582665658,0.0346392897231564,0.175488832283342,0.261337214441207,0.0187228480901818
IntraMac->Alpha,COL1A2_ITGB8,0.464013461217761,0.457555052462923,0.540692676568014,0.230515856938299,0.640234201821953,0.237752564,0.0864568212424326,-0.020221322,0.220642156349616,0.240863478292335,0.24664509216798,0.302641364236796,0.695320134427195,0.129035650693478
IntraMac->Alpha,GDF1_ACVR1B,0.339893584369896,0.279752381793083,0.395377736011799,0.0119193060280841,0.0106198935403061,0.597260659,0.0212977950071642,-0.280932716,0.21814850294449,0.499081218447847,0.0149580635853583,0.659241204930201,0.0186523003095417,0.0378699641301616
IntraMac->Alpha,CALM1_SELL,0.355452162083406,0.341979399772471,0.413230555336838,0.0732895331864661,0.631345002623992,0.086150549,0.024307108931253,-0.055745988,0.217291523901608,0.273037511666144,0.0829464651253768,0.124167540979497,0.687507142712655,0.0425477035298795
IntraMac->Alpha,LAMA3_CD44,0.390203989278109,0.359421905715302,0.451235825545383,0.128831280448087,0.376216072321421,0.192623351,0.052222332814683,-0.118550188,0.209653086006744,0.328203273631168,0.141965526759569,0.25264210023298,0.441927153080748,0.0835414029318063
IntraMac->Alpha,COL1A1_ITGB8,0.365005937352657,0.345485827986405,0.421009517794969,0.0199598992673598,0.473598662389033,0.03384503,0.00663852305543623,-0.0792934,0.205932916536264,0.285226316325958,0.024271404036753,0.0544791099423915,0.539536922663031,0.013491098706124
IntraMac->Alpha,PTHLH_PTH1R,0.299214236004985,0.270311234120262,0.344461395061952,0.0564452619250713,0.0518635147369596,0.378033773,0.057528062304685,-0.146557345,0.203163486353083,0.349720831746367,0.0646593888293093,0.449955217357586,0.0767119635555731,0.0908912203892449
IntraMac->Alpha,GNAI2_LPAR3,0.367072126967506,0.417898152506551,0.422496633761502,0.336354955607261,0.238885977057818,0.181471435,0.711553312696054,0.187087810294693,0.202876276398713,0.0157884661040202,0.353602955697569,0.240006458185694,0.297586591078435,0.767325930731652
IntraMac->Alpha,SEMA4B_DCBLD2,0.306111538205711,0.258511160838934,0.351977839086537,0.0143812040075117,0.0503794397195823,0.299987061,0.00734380755935352,-0.243830856,0.201427172307069,0.44525802844687,0.0178530570910393,0.36887415028543,0.0748311168318891,0.0147002225136587
IntraMac->Alpha,HLA-A_LILRB2,0.576657838186251,0.534403673501043,0.66253568879667,0.0563574671353339,0.403696961123585,0.113725608,0.0173927531840683,-0.10978562,0.200282625042744,0.310068244799854,0.064566746921935,0.159154033292315,0.470240416253846,0.0316010131867918
IntraMac->Alpha,GNAI2_S1PR5,0.395962183833202,0.371844459562276,0.454272691554794,0.0133684857045612,0.309746651312041,0.021883562,0.00630924446350958,-0.090663376,0.198195927393437,0.288859303862272,0.0166468074559,0.0366480905956094,0.372670806583093,0.0129289614137999
IntraMac->Alpha,PPY_NPY4R,0.443023926897134,0.561124794665064,0.507980785203868,0.000889098832456375,0.000163163150433167,0.220558765,0.0864568212424326,0.340937044367086,0.197389308315521,-0.143547736,0.00132463087512427,0.284167425541369,0.000448031890459711,0.129035650693478
IntraMac->Alpha,WNT11_FZD4,0.342553691477369,0.266529938010124,0.391277117358728,0.000351518874483343,0.00133066257245282,0.229042357,0.00117905991687372,-0.362032538,0.191860608407789,0.553893146393176,0.000553955347940581,0.293355363100044,0.00291018226210138,0.00288063669580882
IntraMac->Alpha,CXCL12_ITGB1,0.535864606029606,0.602192999727657,0.611406197330495,0.0880093641103762,0.0397406988354353,0.101501643,0.749463044296367,0.168357408179887,0.190262646516111,0.0219052383362237,0.0988383516038513,0.143782433248498,0.0604634217479923,0.79979307598633
IntraMac->Alpha,CDH1_IGF1R,0.450172231088221,0.377833088547069,0.513337341260592,0.00859309984086883,0.120740497974156,0.09918554,0.00262463684529936,-0.252728016,0.189430141934445,0.442158157525032,0.0110226121171101,0.140779476670545,0.162849532258954,0.00587113009423319
IntraMac->Alpha,COL1A2_CD36,0.440086567007161,0.468250016474448,0.501752787387543,0.402617345952845,0.940390216957195,0.188852141,0.253068583274601,0.0894917087615348,0.189189389543856,0.099697680782321,0.419950196024616,0.248429385152881,0.952483154100012,0.327137436915948
IntraMac->Alpha,SERPINE2_LRP1,0.33760064303859,0.283766900602609,0.3845078442714,0.00671924282405585,0.0441343369659007,0.332035145,0.00228378019456747,-0.250611332,0.187695378118692,0.438306710239948,0.00874401465719768,0.401923673611596,0.0664973502209533,0.00519714604901815
IntraMac->Alpha,CALM2_MYLK,0.396605027329761,0.419138049242634,0.451066716669737,0.660594693463864,0.774376925140925,0.348848642,0.523021412901418,0.0797225295412836,0.185637870746097,0.105915341204814,0.673131746717651,0.419662126769493,0.813169870281948,0.597665532223989
IntraMac->Alpha,RARRES2_GPR1,0.346208773839897,0.304441293031798,0.393600324265206,0.0301651301551008,0.208107316144801,0.127063848,0.0101233437978776,-0.185478234,0.185089121880874,0.370567355455188,0.0358354984827789,0.175488832283342,0.263789243782946,0.0195548873362191
IntraMac->Alpha,LAMB1_ITGA6,0.440813702061606,0.374880323271633,0.500490318820309,0.00559125955630261,0.0175848034820449,0.360348873,0.00450412272768625,-0.233738965,0.183173093615426,0.416912058354127,0.00736552310989842,0.431604299821636,0.0292234182933395,0.00951629825681933
IntraMac->Alpha,COL6A3_CD44,0.441524502017288,0.469991134351536,0.501273503360353,0.498377716687262,0.736488282044174,0.246691008,0.3640794951976,0.0901400414623347,0.183104475638166,0.0929644341758313,0.514084633557313,0.312145106545509,0.781023747963482,0.443012461675347
IntraMac->Alpha,TENM1_ADGRL2,0.333927173676036,0.258155333416889,0.378927567607467,0.000692948987676422,0.00295402609400032,0.21229999,0.00148978050792821,-0.371294094,0.182388602593771,0.553682696252044,0.00104949312502771,0.274897948723447,0.00596173851251298,0.00354972542221206
IntraMac->Alpha,COL6A2_CD44,0.483505378238316,0.515579599362979,0.54864686970772,0.390173638492976,0.504910653612456,0.196448878,0.3422959630811,0.0926632420637022,0.182345935884335,0.0896826938206328,0.407471977145374,0.256721089353004,0.569762054418315,0.42012325573954
IntraMac->Alpha,COL6A1_ITGAV,0.389896760022794,0.513788964248531,0.441987280871993,0.00567415701637842,0.00245717005254911,0.042220007,0.23603833595107,0.398083735583013,0.18091268691725,-0.217171049,0.0074673443353242,0.0663457253834108,0.00504190106691116,0.308352088250764
IntraMac->Alpha,VEGFA_TYRO3,0.415295553263234,0.397850999521232,0.470054504705456,0.311553794011148,0.680862242854792,0.321118286,0.118023949548732,-0.061910201,0.178689628033988,0.240599828727409,0.328641161431187,0.390482514428688,0.732028930538209,0.170001142895394
IntraMac->Alpha,LRFN5_PTPRS,0.303133654415511,0.242012579464282,0.342188097329424,0.021993404598389,0.0252764751605782,0.537540739,0.0232654210173515,-0.324871992,0.174835545974426,0.499707537598442,0.026601981080624,0.605065766752457,0.0404007814081345,0.0409008381548916
IntraMac->Alpha,CALM1_GRM4,0.448733337249346,0.477360728193546,0.506060257786424,0.280916329265428,0.817648972320709,0.181471435,0.134682126549884,0.0892215140421687,0.173450811336744,0.0842292972945745,0.297737475217352,0.240006458185694,0.849919457954279,0.190639586715829
IntraMac->Alpha,LAMC1_SV2C,0.345645979339679,0.286934364169913,0.388743426640243,0.00134265300672011,0.00145076000942779,0.501782694,0.00615018195314867,-0.268574383,0.169523136225403,0.43809751905199,0.00194536614580385,0.57066922293753,0.00314065905624582,0.0126251974601608
IntraMac->Alpha,COL6A3_GP6,0.347789875993028,0.328483909392054,0.3910849288165,0.26395001664354,0.25153963182555,0.643912556,0.136886268016668,-0.082393234,0.169266002700616,0.251659236871964,0.280424345700562,0.70225842705096,0.311353726866869,0.193144018765614
IntraMac->Alpha,TIMP2_ITGB1,0.660229766482403,0.743322089323268,0.742116846436389,0.142780033095268,0.0511169676582647,0.204264069,0.939709549359295,0.171019297034098,0.168678173109943,-0.002341124,0.156670056312512,0.265742710980615,0.0757336522103388,0.95444367121336
IntraMac->Alpha,CALM1_CACNA1C,0.390199287105387,0.419843023936772,0.438043703604627,0.16831168651716,0.504910653612456,0.035794938,0.256574860470421,0.105638873772196,0.166863672092402,0.0612247983202057,0.182921054623333,0.057262856152771,0.569762054418315,0.33116511671068
IntraMac->Alpha,EDIL3_ITGB5,0.336874017666439,0.346977658295893,0.377741644420329,0.476691046353829,0.803156010929258,0.185134941,0.395997073777763,0.0426336103802326,0.165190682181268,0.122557071801035,0.492913654848523,0.244184440198365,0.837451293309649,0.474859639346479
IntraMac->Alpha,HSPG2_PTPRS,0.321362049755501,0.301593669772382,0.359215632971376,0.534150803311134,0.512905715344801,0.65183106,0.278320196205448,-0.09159342,0.160650568166278,0.252243988568127,0.5494055235733,0.709815564397732,0.577336130413456,0.354087669149539
IntraMac->Alpha,COL6A2_ITGB1,0.639581091103469,0.851888653684426,0.714230046043348,0.019005322476659,0.00555301515873716,0.170799801,0.274611421485592,0.413537587513731,0.159261538995512,-0.254276049,0.0232135194529625,0.227700520545152,0.0104222385112073,0.350229059285973
IntraMac->Alpha,APP_CD74,0.535631901223851,0.552762774450688,0.597457940607385,0.198615784962013,0.2951402264627,0.061014712,0.410178072248079,0.0454185738830018,0.157595267222623,0.112176693339621,0.214010401077239,0.0918151169137052,0.357587742881422,0.488838770656712
IntraMac->Alpha,ALOX12_FPR2,0.287405917580358,0.24323128741496,0.320363401392245,0.0207857435293357,0.0261022088757781,0.360348873,0.0237813176082348,-0.240760948,0.156619575191447,0.397380522943607,0.0252250853078611,0.431604299821636,0.0415568193195524,0.0417056083191603
IntraMac->Alpha,SRD5A2_AR,0.317322644473034,0.233803180747746,0.352949406047943,0.000138124706299011,0.0010932195435667,0.233369028,0.000354740271354858,-0.440655919,0.153510915879732,0.594166834421937,0.000232400299487225,0.297752194753249,0.00244486979198997,0.00098336322472455
IntraMac->Alpha,HLA-DRB1_CD4,0.530144595029935,0.69901673931838,0.588917539716792,0.023204392872211,0.00750946644196939,0.181471435,0.24959582255295,0.398941100275663,0.1516797384187,-0.247261362,0.0280013682680446,0.240006458185694,0.0136413442980897,0.323365254551933
IntraMac->Alpha,CALM1_CRHR1,0.387345980090549,0.396490557247076,0.430269376951504,0.318616946940833,0.812810792051619,0.14771436,0.195597169617626,0.0336637399291317,0.151617397018188,0.117953657089056,0.335712061568292,0.200448000155881,0.846194092439453,0.263090179984602
IntraMac->Alpha,ALB_FCGRT,0.522338010492969,0.615353717387925,0.580202278714651,0.31122380248925,0.16088117350599,0.237752564,0.899685847521553,0.236432245555324,0.151572269055587,-0.084859976,0.328367337362258,0.302641364236796,0.210034931625455,0.923038889758144
IntraMac->Alpha,APOC3_SDC2,0.419956140468409,0.396348392282891,0.466418250583756,0.00934456594185996,0.259352478236734,0.039979047,0.00277354693356309,-0.083469538,0.151385577785369,0.234855116262582,0.0119111930999822,0.0632611620138663,0.320047614365956,0.00616872813454374
IntraMac->Alpha,HSPG2_ITGB1,0.562902288722565,0.699771439795715,0.624781279387993,0.0699909460330216,0.0256864721870785,0.440690004,0.213582629256647,0.313999269555684,0.150466711613351,-0.163532558,0.0793576692106509,0.512073046673081,0.0409928849548449,0.283722410382513
IntraMac->Alpha,LAMA3_ITGB1,0.533298118849491,0.572442886364388,0.589070740881812,0.403170925977942,0.243892473436772,0.246691008,0.953089771843883,0.102189520896284,0.143498656842124,0.0413091359458398,0.420386585906801,0.312145106545509,0.30321591259739,0.965091336491505
IntraMac->Alpha,LAMB1_ITGA2,0.362474560300007,0.317910830587177,0.399618347064311,0.0992952981647409,0.105184865145153,0.447262964,0.068206197929805,-0.189257578,0.140743075100091,0.330000652915581,0.110925334285114,0.518205058644542,0.144246460169654,0.104953384079383
IntraMac->Alpha,CCL3L3_CCR1,0.385678925480722,0.300858879581935,0.424972534015313,0.000809657063394038,0.00212495980395473,0.501782694,0.00187444994072733,-0.358313377,0.139969287066168,0.498282664193404,0.00121461580690569,0.57066922293753,0.0044313939305365,0.00433975404495024
IntraMac->Alpha,B2M_KIR3DL1,0.783445003032177,0.88073612179225,0.863096264791321,0.162342703955022,0.146510764902915,0.059477138,0.755843510870752,0.168877833750028,0.139689475447191,-0.029188358,0.176804756858429,0.0897584915149517,0.193139120267721,0.804760674512313
IntraMac->Alpha,IL24_IL22RA1,0.354346644955503,0.319767299152869,0.390133091885481,0.404386481334127,0.46976115700668,0.508833511,0.192710846140104,-0.148138979,0.138804986222052,0.286943965222422,0.421465597529021,0.577772244738576,0.536337425035549,0.259657196705892
IntraMac->Alpha,COL4A1_ITGB8,0.42528945493267,0.444049463271485,0.468102484508604,0.719408610678074,0.930478634100128,0.408656484,0.523021412901418,0.0622753054072405,0.13837933830062,0.0761040328933794,0.729973188339505,0.480336149164059,0.944245506841383,0.597665532223989
IntraMac->Alpha,AGRN_LRP4,0.330388942722704,0.271790522406096,0.363036352510699,0.0122763137201119,0.0100629587210332,0.716514804,0.022759268700341,-0.281670254,0.135948614562345,0.417618869019053,0.0153874569176571,0.765507971168676,0.017761074541116,0.0401092874431855
IntraMac->Alpha,GAS6_TYRO3,0.351470411181232,0.31913269712312,0.386017135158705,0.0989502399092653,0.151780062309345,0.321118286,0.0553543047588464,-0.13924681,0.135261649280347,0.274508459593807,0.11055310071549,0.390482514428688,0.19918464001429,0.0879783531760981
IntraMac->Alpha,DKK1_LRP5,0.334011934339556,0.343201395801204,0.366042983909716,0.591298408708454,0.676299250629834,0.289772676,0.512144155517185,0.0391557686628277,0.132113420200256,0.0929576515374283,0.605580978967113,0.357634231416969,0.727878090443648,0.587033753092197
IntraMac->Alpha,UBA52_TGFBR2,0.500633084184612,0.541058402130696,0.54841791246859,0.306969978424363,0.27823110486455,0.129870127,0.614097767166674,0.112030693271069,0.131522058815228,0.019491365544159,0.324062467037399,0.17870313367376,0.33948198118725,0.680806271943277
IntraMac->Alpha,COL6A3_ITGB1,0.596495631422006,0.767755235845516,0.652934259188355,0.0375664367632678,0.0143243114489518,0.39011163,0.148326624257048,0.36413487337658,0.130426168808713,-0.233708705,0.0441334662629424,0.461738521290374,0.0243738010207629,0.207031385765337
IntraMac->Alpha,SST_SSTR2,1.11628515499717,1.08413210821241,1.22118814193083,0.288885445050767,0.895882906351049,0.224772343,0.11412299910194,-0.042165042,0.129579875017292,0.171744916883991,0.305697496475729,0.288679115128326,0.915813232925215,0.164763865597105
IntraMac->Alpha,COL6A2_GP6,0.38498877183916,0.360542207946944,0.420887548755891,0.572285914388207,0.750627143918913,0.523087349,0.274611421485592,-0.094648207,0.128618459947606,0.223266667308356,0.587011547109434,0.591150810433913,0.793141141648802,0.350229059285973
IntraMac->Alpha,NID1_ITGAV,0.348564213379742,0.407874210935852,0.380073760816179,0.235276241547371,0.096143992219555,0.460572518,0.444418557798203,0.226699833211117,0.124854971335206,-0.101844862,0.251478948224347,0.531315909985644,0.133278519753902,0.523030066507903
IntraMac->Alpha,RARRES2_CMKLR1,0.349439356619419,0.297370144974945,0.380994456148648,0.0125603618349826,0.0135976317498568,0.474097805,0.0190432782489805,-0.232782292,0.124727899757669,0.35751019152019,0.015720254286424,0.544025626820001,0.0232731576078284,0.0342595370311457
IntraMac->Alpha,TGFB1_TGFBR2,0.36498686098327,0.366295597981116,0.39678028552637,0.348567673642262,0.940390216957195,0.185134941,0.195597169617626,0.00516383338361196,0.120495815344251,0.115331981960639,0.36598821023582,0.244184440198365,0.952483154100012,0.263090179984602
IntraMac->Alpha,HLA-DRA_CD4,0.453255385781762,0.665189456266345,0.49259529504477,0.00115598389140108,0.000568771621249033,0.396236386,0.0186182986010441,0.55344113721879,0.120078685133705,-0.433362452,0.00169357903863504,0.467741459191443,0.0013652356211298,0.0336181744774564
IntraMac->Alpha,TFPI_VLDLR,0.347540039144978,0.302564119999388,0.377227947811724,0.0787803861270327,0.134760951361939,0.354569701,0.0403110945358299,-0.199938282,0.118257368678027,0.31819565081845,0.0888052497634999,0.42555663504215,0.179194605032668,0.0666232972767933
IntraMac->Alpha,ADCYAP1_SCTR,0.340198939502291,0.298535328368878,0.368015344629969,0.124237242717349,0.0736994949152966,0.733026923,0.124070583849741,-0.188476974,0.113387277574023,0.301864252031103,0.137081263315286,0.780289299932763,0.105021217318956,0.177722728217196
IntraMac->Alpha,LTF_TFRC,0.341948953630866,0.300190340852558,0.369800378963749,0.0634956070851985,0.096143992219555,0.453890587,0.0349123085840745,-0.187903418,0.11296572816771,0.300869145804229,0.0722565600696268,0.524645773842156,0.133278519753902,0.0586778404454499
IntraMac->Alpha,CCL5_CCR1,0.379651732217338,0.285803474696869,0.40963665853539,0.000235976672203439,0.000506598457943142,0.474097805,0.00136534563140602,-0.409653133,0.109668237452525,0.519321370586684,0.000382283848265662,0.544025626820001,0.00122965142224658,0.00328245980663797
IntraMac->Alpha,ARF1_CHRM3,0.449176020931395,0.433430522451904,0.484623021170481,0.253549781592183,0.783937687224097,0.196448878,0.10662613730658,-0.05148016,0.109582026750927,0.161062186267002,0.270082489744419,0.256721089353004,0.820899275530576,0.155359045422645
IntraMac->Alpha,POSTN_ITGB5,0.365582360836409,0.328653620664192,0.393849286512793,0.221475411204336,0.2951402264627,0.487835666,0.0961187514819771,-0.153628584,0.107447199120695,0.261075782634934,0.237435080532588,0.557389893756492,0.357587742881422,0.141731854856763
IntraMac->Alpha,PCSK9_VLDLR,0.326847486636635,0.286921743620621,0.351099313208116,0.0419223940427779,0.0606941363469115,0.523087349,0.0265122822335032,-0.1879603,0.103261570527162,0.29122187006619,0.048893734887601,0.591150810433913,0.0882961484472849,0.0459421453973839
IntraMac->Alpha,PROS1_TYRO3,0.349532629607553,0.282750396367376,0.37450954977028,0.00180529424785354,0.0017214491069322,0.544840938,0.00791612887988383,-0.305898093,0.0995753662317069,0.40547345913993,0.0025643040572526,0.611443814349082,0.00366781116250882,0.0156876248548027
IntraMac->Alpha,CALR_MTNR1A,0.585883239898922,0.656001866070481,0.627014957142716,0.454340405657014,0.259352478236734,0.310435557,0.926346325325897,0.163086738491724,0.0978866780770607,-0.06520006,0.470741675438034,0.379520691439766,0.320047614365956,0.94416067773601
IntraMac->Alpha,PDCD1LG2_PDCD1,0.400837352586291,0.284134348940052,0.42867688891487,1.03381026143372e-05,0.000254230781040522,0.321118286,2.84999741435071e-05,-0.496443704,0.0968736852370284,0.593317388938367,2.09411120926248e-05,0.390482514428688,0.000665767750012911,0.000100623678580861
IntraMac->Alpha,WNT4_LRP5,0.302149575342043,0.315635758408392,0.323059732860682,0.858245488083187,0.708480876591884,0.791739706,0.631923549769779,0.0629977430852909,0.0965380252451022,0.0335402821598113,0.863708481264427,0.831683330418429,0.756058759506818,0.695936584681523
IntraMac->Alpha,CALM3_SELL,0.336409710624456,0.336184243457577,0.35953495756592,0.329855965844956,0.312724279024851,0.157302096,0.501386078125951,-0.000967241,0.0959127001104125,0.0968799415575952,0.347240317052449,0.211917092592409,0.37581706708887,0.57711368913609
IntraMac->Alpha,MMP7_CD151,0.629825262305497,0.48241406530171,0.672675023509363,0.000160522388323732,0.00168524091901395,0.260529726,0.000265026740733076,-0.384679653,0.0949580664426711,0.479637719728131,0.000267098258702065,0.327390715368799,0.00359723736671903,0.000757636971363203
IntraMac->Alpha,TENM1_ADGRL1,0.36804093700001,0.297474249334525,0.392795750224638,0.00293564505749979,0.0158811158178125,0.284753177,0.00204083741041484,-0.307101457,0.0939130751197443,0.401014531743544,0.00404008514257275,0.352184783538217,0.0267447279921565,0.00468543720510696
IntraMac->Alpha,TULP1_TYRO3,0.341585233992151,0.261060495903005,0.363736839292674,0.000109239857572555,0.000230607939912573,0.691992115,0.000901681955746287,-0.387861447,0.0906494375430856,0.478510884671815,0.000186491469882282,0.745176650054899,0.000610417384649399,0.00226525431812587
IntraMac->Alpha,CD14_ITGA4,0.393417251897955,0.39792010613974,0.415838261190766,0.898876268923542,0.871288470042623,0.817285676,0.625957126257865,0.0164185742417725,0.0799622829689696,0.063543708727197,0.903039077708002,0.853042495768208,0.895184364859301,0.690997405175546
IntraMac->Alpha,GNAS_ADCY8,0.712404888702252,0.63272573772943,0.750471757027982,0.107786239213333,0.25153963182555,0.255859133,0.0454869200263217,-0.171117134,0.0751003623107616,0.246217496328658,0.119736815455754,0.322346568508233,0.311353726866869,0.0739459724652368
IntraMac->Alpha,VEGFA_NRP1,0.375267207124118,0.452764119351701,0.395159456890606,0.181895180608064,0.0678707266561337,0.474097805,0.400690839780537,0.27084140610723,0.0745167094803404,-0.196324697,0.196857900535099,0.544025626820001,0.0974296919434311,0.479492514877851
IntraMac->Alpha,HLA-C_KIR3DL1,0.51079210247332,0.548244090378043,0.5374939179498,0.81434530613336,0.676299250629834,0.508833511,0.833591954560314,0.102082136494679,0.0735122105120876,-0.028569926,0.822100975715582,0.577772244738576,0.727878090443648,0.869055471529612
IntraMac->Alpha,WNT8A_LRP5,0.377356336899878,0.354813555986413,0.396441709583535,0.466727964976736,0.359641779075604,0.667784117,0.289650352895715,-0.088866371,0.0711812546767224,0.160047625634494,0.4830934817247,0.723976085758055,0.424274505528928,0.3652640924444
IntraMac->Alpha,GNAI2_EDNRA,0.386250302918424,0.393523266104793,0.404680183829617,0.847793307522577,0.596328578897772,0.938619893,0.692855884532185,0.0269128695591926,0.0672461409635511,0.0403332714043585,0.853689403865763,0.9531293663207,0.655497641286639,0.750908516393916
IntraMac->Alpha,MMP1_CD44,0.375804784552567,0.365599042843542,0.393335801786636,0.551942812277163,0.272744213940366,0.825845187,0.579129894131396,-0.039721141,0.0657780729929434,0.105499214055735,0.566955462275232,0.860051792638774,0.334186001265695,0.649293708228085
IntraMac->Alpha,EFNA1_EPHB1,0.409961693102781,0.294243870595244,0.428571670794143,3.96547969440208e-05,0.000347628108384689,0.360348873,0.000150556238946964,-0.478476746,0.0640473784551713,0.5425241246615,7.31460332827253e-05,0.431604299821636,0.000877347130685167,0.000457753779953481
IntraMac->Alpha,COL1A2_ITGAV,0.420160860790582,0.504408526729861,0.437941631247304,0.365888695793001,0.16088117350599,0.60493012,0.506750111067251,0.26365088619109,0.059796823440088,-0.203854063,0.383053844484525,0.666366102998128,0.210034931625455,0.582281970440418
IntraMac->Alpha,B2M_HFE,0.536558726287621,0.663862503844181,0.558352434648477,0.0260733132883502,0.00886336866845509,0.402418081,0.139118135483623,0.307148385197232,0.0574399628545251,-0.249708422,0.0312130218626451,0.473959072640105,0.0158416368920002,0.195701096032459
IntraMac->Alpha,TGFB1_CD109,0.321681346681165,0.34424900569228,0.334527057718168,0.679666637856223,0.386383267438571,0.683886723,0.730425853855322,0.0978202061435042,0.0564906246966568,-0.041329581,0.691301973385983,0.73826082729583,0.452559407165619,0.783601192037084
IntraMac->Alpha,COL1A1_ITGAV,0.344549131426875,0.379087787835756,0.358245291068399,0.769933019274057,0.477453343580778,0.65183106,0.926346325325897,0.137822260466432,0.056238020487237,-0.08158424,0.779374411697059,0.709815564397732,0.543420051399115,0.94416067773601
IntraMac->Alpha,PDGFB_ITGAV,0.327002897287527,0.305331776678433,0.339210762861582,0.191749737545442,0.0598429785628213,0.894975469,0.3640794951976,-0.098925676,0.0528785276809002,0.151804203197287,0.206922900488649,0.918307246503891,0.0872240454513245,0.443012461675347
IntraMac->Alpha,C1QL1_ADGRB3,0.280393278387472,0.238417272937841,0.290519337020883,0.0531941387590848,0.0296424998339418,0.733026923,0.0775948741624135,-0.233963004,0.0511824273458721,0.2851454313291,0.061175554967913,0.780289299932763,0.046409069897786,0.117272356802818
IntraMac->Alpha,HLA-DPB1_CD4,0.357208750792233,0.515944472954148,0.367981819079047,0.000584646648054605,0.000420144485711986,0.894975469,0.00630924446350958,0.530448383239548,0.0428670649215172,-0.487581318,0.000894176739310273,0.918307246503891,0.00104203875637368,0.0129289614137999
IntraMac->Alpha,TGFA_ERBB2,0.295802236342667,0.233958011318732,0.304496513507445,0.0125219033129474,0.00485211131069105,0.973673294,0.0532494364152656,-0.338383327,0.0417927495613092,0.380176076803949,0.015676327218249,0.980823378854399,0.00925761798038988,0.0849804521610945
IntraMac->Alpha,COL6A1_ITGA6,0.4672230145809,0.47077354421564,0.480863754907935,0.807699522786536,0.699229823195873,0.700132481,0.562003796158154,0.010921907766022,0.0415168465466083,0.0305949387805864,0.815833367466465,0.751534612370246,0.748498484137148,0.633595771158238
IntraMac->Alpha,SLURP1_CHRNA7,0.330179358748801,0.248269259187499,0.339567421938163,0.00925315773683883,0.00588042978424124,0.741329491,0.027089855547948,-0.411344294,0.0404481208000794,0.451792414543565,0.0118059711898827,0.7878684619472,0.0109595702352452,0.0468472696609675
IntraMac->Alpha,CRH_CRHR1,0.379822076836152,0.27624975450629,0.389498245111441,0.000488440059690546,0.00161491760280281,0.440690004,0.00121432419200573,-0.459350579,0.0362930647786442,0.495643644274128,0.000755207836365558,0.512073046673081,0.00346218142931387,0.0029551829019122
IntraMac->Alpha,FLRT2_ADGRL1,0.344563548719179,0.305057116517391,0.353189790974053,0.180882823819318,0.0788639017427617,0.886279899,0.232731917241407,-0.1756907,0.0356735547471408,0.211364254594219,0.195853160834196,0.9109883079096,0.111477871716394,0.305119230362312
IntraMac->Alpha,COL11A1_DDR1,0.417288774552601,0.424381655602363,0.427672669392157,0.991320382966913,0.890955228659579,0.929872231,0.953089771843883,0.0243161840327105,0.0354609027072451,0.0111447186745346,0.991591087078747,0.946616629118788,0.911875178070721,0.965091336491505
IntraMac->Alpha,CCL3_CCR1,0.411996471975619,0.321806098534723,0.422200924043779,0.00109647437176569,0.00313900514063347,0.597260659,0.00182181853557909,-0.356440316,0.0352977528184373,0.39173806837812,0.00161323547946851,0.659241204930201,0.00629555793417093,0.00423366300445484
IntraMac->Alpha,THBS4_ITGAV,0.318368321968561,0.326547910739067,0.325986885263791,0.946286666517007,0.846817870927493,0.75 ,0.859915686726938,0.0365978846389184,0.0341171315115685,-0.002480753,0.948625687831342,0.795508296483703,0.874473275767924,0.89085889891036
IntraMac->Alpha,SELL_PODXL,0.344616901080483,0.311373846521171,0.352633085074568,0.118639503922329,0.0391444056588609,0.60493012,0.293495147577689,-0.146345685,0.0331743812784033,0.179520066325669,0.131137491715545,0.666366102998128,0.0596632379061853,0.369513124119947
IntraMac->Alpha,ALDH1A1_RXRA,0.54862758762814,0.503677970340041,0.560596806937386,0.260796259381325,0.188553107107033,0.700132481,0.176047713542323,-0.123325537,0.0311363573550004,0.154461894387639,0.277326437244528,0.751534612370246,0.241762664342873,0.240681968624181
IntraMac->Alpha,LAMC1_ITGAV,0.347598306857357,0.358517352475062,0.355048378096335,0.90875154946154,0.846817870927493,0.620398175,0.840156629664503,0.0446218930390842,0.0305945614792645,-0.014027332,0.912468724798411,0.68051201543634,0.874473275767924,0.874272762328256
IntraMac->Alpha,VEGFB_NRP1,0.378859437120713,0.389579524036201,0.386273582789975,0.593177437048752,0.356382801558699,0.414951351,0.979886151019647,0.0402551676488505,0.0279603302550284,-0.012294837,0.607238710797932,0.486631405271937,0.421122215979167,0.985698049898767
IntraMac->Alpha,EFEMP2_CATSPER1,0.361657380326368,0.272688654636602,0.366628566866352,0.002584169500506,0.00823679047049401,0.612642855,0.00234852056003735,-0.407368914,0.019695608751961,0.42706452305628,0.00358867546534465,0.673351308211909,0.0148268586470027,0.00532628246633319
IntraMac->Alpha,GNAI2_MTNR1A,0.448187132452721,0.527938413018734,0.453060819378373,0.319011737969726,0.1762917826716,0.774829078,0.278320196205448,0.236268411069761,0.0156035028290911,-0.220664908,0.336090071355501,0.817047890957528,0.227794673605857,0.354087669149539
IntraMac->Alpha,EFNB3_EPHB1,0.37319783377464,0.304521461744425,0.37572930937191,0.0352465688886955,0.0143243114489518,0.903683514,0.0895863259790095,-0.293396703,0.00975304800489592,0.303149750765584,0.0414916701910337,0.925918257724469,0.0243738010207629,0.133109469374355
IntraMac->Alpha,SEMA3C_PLXND1,0.344982650602266,0.28036299789576,0.347003709916941,0.0306600227770207,0.0335881288485929,0.691992115,0.027089855547948,-0.299227853,0.00842727747070674,0.30765513009572,0.0363724650214994,0.745176650054899,0.051949936312332,0.0468472696609675
IntraMac->Alpha,GNAI2_ADCY8,0.399801912981006,0.403307512446548,0.401850654111684,0.79201911286001,0.583429352967046,0.508833511,0.906341555654119,0.0125949040393452,0.00737405509114935,-0.005220849,0.800949076838483,0.577772244738576,0.643061444461374,0.928437736782519
IntraMac->Alpha,LTF_GP9,0.330245453168523,0.279972341812112,0.330981801382898,0.0805230230095189,0.0236926195014795,0.929872231,0.210504932604814,-0.238254386,0.00321319590461222,0.241467581842822,0.0906819701355538,0.946616629118788,0.0381305649947897,0.280232626136393
IntraMac->Alpha,CXCL9_CXCR3,0.342760382435638,0.260019974731766,0.343062576044883,0.00403948839592746,0.00354099216010225,0.667784117,0.0122674382056315,-0.39857791,0.00127138715028106,0.399849297322514,0.00542709891361247,0.723976085758055,0.00699499679572931,0.0231734839169969
IntraMac->Alpha,CADM1_CADM1,0.327417242265532,0.327249017993544,0.325558092170918,0.846717769059212,0.649175330674308,0.991223034,0.620015092649449,-0.000741435,-0.008215299,-0.007473864,0.852751387366047,0.993653771813764,0.703556115316596,0.686061777489212
IntraMac->Alpha,ITGB3BP_ITGB5,0.389134291500667,0.329110656537524,0.385959104444959,0.21875416180219,0.246423169929327,0.559585561,0.104814276708141,-0.241695378,-0.01182013,0.229875248093194,0.234706558694597,0.624828119371443,0.305954389604787,0.153077747476678
IntraMac->Alpha,VCAN_TLR1,0.321062977506678,0.261912545461269,0.318442967725554,0.0846921816595873,0.0799313150873913,0.559585561,0.0632745108458676,-0.293771148,-0.011821301,0.281949846246363,0.0952276603809824,0.624828119371443,0.11270340910525,0.098567908679067
IntraMac->Alpha,LAMA3_ITGB8,0.348163326971079,0.283583751846864,0.34520824534897,0.0384054233457871,0.0133627478443292,0.708306991,0.124070583849741,-0.295989372,-0.012297324,0.28369204839713,0.0450623633923902,0.75865054676703,0.0229258252514076,0.177722728217196
IntraMac->Alpha,COL6A1_ITGA2,0.387545971261962,0.399567233647186,0.383695186470373,0.986512270260152,0.817648972320709,0.947374871,0.993294752319972,0.0440708251293161,-0.014406789,-0.058477614,0.987359061908444,0.960555739096579,0.849919457954279,0.995322102228026
IntraMac->Alpha,DAGLB_CNR1,0.320296485211934,0.247545112312714,0.316879803245422,0.00878335657795581,0.00383443124661247,0.991223034,0.0387007495546757,-0.371716501,-0.015472256,0.356244245195311,0.0112450110018078,0.993653771813764,0.00751104045955505,0.0642442055864942
IntraMac->Alpha,INHBB_ACVR1B,0.34609045649102,0.27142338729309,0.34197610921489,0.00477911471040208,0.000915707238434396,0.530289361,0.0995250390802248,-0.350604122,-0.017253619,0.333350503003812,0.00635851975732857,0.598503732723284,0.00208690865382752,0.14622295866126
IntraMac->Alpha,CALM2_PDE1B,0.381066894190666,0.405071886001996,0.37617131291755,0.336090106826281,0.337221721849731,0.65183106,0.160483268481407,0.0881336809789066,-0.018654445,-0.106788126,0.353364350369201,0.709815564397732,0.401225028241619,0.22151345492669
IntraMac->Alpha,COL6A2_ITGB8,0.420809610024242,0.398787276132655,0.415366857647595,0.820835405183252,0.508899956988657,0.808747617,0.873138094207394,-0.077548272,-0.018781544,0.0587667279295556,0.828294316264536,0.84611908559948,0.57331144912925,0.901952618246574
IntraMac->Alpha,GNAI2_OPRD1,0.403620072166787,0.398830656801872,0.397809530641205,0.866531722297361,0.587714632276168,0.825845187,0.853318943160565,-0.017221613,-0.020920082,-0.003698469,0.871765304744368,0.860051792638774,0.647325786972736,0.885795582216976
IntraMac->Alpha,INS_INSR,2.44196092937775,2.70120096962884,2.40599031872791,0.187992985153043,0.101230836884538,0.434172047,0.23603833595107,0.145560862608169,-0.02140928,-0.166970143,0.203103841267962,0.505549476412072,0.139356736490403,0.308352088250764
IntraMac->Alpha,CALM2_ADCY8,0.393951310197115,0.413119355805021,0.388057078581124,0.643923381570884,0.736488282044174,0.574518588,0.3422959630811,0.068541322895137,-0.021748462,-0.090289785,0.65738396665133,0.638217148124396,0.781023747963482,0.42012325573954
IntraMac->Alpha,TGFB3_ENG,0.349580108066595,0.319036772923157,0.34286070225316,0.397644946168135,0.17430737060182,0.508833511,0.656026612916628,-0.131900372,-0.028000538,0.103899833741331,0.414949329662866,0.577772244738576,0.225605543634491,0.718241343343463
IntraMac->Alpha,LAMA3_SDC2,0.400504630914856,0.393899874341843,0.39205252389871,0.771850473373363,0.481325127101308,0.636033749,0.946397770650726,-0.023989967,-0.030771977,-0.006782009,0.781082008210521,0.695210078052564,0.547136337509262,0.959565043981518
IntraMac->Alpha,INS_IGF1R,2.50730382908028,2.71686999550052,2.43316581114939,0.232168142073184,0.14307641558132,0.741329491,0.184239845035576,0.115808703904949,-0.043302191,-0.159110895,0.248213688167182,0.7878684619472,0.189050351929151,0.249903922421383
IntraMac->Alpha,IFNB1_IFNAR2,0.393713002483369,0.253094916195992,0.381347123640407,7.12593783537262e-06,3.55744177489394e-07,0.691992115,0.0190432782489805,-0.637465828,-0.04603954,0.591426287197631,1.48173758645466e-05,0.745176650054899,2.01970887864946e-06,0.0342595370311457
IntraMac->Alpha,ADAM15_ITGB1,2.4140376836604,2.82638730849471,2.33747735065582,0.019220697245918,0.0229334986343957,0.964902616,0.0170002605530732,0.227510978987637,-0.046495811,-0.27400679,0.023445882556548,0.974408530843606,0.0370366473790933,0.0309723496951302
IntraMac->Alpha,DAGLB_CNR2,0.311982936808527,0.256218986582514,0.301335399868514,0.0270457104635313,0.00808647359746993,0.628195378,0.130356257309395,-0.284089738,-0.05009696,0.233992777404717,0.032302482356443,0.688174573042598,0.0145816017237965,0.185432586350695
IntraMac->Alpha,HGF_MET,0.357360790527914,0.276201416242213,0.344617937871151,0.00807094926143487,0.00320297308090861,0.348848642,0.065702219319384,-0.371660633,-0.052383553,0.319277079746374,0.0103899827091726,0.419662126769493,0.00640731994396644,0.101679351501283
IntraMac->Alpha,LTF_LRP1,0.34543408446878,0.287656208004881,0.332774369654348,0.125752680945857,0.0678707266561337,0.834425178,0.139118135483623,-0.264064836,-0.053866121,0.210198714587129,0.138671356881777,0.867631040430863,0.0974296919434311,0.195701096032459
IntraMac->Alpha,CALM1_MYLK,0.410853783753971,0.362273292359688,0.395602444344993,0.107500605187679,0.119255871881743,0.817285676,0.0532494364152656,-0.181546602,-0.054573713,0.126972889065431,0.119447962500378,0.853042495768208,0.161126705230721,0.0849804521610945
IntraMac->Alpha,COL6A3_ITGB8,0.395880273507466,0.366240887191479,0.379282770096803,0.489309005404421,0.254125462603469,0.408656484,0.79446245897226,-0.112271317,-0.061790345,0.0504809719900011,0.505344818690482,0.480336149164059,0.314137598087087,0.835861247156919
IntraMac->Alpha,ADAM9_ITGB1,0.535001872231758,0.652908462338181,0.512143957413285,0.0105421028690291,0.0106198935403061,0.612642855,0.0173927531840683,0.287336799634365,-0.062994549,-0.350331349,0.0133446513179948,0.673351308211909,0.0186523003095417,0.0316010131867918
IntraMac->Alpha,CALM3_MYLK,0.366480244219662,0.367339286197717,0.350535124765365,0.959777371989331,0.764850258855267,0.886279899,1,0.00337776827418308,-0.064176415,-0.067554183,0.961633010302522,0.9109883079096,0.805341823524318,1
IntraMac->Alpha,SEMA3A_NRP1,0.30526079344493,0.294658476005231,0.291447837364069,0.905571739035065,0.680862242854792,0.75 ,0.926346325325897,-0.05099854,-0.06680461,-0.01580607,0.909471703458127,0.795508296483703,0.732028930538209,0.94416067773601
IntraMac->Alpha,CCL13_CCR1,0.366513359978609,0.27601521939622,0.349815367612269,0.00223479706474194,0.000568771621249033,0.708306991,0.0419779063709174,-0.409117968,-0.067272118,0.341845849095018,0.00313099835084302,0.75865054676703,0.0013652356211298,0.0690721309980451
IntraMac->Alpha,PDX1_SLC2A2,0.347066482712686,0.252967029432794,0.330586684507375,0.0014777008383243,0.00261358127748016,0.766412592,0.00335753265562577,-0.456262682,-0.07018343,0.386079252167443,0.00212683126367676,0.810187744881292,0.00533818396241185,0.00731582915479495
IntraMac->Alpha,LYZ_ITGAL,0.438606880913305,0.452831417329762,0.417423125101925,0.947448063399222,0.945349569794079,0.817285676,0.736753815217303,0.0460456100091386,-0.071417918,-0.117463528,0.94958585316299,0.853042495768208,0.956319356581626,0.788485496597866
IntraMac->Alpha,PF4_SDC2,0.402624634842421,0.394842587362204,0.382247424685102,0.630137870667215,0.340368400046212,0.544840938,0.979886151019647,-0.028157841,-0.074928665,-0.046770824,0.643592035211189,0.611443814349082,0.404401533006122,0.985698049898767
IntraMac->Alpha,UBA52_AGTR1,0.462265448246013,0.489624428572364,0.438564448029014,0.793144969432874,0.708480876591884,0.78327176,0.501386078125951,0.0829540060445327,-0.075932668,-0.158886674,0.802000680202694,0.824459374743052,0.756058759506818,0.57711368913609
IntraMac->Alpha,SELPLG_SELL,0.316946327849021,0.235345598611138,0.300160469100598,0.00305497406965685,0.00240696757019569,0.929872231,0.0116967260085579,-0.429457679,-0.078504565,0.350953114065245,0.00419008941652097,0.946616629118788,0.0049475966273216,0.0222033089556019
IntraMac->Alpha,VEGFA_ITGAV,0.388755027687288,0.470739331117745,0.367952628478642,0.158017428298591,0.190656379530871,0.612642855,0.072108820168348,0.276067063745692,-0.079341293,-0.355408356,0.172436426201364,0.673351308211909,0.244190952665655,0.109878152772919
IntraMac->Alpha,LAMA5_BCAM,0.520754614934858,0.502728794993492,0.491341673652349,0.796680709831331,0.658167295715276,0.530289361,0.736753815217303,-0.050823394,-0.083877111,-0.033053717,0.805488582409132,0.598503732723284,0.711730180203118,0.788485496597866
IntraMac->Alpha,NGF_MAGED1,0.41658030230143,0.404482568581317,0.393048710057063,0.77043872792435,0.640234201821953,0.487835666,0.736753815217303,-0.042517094,-0.083886509,-0.041369415,0.779801698576208,0.557389893756492,0.695320134427195,0.788485496597866
IntraMac->Alpha,COL4A1_ITGAV,0.395076762215427,0.494089940875845,0.372329775032168,0.0381611957795924,0.03572397158851,0.659788503,0.0371453979305794,0.322640691887467,-0.085551999,-0.408192691,0.0447814359330781,0.716390077095394,0.0549218760460757,0.0619621373205373
IntraMac->Alpha,HLA-C_LILRA3,0.380844031262462,0.392343432546538,0.358160221708662,0.478916791333606,0.817648972320709,0.321118286,0.253068583274601,0.0429167655588642,-0.088595169,-0.131511934,0.495050513027469,0.390482514428688,0.849919457954279,0.327137436915948
IntraMac->Alpha,HLA-A_KIR3DL1,0.655553060819675,0.637451406478157,0.616080906794254,0.83708224926308,0.57066168962217,0.903683514,0.717825213081628,-0.040397189,-0.089592732,-0.049195543,0.843776012656798,0.925918257724469,0.631076732755851,0.772571084299691
IntraMac->Alpha,RTN4_TNFRSF19,0.445281708513625,0.357402226489949,0.41837228672811,0.0111179656966622,0.00534397391530804,0.667784117,0.0437026777672058,-0.317169727,-0.089931059,0.227238667147289,0.0140241222472569,0.723976085758055,0.0100846831240124,0.0715190488092098
IntraMac->Alpha,CEL_CXCR4,1.99226284966975,2.2389799107197,1.87153240970818,0.0776028179695102,0.096143992219555,0.643912556,0.0419779063709174,0.16843358129165,-0.09018797,-0.258621552,0.0875560886842961,0.70225842705096,0.133278519753902,0.0690721309980451
IntraMac->Alpha,LTBP1_ITGB5,0.345465927626516,0.355525089068074,0.323893531570504,0.847832186686581,0.945349569794079,0.559585561,0.643928269873742,0.0414079444329006,-0.093023772,-0.134431716,0.853689403865763,0.624828119371443,0.956319356581626,0.706980623812765
IntraMac->Alpha,NDP_LGR4,0.302229974144781,0.238834021326259,0.28306642106079,0.00954294904836308,0.00127411743853543,0.14771436,0.69906827060782,-0.339638388,-0.09450613,0.245132258161855,0.0121557597600889,0.200448000155881,0.00279712107946775,0.756573712522305
IntraMac->Alpha,GNAI2_MTNR1B,0.362782039144379,0.387458257669044,0.339573571633564,0.26395001664354,0.671748114999134,0.185134941,0.128234143734716,0.0949378598346013,-0.09537885,-0.19031671,0.280424345700562,0.244184440198365,0.724233289032816,0.182872357859262
IntraMac->Alpha,ALDH1A1_CRABP2,0.996711129500096,0.96681129618277,0.929995612947616,0.964298386575313,0.783937687224097,0.991223034,0.886396034251837,-0.043941108,-0.099951527,-0.056010419,0.96595525665534,0.993653771813764,0.820899275530576,0.912616137693282
IntraMac->Alpha,PSEN1_CD44,0.458162780591876,0.349483874447092,0.427336010732581,0.0439327226354399,0.0252764751605782,0.636033749,0.072108820168348,-0.390634374,-0.100489369,0.290145004680832,0.0510341764313055,0.695210078052564,0.0404007814081345,0.109878152772919
IntraMac->Alpha,COL9A1_GP6,0.295831766730185,0.258681427496893,0.275913200120769,0.0589069500498881,0.0172901848986979,0.408656484,0.278320196205448,-0.193600501,-0.100562499,0.0930380019611732,0.0673057361667512,0.480336149164059,0.0287953659587671,0.354087669149539
IntraMac->Alpha,EFNB3_RHBDL2,0.313725210901693,0.249232070299639,0.292424613505488,0.00733809916324913,0.00127411743853543,0.284753177,0.219835155131671,-0.332011746,-0.10143672,0.230575026615885,0.00949768128136365,0.352184783538217,0.00279712107946775,0.290737008357453
IntraMac->Alpha,ADAM9_ITGB5,0.341148341012734,0.382261970710243,0.316492419728512,0.174670836736091,0.362919413477774,0.279792062,0.072108820168348,0.164162479938179,-0.108228254,-0.272390734,0.189434898857604,0.346646348097683,0.427736522412926,0.109878152772919
IntraMac->Alpha,CCL8_CCR1,0.366766245146565,0.284504144978936,0.339474560057455,0.00903177982430414,0.00320297308090861,0.474097805,0.068206197929805,-0.366411196,-0.111557404,0.25485379182549,0.0115345621852559,0.544025626820001,0.00640731994396644,0.104953384079383
IntraMac->Alpha,PYY_NPY4R,0.386897225757742,0.283813883237339,0.357931051136696,0.000397215039355908,8.2032663100392e-05,0.270044666,0.0445872698739363,-0.44700522,-0.112268678,0.334736541417781,0.000621368755175568,0.336761583199304,0.000243927536308721,0.0727878987371504
IntraMac->Alpha,B2M_CD1B,0.62658349188929,0.66446016678047,0.579396048267723,0.131291094697439,0.138041163101764,0.636033749,0.072108820168348,0.0846759542905216,-0.112956916,-0.19763287,0.144522460625173,0.695210078052564,0.183190776698428,0.109878152772919
IntraMac->Alpha,VWF_GP1BB,0.382698413433331,0.328742530374589,0.35142021976866,0.453760483304247,0.27823110486455,0.982447116,0.329634594987756,-0.219249805,-0.123010717,0.0962390880862793,0.470193044685849,0.988061099467569,0.33948198118725,0.407262450602091
IntraMac->Alpha,CD274_PDCD1,0.408631436931952,0.276466550094074,0.374585753049842,1.04312040112634e-05,1.66196836105128e-05,0.597260659,0.000518905116837177,-0.563695258,-0.125504168,0.43819108975722,2.11137025470153e-05,0.659241204930201,5.91485725749193e-05,0.00138652160694849
IntraMac->Alpha,OMG_TNFRSF1B,0.327248874466936,0.245617453883327,0.299805924687118,0.00302970339755915,0.000875710872618197,0.559585561,0.0473321623854282,-0.413975145,-0.126359336,0.287615808607954,0.00415665146233737,0.624828119371443,0.00200224500299255,0.0765986139367236
IntraMac->Alpha,COL9A1_CD44,0.388296844802379,0.364802525177293,0.355501444085359,0.801750858386459,0.525020828915126,0.741329491,0.768654118871087,-0.090044268,-0.127304564,-0.037260296,0.810175713035304,0.7878684619472,0.58785191359024,0.815236568599147
IntraMac->Alpha,LAMA3_SV2C,0.32836471742004,0.251937493985848,0.300480703321872,0.00586456824102154,0.00102322107437416,0.181471435,0.282062914470656,-0.382233274,-0.128026773,0.25420650039863,0.00769838060121714,0.240006458185694,0.00230546043037733,0.357629858119108
IntraMac->Alpha,COL9A1_ITGB1,0.512187560359983,0.564183493442951,0.467542475048322,0.0914859369819084,0.138041163101764,0.474097805,0.0437026777672058,0.139492242507341,-0.131574778,-0.27106702,0.102631487692994,0.544025626820001,0.183190776698428,0.0715190488092098
IntraMac->Alpha,PTDSS1_SCARB1,0.329848266663813,0.293965905611636,0.300540064596158,0.316546060179336,0.139704179072315,0.396236386,0.614097767166674,-0.166153683,-0.134245196,0.031908487505257,0.33364312422066,0.467741459191443,0.185153986375467,0.680806271943277
IntraMac->Alpha,CLSTN1_NRXN3,0.373658465072308,0.2850633000761,0.340317238594556,0.00564378887978022,0.00127411743853543,0.141571765,0.23603833595107,-0.390437891,-0.134839974,0.255597917062015,0.00742842707359812,0.192954621063622,0.00279712107946775,0.308352088250764
IntraMac->Alpha,CALM1_PTPRA,0.413668237622359,0.446502865570775,0.375498808487157,0.547360306270622,0.473598662389033,0.724755069,0.301287040361788,0.110195245607485,-0.139665858,-0.249861104,0.562558058273729,0.772806960148303,0.539536922663031,0.377793455100787
IntraMac->Alpha,HMGB1_THBD,0.504372776578806,0.479524202057213,0.454913050337646,0.882626786974592,0.871288470042623,0.691992115,0.643928269873742,-0.072886777,-0.148899586,-0.076012809,0.887383344352123,0.745176650054899,0.895184364859301,0.706980623812765
IntraMac->Alpha,TGFB3_ACVR1B,0.356217748859211,0.283642803527966,0.320579390711523,0.0552035240283794,0.0145740388066253,0.523087349,0.26011472760499,-0.32868414,-0.15207772,0.176606419455825,0.0632991360954792,0.591150810433913,0.0247310594848464,0.335131240207092
IntraMac->Alpha,LAMC2_CD44,0.415654246890514,0.363454276379914,0.373999040300286,0.453477038416785,0.226688223393495,0.552189403,0.562003796158154,-0.193610071,-0.152349384,0.0412606877117294,0.469951540312385,0.618123455287716,0.284022531607055,0.633595771158238
IntraMac->Alpha,SEMA3C_NRP1,0.336260050073645,0.307171839577929,0.301924201775125,0.650136166217471,0.421466999121979,0.427709417,0.986589978179958,-0.130531426,-0.155390981,-0.024859555,0.663291059660568,0.499208388061947,0.488887622202338,0.990625545367346
IntraMac->Alpha,LAMA5_CD44,0.411440786337263,0.349584758258912,0.36916597616984,0.283932187129598,0.119255871881743,0.315747643,0.820497787384313,-0.23504253,-0.156415221,0.0786273089360015,0.300626497337672,0.385207169368203,0.161126705230721,0.858123484776418
IntraMac->Alpha,CSF2_ITGB1,0.544879592968102,0.540620277508983,0.488803610743493,0.527862780827273,0.653665027878875,0.467308386,0.270936542016287,-0.011321834,-0.156682517,-0.145360683,0.543117584332319,0.537689974834056,0.707435593462599,0.346394745604156
IntraMac->Alpha,LAMA1_CD44,0.407552318463766,0.350409019020369,0.365322334672824,0.220249270315584,0.0821013622770995,0.58205424,0.410178072248079,-0.217945365,-0.157815315,0.0601300498251505,0.236229181729765,0.645205222408683,0.11551644436307,0.488838770656712
IntraMac->Alpha,F8_LRP1,0.328064346128201,0.2734165357179,0.293704411137409,0.0881700497345119,0.0261022088757781,0.348848642,0.414971332464943,-0.262878313,-0.159613877,0.103264436187453,0.0990068886389222,0.419662126769493,0.0415568193195524,0.493920197681892
IntraMac->Alpha,WNT11_FZD9,0.361468820098628,0.306766038357316,0.323181470853136,0.098032759035136,0.0236926195014795,0.544840938,0.41979754214733,-0.236732434,-0.161526721,0.0752057124534875,0.109541156717747,0.611443814349082,0.0381305649947897,0.498837130337617
IntraMac->Alpha,ESAM_ESAM,0.315713819689757,0.237635507363409,0.282046411213704,0.0048322773040189,0.00130210675498718,0.242193162,0.110324273000541,-0.409866992,-0.162684832,0.247182160185843,0.00642192373441919,0.307287515624831,0.00285319516338276,0.159898200520361
IntraMac->Alpha,CXCL12_CXCR3,0.348311229564059,0.291862796244144,0.310283256590328,0.0546093336267619,0.0178838134565461,0.160599263,0.512144155517185,-0.255086663,-0.166791137,0.0882955262100217,0.0626794467909972,0.215735876032824,0.0296516551586673,0.587033753092197
IntraMac->Alpha,DKK1_LRP6,0.349494856359969,0.340839098630805,0.311300343715949,0.224497010821182,0.803156010929258,0.086150549,0.160483268481407,-0.036180382,-0.166964053,-0.130783671,0.240480950498391,0.124167540979497,0.837451293309649,0.22151345492669
IntraMac->Alpha,WNT16_LRP5,0.305036546690028,0.303997354318058,0.271596120376912,0.579411858104701,0.520966242078833,0.343185804,0.528504179310326,-0.004923336,-0.167519231,-0.162595896,0.594124855710745,0.413917400772256,0.584153516782228,0.602823059991039
IntraMac->Alpha,WNT4_FZD4,0.333041932292223,0.27318132953782,0.295776838225948,0.0470346558033611,0.0118166216682046,0.224772343,0.512144155517185,-0.285844946,-0.171194752,0.114650194880258,0.0544611804038918,0.288679115128326,0.020518512085073,0.587033753092197
IntraMac->Alpha,UCN3_CRHR1,0.336000420297857,0.288432481354232,0.298047360503357,0.176168432016619,0.0633079890720522,0.305182032,0.631923549769779,-0.220229396,-0.17292144,0.0473079562685923,0.191014661612347,0.374078580444706,0.0915703088950384,0.695936584681523
IntraMac->Alpha,COL1A1_ITGA2,0.333805723205599,0.299147852610683,0.295725087548325,0.0668252918828063,0.0194466284375658,0.315747643,0.377556499574821,-0.158149983,-0.174752052,-0.016602069,0.075906761164493,0.385207169368203,0.0319588002229764,0.456967306089779
IntraMac->Alpha,LAMA5_ITGB1,0.545585682718905,0.560750886355212,0.48334409596475,0.120406464878669,0.504910653612456,0.14771436,0.0445872698739363,0.039554210050451,-0.174755166,-0.214309376,0.133011784034607,0.200448000155881,0.569762054418315,0.0727878987371504
IntraMac->Alpha,WNT8A_FZD4,0.410469437098045,0.309091872567123,0.363488855636219,0.0125729038503263,0.00375906979689576,0.274889254,0.143665803473919,-0.409239084,-0.175363672,0.233875412233781,0.0157317299954184,0.341888928795063,0.00737969138771408,0.20136958900146
IntraMac->Alpha,LIPC_LRP1,0.335499005577207,0.25830120819685,0.296928875237261,0.0158515334676209,0.00375906979689576,0.233369028,0.26011472760499,-0.377254097,-0.176191093,0.201063004549985,0.0195767382743238,0.297752194753249,0.00737969138771408,0.335131240207092
IntraMac->Alpha,WNT11_FZD1,0.358000688753594,0.275304015007203,0.31674070991504,0.00310488613801265,0.000530665868399336,0.523087349,0.0928064074922973,-0.378936712,-0.176660057,0.202276654479178,0.00425291892736888,0.591150810433913,0.00128206454815566,0.137434222747761
IntraMac->Alpha,NTN4_UNC5B,0.354652234740544,0.294364418064616,0.313272851664304,0.0716089814257267,0.0194466284375658,0.242193162,0.584892560463631,-0.268801744,-0.178985287,0.0898164573176018,0.0810739869813302,0.307287515624831,0.0319588002229764,0.6547315257416
IntraMac->Alpha,COL1A2_ITGA2,0.430991448518286,0.387686245548743,0.380488621319333,0.250023300296442,0.139704179072315,0.192623351,0.662110047831206,-0.152769692,-0.179805934,-0.027036242,0.266508667028364,0.25264210023298,0.185153986375467,0.723373451179373
IntraMac->Alpha,EDIL3_ITGAV,0.317144212205276,0.345783328363053,0.2793168799284,0.313274693296138,0.592014413738772,0.118924037,0.289650352895715,0.124729298393518,-0.183236251,-0.307965549,0.330307035047629,0.165441801838872,0.651523177366124,0.3652640924444
IntraMac->Alpha,HLA-C_KIR2DS1,0.364299500861734,0.446203496503114,0.320767106296895,0.00711189818881797,0.0351794317866001,0.260529726,0.00373950556759294,0.292576799627606,-0.183598813,-0.476175612,0.00923052543554947,0.327390715368799,0.0541431584697363,0.00805219481405977
IntraMac->Alpha,CD55_CR1,0.339192165661647,0.274044698796578,0.29854459606606,0.0568495642976375,0.0178838134565461,0.242193162,0.373030386741242,-0.30769162,-0.184156393,0.123535227372622,0.0650745779566036,0.307287515624831,0.0296516551586673,0.452172795151303
IntraMac->Alpha,WNT11_FZD5,0.330789843786402,0.236228124059556,0.291084615356535,0.00300728155254169,0.00100082593066566,0.260529726,0.0620887393266715,-0.485734204,-0.184476349,0.3012578552887,0.00413014168464501,0.327390715368799,0.00226100854474431,0.096979866115069
IntraMac->Alpha,CEL_RORA,1.45156297166144,1.58193977905692,1.27717407175596,0.031661154188612,0.28100253543848,0.118924037,0.00874126719190644,0.124087520294439,-0.18465199,-0.308739511,0.0374838490000473,0.165441801838872,0.342370905246883,0.0171587837470756
IntraMac->Alpha,SELPLG_ESAM,0.317713481903996,0.24081034538367,0.279034580094703,0.000259351504747033,4.47055632727558e-05,0.086150549,0.110324273000541,-0.399828937,-0.187282387,0.212546549459222,0.000416964983847006,0.124167540979497,0.000142910724540187,0.159898200520361
IntraMac->Alpha,CD34_SELL,0.311196212506036,0.245383039344188,0.273220927813944,0.0259043130160305,0.00658794801004084,0.181471435,0.400690839780537,-0.342788966,-0.187756508,0.155032458242698,0.0310226514075661,0.240006458185694,0.012142339268457,0.479492514877851
IntraMac->Alpha,THBS1_ITGB1,0.638608875056199,0.64131474382789,0.56034011052673,0.26729107707224,0.516927840360008,0.332035145,0.104814276708141,0.00609997223315475,-0.188629835,-0.194729807,0.283812312684104,0.401923673611596,0.580732485786519,0.153077747476678
IntraMac->Alpha,BTC_ERBB2,0.316258091004222,0.232186904301609,0.276915634348713,0.0107141376621442,0.00187355113491168,0.260529726,0.289650352895715,-0.445815784,-0.19165588,0.254159903678382,0.0135513865915228,0.327390715368799,0.00395306152147843,0.3652640924444
IntraMac->Alpha,CXCL12_CD4,0.290377637107432,0.282438605682939,0.253026560869136,0.182922328740142,0.764850258855267,0.113725608,0.0880103570060072,-0.039993051,-0.198641514,-0.158648463,0.19787770874267,0.159154033292315,0.805341823524318,0.131163918043991
IntraMac->Alpha,CD46_JAG1,0.430740258576536,0.381997676886219,0.374491461424537,0.127128189486385,0.0799313150873913,0.094678307,0.608205463225818,-0.173254305,-0.201885344,-0.02863104,0.140121913213872,0.135122283908672,0.11270340910525,0.675646280894676
IntraMac->Alpha,LAMC2_ITGB1,0.551384727083135,0.562166453993299,0.478582346897767,0.217353864048335,0.731794816118123,0.185134941,0.0864568212424326,0.0279380602853869,-0.204292124,-0.232230184,0.233284644326645,0.244184440198365,0.777026982896967,0.129035650693478
IntraMac->Alpha,MIF_CD74,0.508426274620754,0.528320901311292,0.44041200333627,0.449513139344592,0.541399138875588,0.501782694,0.213582629256647,0.0553758981457349,-0.207184798,-0.262560696,0.466102552668558,0.57066922293753,0.603149548242145,0.283722410382513
IntraMac->Alpha,CTSG_F2RL2,0.307617770947491,0.246881654241051,0.266088952332291,0.0761586893230627,0.022561924932122,0.204264069,0.643928269873742,-0.317319215,-0.209230236,0.108088978464082,0.0860266715918538,0.265742710980615,0.0365187637978195,0.706980623812765
IntraMac->Alpha,GZMB_CHRM3,0.348518517276713,0.265380932900626,0.301324227200326,0.00420187129919948,0.000582029598624238,0.160599263,0.359654837503901,-0.39317059,-0.209918636,0.183251953512153,0.00563471182848372,0.215735876032824,0.00139459853479756,0.438543833233514
IntraMac->Alpha,LAMC1_ITGA2,0.349436566516135,0.276454466840558,0.301840834830776,0.0390046212222607,0.00723504358897736,0.237752564,0.692855884532185,-0.337988702,-0.21124259,0.126746112663531,0.0457079279850814,0.302641364236796,0.0131864960136735,0.750908516393916
IntraMac->Alpha,CALM1_PDE1B,0.380520339233214,0.356107493871093,0.328566323858016,0.296217985659061,0.16088117350599,0.208254302,0.966483230293598,-0.095660773,-0.211788949,-0.116128176,0.313172545645213,0.270330661038194,0.210034931625455,0.975160148423871
IntraMac->Alpha,TGFB1_CXCR4,0.513164198059591,0.494888680161018,0.442932098840133,0.545896181914041,0.545533220735886,0.284753177,0.517567996317549,-0.052316478,-0.212334969,-0.160018491,0.561115105773462,0.352184783538217,0.606984995329001,0.592231878023809
IntraMac->Alpha,POSTN_ITGAV,0.343675154078738,0.312252805468258,0.296514051052857,0.146748354555668,0.113459979291248,0.09033457,0.512144155517185,-0.138331022,-0.212945083,-0.074614062,0.160740799823306,0.129537412246496,0.154211669361615,0.587033753092197
IntraMac->Alpha,OLFM2_ROBO2,0.394776862741141,0.307652162927168,0.340027159375392,0.0419754444850772,0.0112040749061555,0.260529726,0.368538030907081,-0.359737302,-0.215387453,0.144349849196104,0.0489433682696,0.327390715368799,0.0195677983008085,0.447445366692861
IntraMac->Alpha,GCG_GLP2R,1.34479938382002,1.29536049047423,1.15765020339406,0.582030147293727,0.755359041161717,0.326547464,0.405417872744357,-0.054037322,-0.216191575,-0.162154253,0.596547326003284,0.395948881407163,0.797328181051997,0.48409343535066
IntraMac->Alpha,CCL5_CXCR3,0.358883447438412,0.278254886017133,0.308593697284882,0.0606008317712523,0.0164321475289053,0.279792062,0.439429460117369,-0.367108362,-0.217806787,0.14930157531262,0.0691479582583781,0.346646348097683,0.0275210312588755,0.517550253027124
IntraMac->Alpha,C1QA_CR1,0.426045581188654,0.435768002315992,0.36630944925071,0.247833269482595,0.529091507656148,0.242193162,0.110324273000541,0.0325524778730286,-0.21794487,-0.250497348,0.264264830559402,0.307287515624831,0.591699506464038,0.159898200520361
IntraMac->Alpha,COL11A1_ITGB1,0.562737445017168,0.564308345502689,0.482862628431789,0.277120647174228,0.990056033412335,0.174304202,0.130356257309395,0.00402172089699243,-0.220849155,-0.224870876,0.293981735112157,0.231677058126665,0.992076772979939,0.185432586350695
IntraMac->Alpha,ALDH1A2_RXRA,0.401456421172939,0.301693710129191,0.343608283260094,0.000343591816653527,5.53378503921501e-05,0.076364312,0.153102064019476,-0.412158769,-0.224478573,0.187680196196435,0.000542672615263139,0.111614902319282,0.000172697045318828,0.212773547850666
IntraMac->Alpha,LAMA1_ITGB1,0.546566859616618,0.55382529981603,0.467263476523085,0.159495425483333,0.46976115700668,0.224772343,0.057528062304685,0.0190329737468958,-0.226161712,-0.245194686,0.17392720702695,0.288679115128326,0.536337425035549,0.0908912203892449
IntraMac->Alpha,LAMA3_ITGAV,0.324880592756508,0.320839981547972,0.277629781262397,0.0695311958158008,0.508899956988657,0.017140822,0.091184939193477,-0.01805563,-0.22674723,-0.2086916,0.078845975512982,0.0294564455137185,0.57331144912925,0.135290776649714
IntraMac->Alpha,COL6A3_ITGAV,0.367754713540534,0.417437002953154,0.314165429578294,0.0625216066524978,0.541399138875588,0.076364312,0.022262711677474,0.18281465807694,-0.227219395,-0.410034053,0.0712002865162372,0.111614902319282,0.603149548242145,0.0393531503747352
IntraMac->Alpha,LAMC1_ITGA6,0.432672155710341,0.328762315223962,0.368206123825475,0.00534800313515063,0.00100082593066566,0.132723633,0.321364427440758,-0.396229341,-0.232760659,0.163468682779227,0.00705746635414349,0.18222638357429,0.00226100854474431,0.398681657024524
IntraMac->Alpha,BMP5_BMPR2,0.309548718933582,0.232855939616503,0.262944359181707,0.0012460002280343,0.000194151120684646,0.106261152,0.229458491964178,-0.410728805,-0.23540894,0.175319864560339,0.00181321218831574,0.149751325247714,0.000523271208825882,0.301548156247091
IntraMac->Alpha,COL6A2_ITGAV,0.391871091455904,0.450056090542433,0.332854278957184,0.0219151272988274,0.201432220582439,0.064187314,0.00964242733975484,0.199725666955211,-0.235488433,-0.4352141,0.0265244981761336,0.0960441556868977,0.256198493808698,0.0187228480901818
IntraMac->Alpha,TGFB3_TGFBR3,0.354831312066152,0.283877023650936,0.299736728058886,0.0164764771621578,0.00347089841232749,0.208254302,0.350907361722933,-0.321867239,-0.243437451,0.078429788788455,0.0203135843204611,0.270330661038194,0.00687692021881708,0.429449471287263
IntraMac->Alpha,CALM3_ADCY8,0.367198235179577,0.356885263017824,0.309581835922659,0.214037145814299,0.653665027878875,0.076364312,0.181478349432614,-0.041098796,-0.246238297,-0.205139502,0.22991000646658,0.111614902319282,0.707435593462599,0.246732261114622
IntraMac->Alpha,HLA-E_KLRC2,0.536228592866765,0.554447164019515,0.450498525857865,0.164649483832405,0.920577822367047,0.09033457,0.0834162045515038,0.0482018363990773,-0.251325763,-0.2995276,0.179171635939379,0.129537412246496,0.936848126449903,0.124997004988984
IntraMac->Alpha,COL4A1_ITGA2,0.385286255869846,0.376192949721757,0.323547804027844,0.234647296600408,0.324822708652535,0.084117247,0.391336669768208,-0.034457911,-0.251951836,-0.217493925,0.250835432350287,0.121782660298243,0.388156062812048,0.470289674774265
IntraMac->Alpha,CD96_NECTIN1,0.417210115038986,0.260266412073111,0.349680790299217,6.98567532060642e-07,1.65378924131395e-07,0.055053707,0.00852807836321643,-0.680784993,-0.254735591,0.426049401467643,1.75261913369061e-06,0.083925638697965,1.03533866060245e-06,0.016786223881005
IntraMac->Alpha,EFNB2_EPHB4,0.329830044835716,0.276914861806578,0.275653856538069,0.222573854663678,0.0986612420593263,0.220558765,0.886396034251837,-0.252280338,-0.258865036,-0.006584698,0.238503034612612,0.284167425541369,0.136281958526491,0.912616137693282
IntraMac->Alpha,COL9A1_MAG,0.317340509217841,0.263644119516435,0.264770677206883,0.0043510688612427,0.000731380845537045,0.065823284,0.724116189339906,-0.267439877,-0.26128834,0.00615153723796514,0.00582640975275221,0.0981457155406701,0.00170686027700014,0.778264294753156
IntraMac->Alpha,CDH1_ITGAE,0.352736635779821,0.285359527612488,0.294112733961665,0.0502695208011408,0.0201044073331099,0.086150549,0.705300871933122,-0.30581069,-0.262222175,0.0435885159645213,0.0580411053389084,0.124167540979497,0.0329411402781045,0.762169431579259
IntraMac->Alpha,RTN4_RTN4R,0.479191376080607,0.383908529145056,0.399446010914994,0.0476058213657148,0.0236926195014795,0.09033457,0.346584633499659,-0.319839331,-0.262601422,0.0572379093283364,0.0550815060406087,0.129537412246496,0.0381305649947897,0.424772232464173
IntraMac->Alpha,CALM1_ADCY8,0.405315310242593,0.357514365384667,0.337191277525619,0.171007521624111,0.110646444337423,0.092486237,1,-0.181043459,-0.265477454,-0.084433995,0.185742683012309,0.132216340123291,0.150871222449858,1
IntraMac->Alpha,RSPO4_LGR4,0.313208097551262,0.252252453638082,0.260081197946318,0.0219360593165979,0.00737110945260603,0.056497102,0.833591954560314,-0.312253208,-0.268159405,0.0440938037343687,0.0265463883374708,0.0857755474137625,0.0134161383363725,0.869055471529612
IntraMac->Alpha,WNT4_LRP6,0.323255206551399,0.311147598628388,0.267536760537797,0.144582882127117,0.346717998877197,0.042220007,0.242750536682889,-0.055074495,-0.272936469,-0.217861974,0.158536396436081,0.0663457253834108,0.411421637644891,0.315592614101461
IntraMac->Alpha,WNT10A_LRP5,0.343338599508958,0.328165340286681,0.283438056717772,0.164625735701103,0.458352405640837,0.055053707,0.189855946483127,-0.065209185,-0.27659858,-0.211389394,0.179171635939379,0.083925638697965,0.525376166111787,0.256403108266195
IntraMac->Alpha,VCAN_SELP,0.331817061098529,0.264589505237375,0.273525169092787,0.044846268394878,0.0145740388066253,0.09918554,0.913003847853359,-0.326632227,-0.278714474,0.0479177528542717,0.0520500176169493,0.140779476670545,0.0247310594848464,0.933519663792188
IntraMac->Alpha,CALM1_GLP2R,0.324375529964094,0.331660951644156,0.266974508083065,0.0651815323090447,0.783937687224097,0.035794938,0.0341938802194543,0.0320441746776197,-0.280962996,-0.313007171,0.0741208501010324,0.057262856152771,0.820899275530576,0.0576156999073464
IntraMac->Alpha,BMP6_BMPR2,0.325559409471318,0.241457653490464,0.267751711433373,0.0147716673283445,0.00347089841232749,0.14771436,0.382116301022304,-0.431150642,-0.282025039,0.149125602550126,0.0183109784503385,0.200448000155881,0.00687692021881708,0.461289097442223
IntraMac->Alpha,GDF6_BMPR2,0.337451522522583,0.249636653974786,0.277206264413609,0.00174408228301872,0.000595574838982939,0.096911251,0.0928064074922973,-0.434850482,-0.283720402,0.151130080191346,0.00248189161495021,0.137929226808419,0.00142449284564945,0.137434222747761
IntraMac->Alpha,GDF15_TGFBR2,0.3543456530036,0.264649132023234,0.291075599770245,0.00885724171024209,0.00272285680032683,0.124304365,0.210504932604814,-0.421076427,-0.283763443,0.137312983734838,0.0113318270022134,0.172136447852077,0.00553471523936558,0.280232626136393
IntraMac->Alpha,NTN4_UNC5A,0.459934316213965,0.289864926602585,0.37645526241577,7.66084307130331e-07,1.89214653429022e-07,0.020603074,0.0173927531840683,-0.666047062,-0.288949416,0.377097646289503,1.90587935321631e-06,0.034772113203136,1.16578222403297e-06,0.0316010131867918
IntraMac->Alpha,WNT8A_LRP6,0.393089708434752,0.345192134653091,0.321477996226835,0.0638303411531189,0.0615553014442646,0.032904163,0.534016064213057,-0.187459,-0.290138597,-0.102679597,0.0726197612240875,0.0530951376624903,0.089381670590302,0.607994854995654
IntraMac->Alpha,SPX_GALR3,0.475667327270535,0.346977282303095,0.388844937964405,0.000789698647243099,0.000108909058951855,0.076364312,0.289650352895715,-0.455111723,-0.290757974,0.164353749159886,0.00118734832067757,0.111614902319282,0.00031277823334449,0.3652640924444
IntraMac->Alpha,HLA-DQA2_CD4,0.298663725407337,0.301553314727121,0.244141115890617,0.106016090759474,0.783937687224097,0.064187314,0.0512118497732704,0.0138910697173486,-0.290806742,-0.304697812,0.117896768550831,0.0960441556868977,0.820899275530576,0.0821644538502005
IntraMac->Alpha,ADAM2_ITGB1,0.5348840984266,0.549312263345027,0.437168804713395,0.0360117416003546,0.574902767009512,0.049580176,0.0116967260085579,0.0384001857474415,-0.291035856,-0.329436042,0.0423550026034684,0.0765701784940233,0.635013974027795,0.0222033089556019
IntraMac->Alpha,CNTN1_NRCAM,0.398146436179627,0.314970901771961,0.324829726153023,0.0247484344183331,0.00970626851102602,0.053640778,0.596497149330572,-0.33808059,-0.293615479,0.044465110791999,0.0297299930784561,0.0820533249201643,0.0172129415724051,0.665326486781726
IntraMac->Alpha,PRSS3_F2RL2,2.43407208057927,2.65773351593973,1.98389405193821,0.00263030885612557,0.321769913355036,0.008103551,0.000957502079068549,0.126824565067213,-0.295036909,-0.421861474,0.00364731990633853,0.0151058995509664,0.385297785850549,0.00238876153879418
IntraMac->Alpha,CGN_TGFBR2,0.327437049687102,0.259076196508602,0.266357547492731,0.0130084689145941,0.0059933742536027,0.025387098,0.993294752319972,-0.337841102,-0.29785341,0.0399876922743493,0.0162375214820465,0.0420697903812918,0.0111433516120403,0.995322102228026
IntraMac->Alpha,HSPG2_CHRM3,0.371490946516502,0.305778191022436,0.300526161117926,0.0545399217963159,0.0557343799781345,0.035794938,0.368538030907081,-0.280841538,-0.305836466,-0.024994929,0.0626151865250505,0.057262856152771,0.0818338259776545,0.447445366692861
IntraMac->Alpha,SLURP1_CHRNB2,0.311588836528291,0.237987107092633,0.251725583255147,0.00446638857700418,0.0017960207263897,0.017140822,0.662110047831206,-0.388760127,-0.307791698,0.0809684290037166,0.00596798061112949,0.0294564455137185,0.00381536810197294,0.723373451179373
IntraMac->Alpha,ALDH1A2_CRABP2,0.727687979970869,0.596235594778213,0.587706330115308,0.004183513687039,0.00183440960075416,0.013748094,0.886396034251837,-0.287437474,-0.308224542,-0.020787068,0.00561170774700889,0.0241647291439407,0.00388365246387534,0.912616137693282
IntraMac->Alpha,OXT_AVPR1B,0.316730364540289,0.290925300646944,0.255722206033067,0.187658630541934,0.178292987537035,0.09033457,0.48023417448016,-0.122606415,-0.308677738,-0.186071322,0.202766095875728,0.129537412246496,0.230125499895595,0.557722158808632
IntraMac->Alpha,THBS1_LRP1,0.365380890322873,0.306960498970554,0.293965120864197,0.0511093955136262,0.0434826130343712,0.029358507,0.643928269873742,-0.251348166,-0.313756192,-0.062408026,0.0589378713501181,0.0479082649016019,0.0655683502076648,0.706980623812765
IntraMac->Alpha,GAS6_AXL,0.364756519917933,0.294113782453555,0.292883442730375,0.0290458769318348,0.0150850339594065,0.039979047,0.649965906428865,-0.310559373,-0.316607128,-0.006047755,0.0345763067917502,0.0632611620138663,0.0255192594801131,0.712609541040016
IntraMac->Alpha,GPHA2_TSHR,0.314262449830827,0.266816301649657,0.250799370400065,0.0174529793627733,0.0126794722034369,0.014651958,0.986589978179958,-0.236123085,-0.325436172,-0.089313087,0.0214551122161241,0.0255703398905161,0.0218540496514523,0.990625545367346
IntraMac->Alpha,PODXL2_SELL,0.31936533674075,0.246590696150293,0.254615086231302,0.0110751106476759,0.00354099216010225,0.043379219,0.775083438387839,-0.373089365,-0.32688983,0.0461995349126139,0.0139757348649244,0.06796126171018,0.00699499679572931,0.820469622478639
IntraMac->Alpha,LIPA_RORA,0.365294940211162,0.337138483601684,0.290739909892321,0.0206339163639858,0.0565367512648474,0.009920101,0.160483268481407,-0.115720453,-0.329332646,-0.213612193,0.0250518250479317,0.0181227387339283,0.0828554306046342,0.22151345492669
IntraMac->Alpha,PF4_CXCR3,0.357363341379531,0.282683061650959,0.284258600864881,0.026452666051529,0.0116092172432202,0.043379219,0.959785082203396,-0.338206209,-0.330187646,0.00801856206521278,0.0316225129986752,0.06796126171018,0.0201884374430943,0.970027535307497
IntraMac->Alpha,CDH1_ITGA2,0.36847380366893,0.288375291900235,0.292859232868486,0.0163285112296009,0.00555301515873716,0.072709333,0.444418557798203,-0.353614495,-0.331354676,0.0222598191805786,0.0201391448829455,0.107027404127099,0.0104222385112073,0.523030066507903
IntraMac->Alpha,CCL13_CXCR3,0.346913893255839,0.280506949185481,0.275622962299704,0.0177060693633344,0.00886336866845509,0.027710834,0.859915686726938,-0.306541106,-0.331881533,-0.025340427,0.0217404521549537,0.0455229234145556,0.0158416368920002,0.89085889891036
IntraMac->Alpha,TENM4_ADGRL2,0.317787293231453,0.256796886186355,0.252265122609097,0.0192702892707639,0.0194466284375658,0.01768027,0.355264110510296,-0.307433729,-0.333120681,-0.025686951,0.0234940868275631,0.0302719452583062,0.0319588002229764,0.433870597386756
IntraMac->Alpha,THBS1_LRP5,0.375843864729953,0.351226642758621,0.29825417207598,0.0540431710466797,0.349920894159852,0.013748094,0.0961187514819771,-0.097731167,-0.333591134,-0.235859967,0.0620907377168898,0.0241647291439407,0.414694714867628,0.141731854856763
IntraMac->Alpha,CDH15_CDH15,0.338476667803243,0.237652304328873,0.26850895055971,0.00311362463900375,0.000782697330728511,0.042220007,0.459578252182405,-0.510203996,-0.334086207,0.176117789157945,0.00426294888155163,0.0663457253834108,0.0018116627049716,0.537076664539899
IntraMac->Alpha,CALM3_PDE1B,0.359401009271658,0.360386645215014,0.285076051030595,0.131253296983449,0.881112684825876,0.070935546,0.0669445708729144,0.0039510901960257,-0.334247614,-0.338198704,0.144497905613314,0.104803658710135,0.903586095432692,0.103335918765935
IntraMac->Alpha,CALR_TSHR,0.488013839688565,0.482530737478556,0.386494625969679,0.0619676999864128,0.812810792051619,0.027710834,0.0387007495546757,-0.016301216,-0.336473707,-0.320172491,0.0706039703766042,0.0455229234145556,0.846194092439453,0.0642442055864942
IntraMac->Alpha,RIMS1_CACNA1C,0.339691695711009,0.277363637595653,0.268249812259964,0.0113517811029802,0.0059933742536027,0.018803314,0.939709549359295,-0.292447286,-0.340648787,-0.048201501,0.0142919981277634,0.0320184952205067,0.0111433516120403,0.95444367121336
IntraMac->Alpha,NCR3LG1_NCR3,0.325211057161178,0.244901959922072,0.255802425598716,0.00168637379339634,0.000506598457943142,0.014193767,0.986589978179958,-0.409171989,-0.346346364,0.0628256244498917,0.00240564226101867,0.0248357649336647,0.00122965142224658,0.990625545367346
IntraMac->Alpha,PDGFB_ART1,0.348128970567086,0.25058683577044,0.272953381811426,0.000900395397490191,0.000133461411157309,0.042220007,0.512144155517185,-0.474311249,-0.350967304,0.12334394460615,0.0013397492850197,0.0663457253834108,0.000374076936080343,0.587033753092197
IntraMac->Alpha,TPH1_HTR5A,0.3076988,0.220429107495383,0.240953918163675,0.00247592424165791,0.00044036258315273,0.078246458,0.368538030907081,-0.481204071,-0.352761554,0.128442517179912,0.00344810709557853,0.114115535459436,0.00108870982657002,0.447445366692861
IntraMac->Alpha,NRG1_ERBB2,0.324783963688381,0.232860434651133,0.253922136684496,0.00120900563665681,0.000286953342123495,0.017140822,0.886396034251837,-0.480014867,-0.355094226,0.124920640846254,0.00176405515074843,0.0294564455137185,0.000740238046274327,0.912616137693282
IntraMac->Alpha,THBS1_ITGA4,0.340880528167007,0.276762874901962,0.265540658593176,0.0450414302086426,0.0391444056588609,0.027710834,0.584892560463631,-0.300615759,-0.360333413,-0.059717654,0.0522635229489014,0.0455229234145556,0.0596632379061853,0.6547315257416
IntraMac->Alpha,HLA-DOB_CD4,0.292808409692944,0.255492139935103,0.227710934654971,0.0968947731098796,0.376216072321421,0.03384503,0.124070583849741,-0.196678081,-0.362753417,-0.166075336,0.108347451878321,0.0544791099423915,0.441927153080748,0.177722728217196
IntraMac->Alpha,CSF2_SDC2,0.413831660386218,0.373200860153434,0.320695473198405,0.0400797239287555,0.122239549141956,0.021235028,0.110324273000541,-0.149091712,-0.367840033,-0.218748321,0.0468735788374412,0.0357352231826711,0.164680894626829,0.159898200520361
IntraMac->Alpha,LAMA1_RPSA,0.658220177324827,0.645794345360899,0.509120407016879,0.0187566571059293,0.562224527581987,0.007062017,0.0177931694133203,-0.027495443,-0.370563357,-0.343067914,0.0229248031294691,0.0133214352249906,0.623224051489575,0.0322343531340943
IntraMac->Alpha,JAM3_JAM3,0.367307442370308,0.327259315878663,0.283340055845315,0.0783468247689388,0.267331813,0.024650427,0.153102064019476,-0.166553867,-0.374453557,-0.20789969,0.0883271913759562,0.0409217260092431,0.328287408561415,0.212773547850666
IntraMac->Alpha,TGFB3_TGFBR2,0.343263464969057,0.272351314044767,0.262189427432543,0.00601792832283296,0.003268126840304,0.012483384,0.859915686726938,-0.333847484,-0.388706801,-0.054859316,0.0078874856534194,0.0221800012732637,0.00652087426018305,0.89085889891036
IntraMac->Alpha,ADM_CALCRL,0.323013321366716,0.26276155644178,0.246451845255418,0.0050094318638039,0.00240696757019569,0.013314656,0.913003847853359,-0.297839447,-0.39028788,-0.092448433,0.00663844017979297,0.0235003041704007,0.0049475966273216,0.933519663792188
IntraMac->Alpha,JAG1_CD46,0.470847891765776,0.438975502197136,0.358915774176453,0.0349886207100121,0.428701555547619,0.018234328,0.0288881893307936,-0.10112064,-0.391615739,-0.290495099,0.0412296429993675,0.031123479552559,0.49565296357811,0.0495711975860271
IntraMac->Alpha,HSPG2_ITGA2,0.346873332252914,0.284133227753207,0.264222730241455,0.00678111272101407,0.0112040749061555,0.008103551,0.17073918093565,-0.287841373,-0.392654346,-0.104812974,0.00882083662831115,0.0151058995509664,0.0195677983008085,0.234213982318786
IntraMac->Alpha,CALM1_CALCR,0.384290909438685,0.3944699171458,0.292673691153367,0.026312442195662,0.851700974093556,0.004133015,0.0356435859508904,0.0377164330449104,-0.392905782,-0.430622215,0.0314710168997481,0.00820125663823478,0.878640420962695,0.0597239751661408
IntraMac->Alpha,THBS1_CD36,0.390334007113592,0.315916906344027,0.297023431081685,0.0075048748390974,0.0124586866982199,0.00461212,0.3640794951976,-0.305164014,-0.394132415,-0.088968401,0.00970411318257562,0.00904961148444343,0.0215013190603137,0.443012461675347
IntraMac->Alpha,WNT16_FZD4,0.34370679794346,0.267793090719998,0.260996485900202,0.0115131590202902,0.0112040749061555,0.010255347,0.506750111067251,-0.360059646,-0.397148003,-0.037088356,0.0144736856255077,0.0186485511126226,0.0195677983008085,0.582281970440418
IntraMac->Alpha,TCN2_CNR1,0.330354650345635,0.248284308144769,0.250170858232161,0.0123235393812673,0.00448852471192204,0.034808485,0.919672259660628,-0.412022568,-0.401101909,0.0109206589645186,0.0154404265075166,0.0559045369438916,0.00863277495109459,0.938588931959993
IntraMac->Alpha,COL9A1_ITGB8,0.345475149133959,0.288836414300099,0.260648556085871,0.0269955074888166,0.0178838134565461,0.023231746,0.913003847853359,-0.258329299,-0.406476069,-0.148146769,0.0322507804630739,0.0387458828431083,0.0296516551586673,0.933519663792188
IntraMac->Alpha,THBS1_SCARB1,0.362892984641808,0.320181542570165,0.273674360428293,0.0148558621360086,0.136393446315474,0.004287525,0.0644789351697359,-0.180654023,-0.407083886,-0.226429863,0.0184113717378326,0.00848049926327093,0.181158773633881,0.100081359877207
IntraMac->Alpha,GNAI2_TBXA2R,0.426183756341141,0.371879655174132,0.321166360671983,0.0248901704967763,0.199242266257919,0.009278369,0.0564324713914612,-0.196639783,-0.408154815,-0.211515031,0.0298925595975189,0.0170707357483279,0.253863114281365,0.0894025294054943
IntraMac->Alpha,GNAS_TSHR,0.657189689310401,0.614367394430123,0.494774299006368,0.0490247163511,0.516927840360008,0.016104512,0.0512118497732704,-0.097208194,-0.409539284,-0.312331089,0.0566599621017298,0.0278345163810221,0.580732485786519,0.0821644538502005
IntraMac->Alpha,LAMC2_ITGB8,0.363475198077522,0.287034471582766,0.272073867600803,0.00249732205183219,0.00191345853590584,0.004447178,0.79446245897226,-0.340632915,-0.417858529,-0.077225614,0.00347531256146362,0.0087609874128979,0.00403088103498864,0.835861247156919
IntraMac->Alpha,WNT11_FZD6,0.356264466990753,0.248941630419641,0.266304330059841,0.00028959770093832,5.10969788458644e-05,0.020603074,0.424656584612964,-0.517141086,-0.419872711,0.0972683744507665,0.000462246296090461,0.034772113203136,0.000160644630493503,0.503456611752634
IntraMac->Alpha,LAMA1_SDC2,0.421848982878363,0.383232525786745,0.314565003291728,0.0128557003542712,0.112046246684206,0.005327829,0.0502177885454943,-0.138506612,-0.423368448,-0.284861836,0.0160640285203807,0.0103172066796967,0.152579180886172,0.0807640571642019
IntraMac->Alpha,C1QL2_ADGRB3,0.386900271771862,0.351232997347257,0.288269155042741,0.0825009814662502,0.224302951410708,0.02691693,0.189855946483127,-0.139533353,-0.424545265,-0.285011912,0.0928646259342563,0.0443684611136951,0.281374116562545,0.256403108266195
IntraMac->Alpha,CD40LG_ITGB1,0.568302562034197,0.548683264628463,0.422926705626308,0.00523057932523763,0.292275233757875,0.027710834,0.00128779293392249,-0.050685646,-0.426251557,-0.37556591,0.00691284272397515,0.0455229234145556,0.354669361323463,0.00311124902554494
IntraMac->Alpha,SEMA3G_PLXNA1,0.334179545779098,0.245113961071951,0.248609567306216,0.00321527959622082,0.0017214491069322,0.00897142,0.781528214813522,-0.447170772,-0.426741614,0.0204291581723693,0.00438737976500114,0.0165582528212085,0.00366781116250882,0.825418386297615
IntraMac->Alpha,TENM4_ADGRL1,0.338073253325755,0.295801542709027,0.250265535415833,0.0161399945924168,0.110646444337423,0.005721479,0.0734496393749329,-0.192706305,-0.433876252,-0.241169948,0.0199145330103259,0.0109927814791734,0.150871222449858,0.111622391021403
IntraMac->Alpha,WNT4_FZD9,0.34567634460615,0.31153304428671,0.255525206252854,0.00366522290143518,0.0767638650576323,0.000774209,0.0419779063709174,-0.150036682,-0.435956266,-0.285919584,0.00496503038405277,0.00180455263452453,0.108855781887746,0.0690721309980451
IntraMac->Alpha,COL6A3_ITGA2,0.368369546803573,0.320081729194743,0.272071295568769,0.00879448303401686,0.0204405184296331,0.00461212,0.239377844779356,-0.20271347,-0.437169042,-0.234455572,0.0112561659908492,0.00904961148444343,0.0334331327216583,0.311903413340108
IntraMac->Alpha,LAMA1_ITGB8,0.365286184234222,0.279540408556839,0.269009060888947,0.00408422875120197,0.00250832899391698,0.00838423,0.79446245897226,-0.385970343,-0.441372421,-0.055402077,0.00548325932516004,0.0155855118253643,0.00514009069755219,0.835861247156919
IntraMac->Alpha,LAMA3_ITGA2,0.326352224700616,0.244275300661902,0.239470104387542,0.00115244070550277,0.000895502102145742,0.00284075,0.749463044296367,-0.417921876,-0.446584312,-0.028662436,0.00168918398820394,0.00586509865028349,0.00204435722193232,0.79979307598633
IntraMac->Alpha,ADAM9_ITGAV,0.320346949137188,0.367604732729375,0.235059440084109,0.000399548907529433,0.496981756889345,0.00043616,0.000282898536316595,0.198520089266315,-0.446609628,-0.645129718,0.000624705365309177,0.00106561101770788,0.562056962689599,0.000802090439745046
IntraMac->Alpha,KISS1_KISS1R,0.324550894168835,0.225486783231668,0.23757988764868,8.24609777985711e-05,1.91231567601887e-05,0.004447178,0.749463044296367,-0.525401856,-0.45003202,0.0753698361947262,0.000143667538458176,0.0087609874128979,6.70352522581889e-05,0.79979307598633
IntraMac->Alpha,WNT4_FZD5,0.307604701964714,0.238265723025214,0.225153379917852,0.00016019694912491,0.000347628108384689,0.00038057,0.270936542016287,-0.368506135,-0.450169419,-0.081663285,0.000266604307125274,0.000942884364777537,0.000877347130685167,0.346394745604156
IntraMac->Alpha,GNAI2_TSHR,0.378064020939613,0.379810830916598,0.276655229896814,0.00353549983163543,0.618110908583535,0.001512216,0.00309475434530216,0.00665048732264517,-0.450541361,-0.457191849,0.00479975875847698,0.00331904716997992,0.675641015563122,0.00681167261278399
IntraMac->Alpha,SEMA3G_PLXNA3,0.356423785060461,0.233002239207966,0.260374922592404,4.62329096219043e-05,6.2449110269929e-06,0.00838423,0.608205463225818,-0.613249793,-0.453003108,0.160246685117147,8.40008922775854e-05,0.0155855118253643,2.47461894901401e-05,0.675646280894676
IntraMac->Alpha,COL1A1_TMPRSS6,0.331788482503161,0.293085031975966,0.242255300503861,0.00384892516686105,0.0428390376410078,0.000456289,0.139118135483623,-0.178944515,-0.453735573,-0.274791058,0.00519501865959772,0.00110926820821437,0.0646501444936613,0.195701096032459
IntraMac->Alpha,PROS1_AXL,0.367525205354902,0.258570445437217,0.267248056594208,0.000793209324271989,0.00020905704221928,0.011697791,0.873138094207394,-0.507285809,-0.459663737,0.0476220718969613,0.00119147448901918,0.0209679089598955,0.000558123666233956,0.901952618246574
IntraMac->Alpha,ADM_MRGPRX2,0.344472376372791,0.234243771102919,0.248627865411339,4.72686206343811e-05,2.2602198826648e-05,0.001706963,0.359654837503901,-0.556377609,-0.470400297,0.0859773127692125,8.57991230351248e-05,0.00368919178221246,7.80575011680758e-05,0.438543833233514
IntraMac->Alpha,LAMA5_ITGB8,0.373367386974252,0.276480898059972,0.269445832666056,0.0029750755814802,0.00199562476065101,0.006140777,0.768654118871087,-0.433416106,-0.470600641,-0.037184535,0.00409133201003204,0.011711545235102,0.00418695181451925,0.815236568599147
IntraMac->Alpha,NDP_FZD4,0.365325759552953,0.269113659427877,0.263347728683812,0.000790677694296462,0.000410363688327372,0.00461212,0.567685235971675,-0.440967862,-0.472214465,-0.031246603,0.0011880543705537,0.00904961148444343,0.0010204938642276,0.638842789376739
IntraMac->Alpha,VWF_ITGAV,0.386704830637193,0.329776868741384,0.278486571522275,0.130764551228077,0.393253663386931,0.053640778,0.141377918115103,-0.229742577,-0.473625022,-0.243882445,0.143993829991206,0.0820533249201643,0.459855857098319,0.198460981215603
IntraMac->Alpha,HLA-DMB_CD4,0.361288975463485,0.360103100999676,0.260063960681397,0.00997916446373569,0.558028662877352,0.003432692,0.0108847927866903,-0.004743209,-0.474286744,-0.469543535,0.0126802405827171,0.00696392958152455,0.619087936170307,0.0208530185077525
IntraMac->Alpha,EFNB2_PECAM1,0.344680762688666,0.272021878876236,0.248069383855348,0.0337700093095828,0.0422035335831852,0.01768027,0.405417872744357,-0.341538087,-0.474517088,-0.132979,0.0398339209458509,0.0302719452583062,0.0638253179740518,0.48409343535066
IntraMac->Alpha,ADAM15_ITGAV,1.49361791024839,1.55239238369149,1.07325955399851,9.0380108880704e-05,0.727111363854234,1.34E-05,0.000265026740733076,0.0556821276992941,-0.476812117,-0.532494244,0.000156470982858056,4.54296469319938e-05,0.772581706576181,0.000757636971363203
IntraMac->Alpha,IFNA14_IFNAR2,0.393386494326013,0.257719828597867,0.282460839040845,2.58242764936652e-06,5.61558238541961e-07,0.000999818,0.545126237435508,-0.610143886,-0.477896564,0.132247322278922,5.77671105834315e-06,0.0022759174819803,3.00356378963269e-06,0.61822948848613
IntraMac->Alpha,LAMA3_ITGA6,0.407101012658263,0.282105023618727,0.291882368039373,0.000101723864034891,7.01511757765709e-05,0.000880435,0.717825213081628,-0.529154451,-0.479999745,0.0491547062067406,0.000174715559513435,0.00202983241334177,0.000213149891740669,0.772571084299691
IntraMac->Alpha,WNT4_FZD1,0.344512780925997,0.273132870343729,0.245841179773225,0.00157399335034584,0.00368505695998847,0.001574768,0.226217959761091,-0.334954558,-0.486830909,-0.151876351,0.00225637159551652,0.00343853772499315,0.00725653606138325,0.298003266297339
IntraMac->Alpha,NEGR1_NEGR1,0.34750647989285,0.303355594995349,0.24720225246601,0.00467380989031543,0.0557343799781345,0.00104278,0.0734496393749329,-0.196029959,-0.491347989,-0.29531803,0.00622729590870766,0.00236265634781069,0.0818338259776545,0.111622391021403
IntraMac->Alpha,NECTIN1_CD96,0.412861916939852,0.246160023325882,0.293375296390119,1.02672642347412e-06,1.95673737343302e-07,0.002734026,0.150699926258281,-0.74606286,-0.492911952,0.253150907834144,2.48637853332558e-06,0.00565978558536248,1.20081883022258e-06,0.209966977167625
IntraMac->Alpha,WNT8A_FZD9,0.444185014538647,0.36053239907609,0.315583817129181,0.0181108259147789,0.0301128250255867,0.009278369,0.321364427440758,-0.301031808,-0.493137493,-0.192105685,0.0221848698795873,0.0170707357483279,0.0470427787370077,0.398681657024524
IntraMac->Alpha,CXCL12_DPP4,0.35181262590355,0.314269377651436,0.249780171533939,0.00978571173155915,0.221935673502022,0.001574768,0.0419779063709174,-0.162805556,-0.494148303,-0.331342747,0.0124513871275384,0.00343853772499315,0.278831912891891,0.0690721309980451
IntraMac->Alpha,FARP2_PLXNA1,0.320923452374995,0.278344337578835,0.227169078199873,0.00771703960571792,0.0949047832132861,0.00200195,0.0564324713914612,-0.205358487,-0.498462749,-0.293104262,0.009959123608486,0.00426156671731138,0.131756484270507,0.0894025294054943
IntraMac->Alpha,WNT8A_FZD1,0.422071240287532,0.309811769105679,0.297888948733202,0.000234793468389703,0.000120597440909154,0.00208256,0.913003847853359,-0.446094577,-0.502711924,-0.056617347,0.000380433120225664,0.00441603095568639,0.000342236972558742,0.933519663792188
IntraMac->Alpha,WNT16_LRP6,0.324548979553596,0.303443231784654,0.228764134200056,0.00328472015846312,0.190656379530871,0.000808239,0.012862685347333,-0.097009578,-0.504575335,-0.407565757,0.00447558715135028,0.00187824028384927,0.244190952665655,0.024180396799662
IntraMac->Alpha,LAMC2_SV2C,0.348591065024267,0.247465427522243,0.24564595267774,0.000264709931085033,0.000159136507594131,0.001849138,0.711553312696054,-0.494308604,-0.50495512,-0.010646517,0.000425067005880735,0.00397162229579574,0.0004382714327836,0.767325930731652
IntraMac->Alpha,WNT10A_FZD4,0.377764360777694,0.284768718664476,0.264789103345611,0.00173080313668248,0.00440157269639762,0.001231984,0.278320196205448,-0.407695922,-0.512642846,-0.104946924,0.00246374662886833,0.0027525612553061,0.00848653784869718,0.354087669149539
IntraMac->Alpha,GDF1_ACVR2A,0.381464995642208,0.252007584889817,0.266567790320676,0.000153139970281779,4.01462353356236e-05,0.004782501,0.866522221318919,-0.598083519,-0.517048207,0.0810353117997527,0.000255910004082486,0.00933874113582382,0.000129984062204338,0.89632762256551
IntraMac->Alpha,RSPO2_LGR4,0.297061703711068,0.245593573345107,0.20756999553156,0.00607582029773537,0.0148275967235845,0.002951208,0.274611421485592,-0.274489819,-0.517164712,-0.242674892,0.00795888944492003,0.0060582900350924,0.0251202001884483,0.350229059285973
IntraMac->Alpha,LAMA1_SV2C,0.347372037482307,0.246420716005219,0.242114517142018,0.000196206581832886,9.57989047957423e-05,0.00208256,0.893037186525796,-0.495358079,-0.520792038,-0.025433959,0.000321372255546473,0.00441603095568639,0.000279778391964522,0.917933980816818
IntraMac->Alpha,IHH_BOC,0.336121471426614,0.251228504138045,0.232487998139917,0.000129507512917706,9.33623378342116e-05,0.001337853,0.3422959630811,-0.419982543,-0.531826462,-0.111843919,0.00021904734007187,0.00296989268413785,0.000273690725115502,0.42012325573954
IntraMac->Alpha,WNT8A_FZD5,0.393075779381816,0.272997229608454,0.270866105085205,0.00103458569744188,0.000698925362337656,0.003065514,0.973183744078113,-0.525921158,-0.537227596,-0.011306438,0.00152627160932119,0.00626914790135912,0.00164097049581819,0.980647938291092
IntraMac->Alpha,PF4_LDLR,0.313621649137439,0.283740241468904,0.215831694653069,0.0010131369030223,0.0736994949152966,0.000109507,0.022262711677474,-0.144454375,-0.539118411,-0.394664035,0.00149675974523156,0.000305466656592127,0.105021217318956,0.0393531503747352
IntraMac->Alpha,ADAM28_ITGA4,0.29034311890394,0.243950593235457,0.198374608026041,0.0148785893034897,0.128381626948877,0.004447178,0.0669445708729144,-0.25116985,-0.549531468,-0.298361618,0.0184337204174461,0.0087609874128979,0.172060893129185,0.103335918765935
IntraMac->Alpha,LAMA5_SV2C,0.343992969176184,0.243009910874515,0.234256710809938,2.42231412644526e-05,3.1447751400151e-05,0.000147509,0.711553312696054,-0.501363923,-0.554288699,-0.052924776,4.61694854341672e-05,0.000400105835041886,0.00010502850879363,0.767325930731652
IntraMac->Alpha,PTGES3_PTGER4,0.377106437031012,0.308290294267549,0.256678775645464,0.00114509810730662,0.0229334986343957,0.000170793,0.0761924558052568,-0.290682305,-0.555007768,-0.264325463,0.00168026980414601,0.000455707898910244,0.0370366473790933,0.11541461964135
IntraMac->Alpha,VWF_TNFRSF11B,0.409807050525848,0.256972573053087,0.278336247363364,0.00298771608091051,0.000472398708290103,0.076364312,0.512144155517185,-0.673330416,-0.558116003,0.115214413439912,0.00410629373843131,0.111614902319282,0.00116083644650424,0.587033753092197
IntraMac->Alpha,THBS1_ITGAV,0.38056766240027,0.364103164909721,0.258334597105169,0.00044983088366048,0.19706976077607,2.64E-05,0.00584284636158829,-0.063805697,-0.558912109,-0.495106412,0.000698871166353257,8.45147015009657e-05,0.251266638671293,0.0120393352906772
IntraMac->Alpha,ADCYAP1_VIPR2,0.367543941238724,0.248978653743507,0.249051070392764,0.000307550240302019,0.000100853286806156,0.005140197,0.813969175904971,-0.56189468,-0.561475126,0.000419553837913228,0.000489060457132157,0.00998079808188634,0.000292706739056574,0.852538117318838
IntraMac->Alpha,FARP2_PLXNA3,0.343811742373233,0.262156520886892,0.232473437143628,0.00108217759177753,0.0017960207263897,0.001639658,0.293495147577689,-0.391190386,-0.564552936,-0.173362551,0.00159345739164969,0.00356064770055855,0.00381536810197294,0.369513124119947
IntraMac->Alpha,COL9A1_ITGAV,0.323201835703935,0.323428392216645,0.217160715865939,0.000645318386010223,0.443385365922665,0.000127197,0.00172060743448244,0.00101093934560428,-0.573672245,-0.574683185,0.000981338425937946,0.000349895871749322,0.510415734089426,0.00402150492329045
IntraMac->Alpha,COL6A2_ITGA2,0.405063824496576,0.340948785951407,0.272038426398965,0.0157211581983142,0.133143600427499,0.006140777,0.0532494364152656,-0.248594198,-0.574338793,-0.325744595,0.0194311598878858,0.011711545235102,0.177474064702446,0.0849804521610945
IntraMac->Alpha,SEMA3A_PLXNA3,0.350353991522881,0.256369117106464,0.235246721682928,0.000525125424414486,0.000957390783291042,0.00104278,0.253068583274601,-0.45059085,-0.574638712,-0.124047863,0.000808606577412444,0.00236265634781069,0.00217340988720828,0.327137436915948
IntraMac->Alpha,LAMA1_ITGAV,0.339187226987202,0.316605476267211,0.226638265097823,0.000721086582111274,0.0511169676582647,0.000140426,0.0155069557543906,-0.099395632,-0.581690377,-0.482294745,0.00108945507579105,0.000382675165864661,0.0757336522103388,0.0285078603226164
IntraMac->Alpha,GAST_ADGRG1,0.466337957611369,0.365004792872159,0.311580810038402,0.00021674292961582,0.00375906979689576,8.50E-05,0.065702219319384,-0.353460454,-0.581769479,-0.228309026,0.00035296404459783,0.000243698720163061,0.00737969138771408,0.101679351501283
IntraMac->Alpha,PF4_THBD,0.349881154382194,0.289998795081342,0.233761485020192,0.0010209085901628,0.0145740388066253,0.000288442,0.0707881133398131,-0.270818052,-0.581827709,-0.311009656,0.00150728637686588,0.000731933818676324,0.0247310594848464,0.108283293085237
IntraMac->Alpha,IL24_IL20RA,0.320693505684532,0.294848301074685,0.213983677936062,0.00113850856773593,0.25153963182555,0.000262632,0.00405145786985008,-0.121222257,-0.58369438,-0.462472123,0.00167217885684786,0.000672689042063651,0.311353726866869,0.00865399565146819
IntraMac->Alpha,CXCL10_CXCR3,0.34678838958394,0.265405507462263,0.231274455433083,0.000543811847331458,0.00221540624285972,0.000347216,0.23603833595107,-0.385857288,-0.584449669,-0.198592381,0.000835421098799051,0.000866925971929386,0.00459842221481876,0.308352088250764
IntraMac->Alpha,LAMA5_ITGAV,0.347488388140526,0.309806537068719,0.23108597072135,0.000360943975114733,0.141382571103134,0.000104137,0.0020992431370591,-0.165597182,-0.588535091,-0.422937908,0.000567675838791137,0.000292676700224686,0.187092725670312,0.00480887524127879
IntraMac->Alpha,SEMA3A_PLXNA1,0.32681431684033,0.269473978974448,0.216983503079097,0.00311559851277132,0.0341115822103801,0.000741493,0.084925507514176,-0.278325215,-0.590885822,-0.312560608,0.0042644611778622,0.00173567114462352,0.0526896570389842,0.127076795581929
IntraMac->Alpha,IFNA6_IFNAR2,0.374182825282686,0.249577848273574,0.247828234772886,9.7444277297255e-06,3.65502629617954e-06,0.000596089,0.724116189339906,-0.584253449,-0.594402778,-0.01014933,1.9807370203286e-05,0.0014177262868733,1.53715443150418e-05,0.778264294753156
IntraMac->Alpha,LAMC2_ITGAV,0.342971079307077,0.320862089628406,0.226620913029861,0.000866248711582107,0.219586345156393,0.000115133,0.00540775847892786,-0.096133584,-0.597805923,-0.501672339,0.00129347974734079,0.000319629898627115,0.276163061563818,0.0112296462803738
IntraMac->Alpha,NPFF_NPFFR1,0.380404629172456,0.280049622978429,0.24991922324254,0.00208954444045318,0.00256046059231902,0.0023423,0.562003796158154,-0.441852315,-0.606072926,-0.164220611,0.00294074691317853,0.00492315792449942,0.00523886299740114,0.633595771158238
IntraMac->Alpha,IHH_PTCH1,0.331123192861755,0.255507594224565,0.216563707391433,0.000645315471541143,0.00534397391530804,0.00043616,0.0748107811070781,-0.374001892,-0.612576572,-0.23857468,0.000981338425937946,0.00106561101770788,0.0100846831240124,0.113395347118431
IntraMac->Alpha,WNT10A_LRP6,0.380599668354752,0.324726563507869,0.248416737520905,0.00398044079353967,0.29802397129325,0.0009187,0.010625501984128,-0.229048898,-0.615511921,-0.386463023,0.00535239321351277,0.00210659548520266,0.360706838487535,0.0204528853710166
IntraMac->Alpha,CALM1_PTH2R,0.393968155853401,0.335921255871282,0.256319911871826,0.00122889673544057,0.0351794317866001,7.29E-05,0.0961187514819771,-0.229955935,-0.620133464,-0.390177529,0.00179083717359625,0.000212103911359204,0.0541431584697363,0.141731854856763
IntraMac->Alpha,THBS1_TNFRSF11B,0.396023073742107,0.276980940196101,0.257529665128106,2.89494872582586e-06,1.08489327207103e-05,9.45E-06,0.512144155517185,-0.515797784,-0.62084586,-0.105048076,6.41385252584088e-06,3.32631672640239e-05,4.0495736061939e-05,0.587033753092197
IntraMac->Alpha,SELPLG_SELP,0.328167432569243,0.237378283188243,0.212854179961623,0.000278663079172742,0.00062354995580713,0.000477268,0.289650352895715,-0.467244116,-0.624566649,-0.157322532,0.000445631613667639,0.00115575159232443,0.00148531000709114,0.3652640924444
IntraMac->Alpha,BMP6_ACVR2A,0.38286215501201,0.250683183191489,0.246860430958154,4.8971561025273e-05,1.80814530448669e-05,0.001451928,0.775083438387839,-0.610959841,-0.633129452,-0.022169611,8.87175609329475e-05,0.00320330695398111,6.38878007585298e-05,0.820469622478639
IntraMac->Alpha,EDN2_EDNRA,0.32235905166208,0.230720086031854,0.207401883903374,0.000142534477212216,0.000308439309817382,0.000398331,0.23603833595107,-0.482524885,-0.636239493,-0.153714608,0.000239215833651592,0.000983491028560559,0.000789550461574243,0.308352088250764
IntraMac->Alpha,F8_LDLR,0.327051356911616,0.281711142435297,0.210317526412726,0.000519139332490163,0.0325618090214164,8.08E-05,0.022759268700341,-0.215300572,-0.636948118,-0.421647546,0.00080068315037504,0.000232755092481365,0.0505469386839362,0.0401092874431855
IntraMac->Alpha,SELL_CD34,0.358717867727991,0.271737965120799,0.230220694419503,0.000138788734267148,0.000698925362337656,0.000140426,0.184239845035576,-0.400633465,-0.639832083,-0.239198618,0.000233391258922653,0.000382675165864661,0.00164097049581819,0.249903922421383
IntraMac->Alpha,BMP5_ACVR2A,0.365758021736948,0.240106658959571,0.233502707033877,3.52542805017358e-07,3.01686736398216e-07,3.11E-05,0.550724036420933,-0.607214089,-0.647450228,-0.040236139,9.2922274235714e-07,9.80524101929853e-05,1.74034253378019e-06,0.623138502151196
IntraMac->Alpha,MIF_CXCR4,0.669497041984707,0.551497535101734,0.426779910273605,0.00152256897998297,0.031562468521978,0.00038057,0.0445872698739363,-0.279723243,-0.649585414,-0.369862171,0.00218668567286853,0.000942884364777537,0.0491182359647999,0.0727878987371504
IntraMac->Alpha,RGMB_BMPR2,0.360113013622712,0.24835695246714,0.229422251464316,9.81395648117846e-06,3.41260797374008e-05,5.05E-05,0.187032327955542,-0.5360346,-0.65044441,-0.11440981,1.99269886931721e-05,0.00015240066718559,0.000112602784503175,0.253176252382716
IntraMac->Alpha,LAMC2_CD151,0.530596217831813,0.420093615433877,0.337890583338603,0.000181382110610432,0.00588042978424124,5.33E-05,0.0394989562392386,-0.336903531,-0.651058246,-0.314154714,0.000299457049163559,0.000159691698362543,0.0109595702352452,0.0654433861100564
IntraMac->Alpha,WNT16_FZD9,0.351481287834909,0.305384829666816,0.222767501219001,0.000577106718632254,0.0287207755263273,0.000288442,0.0108847927866903,-0.202819488,-0.657909105,-0.455089616,0.000883224195471972,0.000731933818676324,0.0451706953480999,0.0208530185077525
IntraMac->Alpha,WNT5B_FZD4,0.376445240976423,0.290665845113832,0.23800549918578,0.00129287930832515,0.00610826959086393,0.000808239,0.139118135483623,-0.373078463,-0.661445111,-0.288366648,0.00187850127539828,0.00187824028384927,0.0113231197821102,0.195701096032459
IntraMac->Alpha,SEMA3C_PLXNA1,0.361172981436318,0.278197066908482,0.227454700506625,0.00324627460456749,0.0218344488630238,0.0009187,0.134682126549884,-0.376582761,-0.66711072,-0.290527959,0.00442578917150037,0.00210659548520266,0.0354828813578896,0.190639586715829
IntraMac->Alpha,CCL8_CCR2,0.29798895830803,0.255693656846818,0.187093920764237,0.00034823178707514,0.103853457779678,7.29E-05,0.00354383966342127,-0.220842502,-0.671496189,-0.450653687,0.000549442846724782,0.000212103911359204,0.14256733689019,0.00767205810437262
IntraMac->Alpha,MMP1_ITGA2,0.314408905497441,0.241036997665167,0.197109044043126,4.44327093831687e-05,0.00100082593066566,3.29E-05,0.0437026777672058,-0.383387472,-0.673648105,-0.290260633,8.10775260419009e-05,0.000102968903375344,0.00226100854474431,0.0715190488092098
IntraMac->Alpha,INHBB_ACVR2A,0.385150114408875,0.249246404572603,0.241354926752046,2.9629323279478e-06,1.7559955499251e-06,0.000197441,0.395997073777763,-0.627848158,-0.674264575,-0.046416417,6.54779264513079e-06,0.00052044921438436,8.06530954254488e-06,0.474859639346479
IntraMac->Alpha,GDF6_ACVR2A,0.412741398315587,0.257079017409292,0.258017571577034,2.77716159913352e-05,1.21657558924576e-05,0.0009187,0.755843510870752,-0.683026284,-0.677768827,0.0052574564289335,5.25144200217261e-05,0.00210659548520266,4.48014887346405e-05,0.804760674512313
IntraMac->Alpha,ADAM9_ITGA6,0.39528680328851,0.322293890859254,0.246013511298283,3.74711309881155e-05,0.00494707619611605,8.40E-06,0.0131697834435233,-0.294522948,-0.684162237,-0.389639289,6.93788626155501e-05,2.99476842538739e-05,0.00941761770558582,0.0246930130575247
IntraMac->Alpha,CCL13_CCR2,0.299407772515698,0.257591562893923,0.185985188513618,0.000688096604959378,0.0368346431637648,0.000147509,0.0199187455564624,-0.217026332,-0.686923938,-0.469897606,0.00104265190563045,0.000400105835041886,0.0564656616978798,0.0356625832151019
IntraMac->Alpha,WNT16_FZD5,0.312036857881943,0.236886168685779,0.193402653657106,8.86208867873535e-06,0.000356005005552349,3.36E-06,0.0597723296116189,-0.397522484,-0.690108858,-0.292586374,1.81443290595354e-05,1.30553248607951e-05,0.000897032601780743,0.0938646953900978
IntraMac->Alpha,SEMA3C_PLXNA3,0.377955793388829,0.265595369790633,0.234132921578388,2.9705513174182e-05,0.000151362148226152,4.79E-05,0.213582629256647,-0.508987506,-0.690889694,-0.181902188,5.58880651248023e-05,0.000145090135561899,0.000417723703743654,0.283722410382513
IntraMac->Alpha,CXCL12_CXCR4,0.496191778433482,0.398383781182466,0.306971642580697,6.31418765403516e-05,0.00301455040289005,5.62E-05,0.0122674382056315,-0.316738916,-0.692792441,-0.376053525,0.000112145358790632,0.000167413208925548,0.00607206351936047,0.0231734839169969
IntraMac->Alpha,EFNB2_EPHB1,0.401598863928408,0.278257203291015,0.2466081446233,1.35536868934046e-05,6.65665106210463e-05,5.33E-05,0.122028743724004,-0.529336151,-0.703534738,-0.174198587,2.68750298155531e-05,0.000159691698362543,0.000203784841179232,0.175093696578604
IntraMac->Alpha,ADM_CALCR,0.331977051945838,0.269942584615937,0.203214615191447,6.96102000221314e-05,0.0106198935403061,2.78E-06,0.0334881249375804,-0.298430931,-0.708079351,-0.40964842,0.000122861673757132,1.10089515733523e-05,0.0186523003095417,0.0565695815678649
IntraMac->Alpha,WNT16_FZD1,0.352900532100676,0.274461125719871,0.215871888049713,4.03751401619669e-05,0.000637991507313256,4.31E-05,0.052222332814683,-0.362659782,-0.709086222,-0.346426441,7.42107009715915e-05,0.000131693896676484,0.00151738520658288,0.0835414029318063
IntraMac->Alpha,JAG2_NOTCH2,0.346565363391845,0.254661787694169,0.211805038844395,1.16205905290325e-06,4.47055632727558e-05,7.48E-07,0.0775948741624135,-0.444544976,-0.710390561,-0.265845585,2.78440453261791e-06,3.34944377895571e-06,0.000142910724540187,0.117272356802818
IntraMac->Alpha,NRG1_ITGAV,0.348458899209039,0.299620031995551,0.211929447051909,0.000271560949463819,0.0810104398883949,5.33E-05,0.00384097630525165,-0.217854417,-0.717404437,-0.49955002,0.000435244078453351,0.000159691698362543,0.114097143783625,0.00824784230556799
IntraMac->Alpha,ANGPTL7_LILRB3,0.337472117902707,0.260005928764668,0.204950712561404,0.000229858200441101,0.00354099216010225,9.90E-05,0.0694873090745854,-0.376223789,-0.719491302,-0.343267513,0.000373019710110402,0.00027987779874687,0.00699499679572931,0.106590629674023
IntraMac->Alpha,WNT4_FZD6,0.339675959147521,0.260315179476175,0.205383045603547,9.77771269159191e-06,0.00055579531859663,2.97E-06,0.0437026777672058,-0.383899672,-0.725842019,-0.341942347,1.98620435512128e-05,1.16483683805957e-05,0.00133827019408089,0.0715190488092098
IntraMac->Alpha,THBS1_ITGA6,0.464174498812538,0.320061115363447,0.279209756634631,6.23869856315033e-08,2.78355632672094e-06,1.96E-07,0.0411373492456598,-0.536319851,-0.733317907,-0.196998056,1.88759585459184e-07,9.91020529151964e-07,1.20823701329237e-05,0.0678926386701193
IntraMac->Alpha,CCL24_CCR2,0.360412429623294,0.260014964455725,0.21538323712616,0.000221176762171889,0.00154730429283659,0.000127197,0.163002515830406,-0.471054109,-0.742742792,-0.271688683,0.000359807610313809,0.000349895871749322,0.00332716792152598,0.224691512881044
IntraMac->Alpha,JAG1_NOTCH2,0.367030673455688,0.277604581439012,0.219195770204158,5.63124397972823e-06,0.000818743997784046,1.20E-06,0.0199187455564624,-0.402869258,-0.743680675,-0.340811417,1.19301030758358e-05,5.14376839705764e-06,0.0018848084924308,0.0356625832151019
IntraMac->Alpha,RSPO4_LGR5,0.387030528121435,0.264723747756698,0.229258441301662,3.6553182130387e-06,7.20112631506214e-05,8.40E-06,0.0437026777672058,-0.547959744,-0.75547251,-0.207512766,7.95539157518083e-06,2.99476842538739e-05,0.000217808386079441,0.0715190488092098
IntraMac->Alpha,DLK1_NOTCH2,0.356823086526416,0.270848743695886,0.210280667735689,1.90467207211308e-06,0.000731380845537045,1.35E-07,0.0170002605530732,-0.397721561,-0.762892737,-0.365171176,4.38037009089518e-06,7.09355376632908e-07,0.00170686027700014,0.0309723496951302
IntraMac->Alpha,EFNB2_RHBDL2,0.333068569461128,0.236168985426916,0.193460010281107,8.57006644946924e-07,1.70939503439186e-05,3.36E-06,0.0437026777672058,-0.495999699,-0.783783834,-0.287784135,2.11429727163843e-06,1.30553248607951e-05,6.07437595459324e-05,0.0715190488092098
IntraMac->Alpha,NTN4_NTRK2,0.382583960903499,0.304951702322637,0.221541954293385,2.11485209168591e-05,0.00466711333037718,3.81E-06,0.00964242733975484,-0.327195622,-0.788196456,-0.461000834,4.0641409788311e-05,1.46511055618243e-05,0.00894490099563557,0.0187228480901818
IntraMac->Alpha,TNFSF18_TNFRSF18,0.436296477641949,0.313933441571281,0.248859969299612,5.83072975245037e-06,0.000236312491979485,2.61E-06,0.0586412804692162,-0.474850106,-0.809974642,-0.335124536,1.23219408996051e-05,1.03849993187705e-05,0.000624454086454572,0.092352838800751
IntraMac->Alpha,WNT10A_FZD1,0.402588956459577,0.291229900300213,0.2290693966881,7.31650490869496e-05,0.00199562476065101,4.79E-05,0.0321139366024661,-0.467149113,-0.813522865,-0.346373752,0.000128624873328885,0.000145090135561899,0.00418695181451925,0.0544751410488822
IntraMac->Alpha,WNT8A_FZD6,0.424397198915675,0.300095521100031,0.241393748766663,3.23774186202544e-06,8.63990439792556e-05,1.46E-06,0.126138984675989,-0.499993346,-0.814026816,-0.31403347,7.10961772339295e-06,6.1657514452004e-06,0.00025568854131932,0.180325586062471
IntraMac->Alpha,CD34_SELP,0.329229773910302,0.250157052439286,0.186539947439364,1.89621160095096e-05,0.00272285680032683,3.16E-06,0.0177931694133203,-0.396260685,-0.819610192,-0.423349507,3.67349155008735e-05,1.23278266205662e-05,0.00553471523936558,0.0322343531340943
IntraMac->Alpha,LAMC2_ITGA6,0.425532877179225,0.284927936876678,0.240719616,3.66902670842822e-07,4.50800874007003e-06,1.28E-06,0.143665803473919,-0.578673516,-0.821916887,-0.243243372,9.64618972272222e-07,5.47356556310303e-06,1.85561008954398e-05,0.20136958900146
IntraMac->Alpha,COL9A1_ITGA2,0.32392327240923,0.238878467549434,0.183198397522089,9.35511147055494e-06,0.000765231688492428,2.97E-06,0.0265122822335032,-0.439375306,-0.822245236,-0.38286993,1.9090894727048e-05,1.16483683805957e-05,0.00177608389904388,0.0459421453973839
IntraMac->Alpha,IFNA16_IFNAR2,0.374081417820051,0.286259940724669,0.208812020492165,1.00687994544483e-06,3.41260797374008e-05,5.19E-06,0.0144639710113261,-0.386026508,-0.841147535,-0.455121027,2.44587920080973e-06,1.94164553767359e-05,0.000112602784503175,0.0268497356405274
IntraMac->Alpha,GZMA_F2RL2,0.304498793314449,0.243910263502722,0.16896552821068,7.35463475262968e-06,0.00398928664472032,1.90E-06,0.00318018700500207,-0.320086043,-0.849707564,-0.529621521,1.52571250608015e-05,7.7436085470178e-06,0.00778006812083445,0.00697666612950594
IntraMac->Alpha,LAMA1_ITGA6,0.418085100571425,0.279144360897452,0.231775925551117,4.6898057931371e-08,1.03120252317049e-06,2.11E-07,0.0961187514819771,-0.582785217,-0.851065906,-0.268280689,1.46554467130261e-07,1.06145999484531e-06,5.08998666735922e-06,0.141731854856763
IntraMac->Alpha,LAMC2_ITGA2,0.354337178757392,0.237841465020222,0.196036742771372,1.94900232211215e-05,0.000494950053115194,1.13E-05,0.0609214141829491,-0.575122591,-0.853998763,-0.278876172,3.7698794106372e-05,3.88380326786831e-05,0.00120640033850497,0.0954763023351058
IntraMac->Alpha,LAMA5_ITGA6,0.415637851119552,0.280072421377729,0.226838360308123,9.1026905914146e-09,9.99076182388516e-07,9.80E-09,0.0473321623854282,-0.569527112,-0.873662407,-0.304135295,3.24703242205413e-08,6.57439605165887e-08,4.9756447567112e-06,0.0765986139367236
IntraMac->Alpha,EDN3_EDNRA,0.323831119795896,0.254783392967285,0.176475404845661,2.75205069862292e-06,0.00141983319650897,1.00E-07,0.0170002605530732,-0.345970388,-0.875774499,-0.529804111,6.12091771977935e-06,5.4014054281599e-07,0.00308435120098642,0.0309723496951302
IntraMac->Alpha,COL11A1_ITGA2,0.352195411243571,0.241914728521734,0.191735554569337,1.85297985161404e-06,6.31556679219043e-05,1.37E-06,0.0707881133398131,-0.541877503,-0.87725822,-0.335380718,4.26991009284975e-06,5.80993970084569e-06,0.000194299495506439,0.108283293085237
IntraMac->Alpha,WNT10A_FZD5,0.352801909357796,0.253405561478399,0.190600888897041,6.7038220061519e-07,0.000230607939912573,1.00E-07,0.0148045450528433,-0.47741018,-0.888303518,-0.410893338,1.68871865172522e-06,5.4014054281599e-07,0.000610417384649399,0.0273947225258724
IntraMac->Alpha,VWF_SELP,0.362491424811883,0.258644400452232,0.195753573803115,7.07868945092724e-05,0.00266770771329907,2.23E-05,0.0403110945358299,-0.486976907,-0.888908217,-0.40193131,0.000124844044617601,7.2383129857579e-05,0.0054344567699615,0.0666232972767933
IntraMac->Alpha,PTHLH_PTH2R,0.334546258350812,0.230758412311049,0.179545866077844,4.14541410800993e-06,0.000242149252277136,4.59E-06,0.0182016403523684,-0.535822465,-0.897853269,-0.362030804,8.9634730643293e-06,1.73668281964007e-05,0.000637170162268299,0.0329231920121956
IntraMac->Alpha,CNTN1_NOTCH2,0.381644559275929,0.271380290875208,0.204783132911839,1.7263785035074e-07,0.00010615865211737,2.87E-08,0.00895920576066378,-0.491913675,-0.898132729,-0.406219055,4.81424773713514e-07,1.762166535059e-07,0.00030638858507142,0.0175459734065656
IntraMac->Alpha,NRG1_ITGA6,0.411530904953539,0.262824403646998,0.220374805128372,2.29089915483394e-09,1.13848048335817e-07,1.91E-08,0.0419779063709174,-0.646901537,-0.901041481,-0.254139943,9.12446939209693e-09,1.20070217782975e-07,7.44722717304702e-07,0.0690721309980451
IntraMac->Alpha,IAPP_CALCRL,0.83029907942694,1.02081694638497,0.44350487111489,5.42724323334514e-10,0.00475879875174784,2.16E-06,8.08566317826389e-10,0.298021180147608,-0.904681147,-1.202702327,2.43157180022303e-09,8.70296312864087e-06,0.00910378891638717,7.46024392946049e-09
IntraMac->Alpha,LAMA1_ITGA2,0.349811911759504,0.238280030020947,0.18590174313014,1.54863737852827e-06,7.39179365448091e-05,1.05E-06,0.0502177885454943,-0.553921369,-0.912039115,-0.358117746,3.6168476381852e-06,4.57560412752654e-06,0.000222708821734489,0.0807640571642019
IntraMac->Alpha,ADAM2_ITGA6,0.40151019043433,0.272723375706122,0.211784054141208,2.88628998859203e-09,1.70237349626478e-06,9.50E-10,0.0141303249493961,-0.55799824,-0.922842632,-0.364844392,1.12696998801115e-08,7.97231130890044e-09,7.86904854963224e-06,0.0263089163928077
IntraMac->Alpha,PSEN1_NOTCH2,0.395215421909007,0.258475055268359,0.207846904768954,5.12196912063469e-09,8.2562766502957e-07,2.19E-09,0.0620887393266715,-0.612614186,-0.927117977,-0.314503792,1.9080562283259e-08,1.70829891763446e-08,4.2176642165366e-06,0.096979866115069
IntraMac->Alpha,LAMA5_ITGA2,0.341603408913614,0.24101464427201,0.179612784220232,2.06916046412789e-07,4.23677508661956e-05,1.00E-07,0.0162385290694016,-0.503201562,-0.927432328,-0.424230767,5.69522832970934e-07,5.4014054281599e-07,0.000136372111828804,0.029712239929262
IntraMac->Alpha,WNT5B_FZD9,0.388240769101095,0.337521391647543,0.203785819183628,4.5160089504638e-06,0.0678707266561337,4.01E-07,0.00019047681675135,-0.201972682,-0.929897957,-0.727925276,9.71973499998301e-06,1.90042239470705e-06,0.0974296919434311,0.000564770421696312
IntraMac->Alpha,RSPO4_LGR6,0.389604255672861,0.2715634469868,0.20280615513031,1.64417360521116e-06,0.000236312491979485,7.48E-07,0.0155069557543906,-0.520720132,-0.941907994,-0.421187863,3.81513716154471e-06,3.34944377895571e-06,0.000624454086454572,0.0285078603226164
IntraMac->Alpha,SEMA6D_PLXNA1,0.335988943660997,0.244817605230881,0.173005075175719,1.68271538068707e-06,0.00301455040289005,6.53E-07,0.000775056905106568,-0.456706449,-0.957599395,-0.500892945,3.89875039022579e-06,2.96109859334403e-06,0.00607206351936047,0.00197749748655199
IntraMac->Alpha,PODXL2_SELP,0.33490198444788,0.254952884439355,0.171132397702096,6.7470168657242e-07,0.00055579531859663,2.43E-07,0.00255295583618279,-0.393508263,-0.968626013,-0.57511775,1.69868214098449e-06,1.21417622497038e-06,0.00133827019408089,0.00573692412428646
IntraMac->Alpha,ADAM2_CD9,0.492971734131256,0.313019576228504,0.251749640385131,7.2357663006779e-11,1.89943565043192e-08,1.77E-10,0.022262711677474,-0.65525204,-0.969515208,-0.314263168,3.81544533932863e-10,1.74788058825818e-09,1.5260926569534e-07,0.0393531503747352
IntraMac->Alpha,AANAT_MTNR1A,0.419664880075051,0.314067656885121,0.213574147190031,1.55662393786872e-06,0.003268126840304,4.63E-08,0.00405145786985008,-0.418162354,-0.97450071,-0.556338356,3.63459026093603e-06,2.69095213910525e-07,0.00652087426018305,0.00865399565146819
IntraMac->Alpha,WNT5B_FZD5,0.34832439728486,0.258418876247802,0.175399604216827,8.7952820486766e-08,0.000373328158526553,2.65E-08,0.000606293408913473,-0.430720068,-0.989786029,-0.559065961,2.57913835114918e-07,1.63408603856131e-07,0.000935768348998093,0.00159940749953192
IntraMac->Alpha,WNT5B_FZD1,0.38036610052008,0.295891326417039,0.191187508833833,1.627973722218e-07,0.0015807781607711,9.80E-09,0.000625338518183357,-0.362321266,-0.992400402,-0.630079136,4.57539586648071e-07,6.57439605165887e-08,0.00339445181484181,0.00164268028657121
IntraMac->Alpha,WNT16_FZD6,0.349547288678808,0.253401724910897,0.175168639459771,1.75002493928964e-08,0.00020905704221928,3.45E-09,0.000311834812845305,-0.464061298,-0.996743129,-0.532681831,5.92961592215539e-08,2.56917487860389e-08,0.000558123666233956,0.000877464595541782
IntraMac->Alpha,IL1F10_IL1R1,0.366042420173221,0.288083096286064,0.182238576314424,1.04323601028295e-05,0.0409564323947436,1.37E-06,0.000535383172067357,-0.345525839,-1.006182465,-0.660656626,2.11137025470153e-05,5.80993970084569e-06,0.0621610155187387,0.00142728043127874
IntraMac->Alpha,AANAT_MTNR1B,0.338591676184737,0.236480884177988,0.167345668606483,1.6407380878523e-07,0.000260481379462849,1.76E-08,0.00373950556759294,-0.517822936,-1.016715292,-0.498892356,4.60710562416804e-07,1.11780675161188e-07,0.00068060792930797,0.00805219481405977
IntraMac->Alpha,PF4_FGFR2,0.358254777944071,0.262425918812953,0.176685514915993,3.5554537891197e-08,0.000100853286806156,1.49E-08,0.000929203727417281,-0.449075727,-1.019802172,-0.570726445,1.13813565356584e-07,9.62141211579161e-08,0.000292706739056574,0.00232687580385192
IntraMac->Alpha,RSPO2_LGR5,0.372419398769429,0.263620485326605,0.182655226701301,2.21997026979654e-07,0.000323590386296682,8.61E-08,0.00153352725629065,-0.498465738,-1.027805181,-0.529339444,6.07982462614861e-07,4.70240676484728e-07,0.000822690412476275,0.00364080993807054
IntraMac->Alpha,WNT10A_FZD6,0.387686805024652,0.273381946374727,0.18081668504137,3.21057513466369e-08,0.000331424523562144,1.67E-09,0.000823584046375133,-0.503973659,-1.100363819,-0.596390161,1.03654904660605e-07,1.33832855416266e-08,0.000839938215715002,0.00208817395612591
IntraMac->Alpha,CSF2_CSF1R,0.32743318753468,0.230634845535735,0.149929947782918,1.26844585835854e-08,0.000108909058951855,1.49E-08,0.000131428822590634,-0.505590055,-1.126911967,-0.621321913,4.41330211367716e-08,9.62141211579161e-08,0.00031277823334449,0.000405681024859507
IntraMac->Alpha,RIMS1_SLC18A2,0.349515629095873,0.271317407619028,0.156644482445083,8.65770434840448e-09,0.010811538711735,3.20E-11,1.75179831487949e-05,-0.365375355,-1.15786301,-0.792487656,3.0965899601962e-08,3.67499907253842e-10,0.0189603371128152,6.49474351398883e-05
IntraMac->Alpha,CD40LG_TRAF3,0.357998500176533,0.266594744340264,0.160132843071254,1.92957531018844e-09,0.000530665868399336,5.33E-10,8.10238240983368e-06,-0.425305203,-1.160684305,-0.735379102,7.76826866354671e-09,4.72190156394541e-09,0.00128206454815566,3.24512765645893e-05
IntraMac->Alpha,RSPO2_LGR6,0.370328188232174,0.264700667777806,0.163772505868159,3.14487220519374e-08,0.000667812554146332,2.63E-09,0.000256493081070488,-0.484442531,-1.177111185,-0.692668653,1.01858916423775e-07,2.01185073708098e-08,0.00157725904166844,0.000737517553712233
IntraMac->Alpha,LAMA1_TMPRSS6,0.350493128116128,0.236959538023443,0.152822472135321,6.85797214342568e-09,6.83366066462761e-05,2.19E-09,0.000322080592660988,-0.564745424,-1.19752945,-0.632784026,2.49594865992488e-08,1.70829891763446e-08,0.00020816200584749,0.000901941689685289
IntraMac->Alpha,WNT5B_FZD6,0.387488545786497,0.275287350138468,0.15864363012806,5.707034123301e-10,0.000323590386296682,4.98E-11,8.10238240983368e-06,-0.493215346,-1.288364064,-0.795148718,2.54713944029434e-09,5.43769312969916e-10,0.000822690412476275,3.24512765645893e-05
IntraMac->Alpha,IAPP_CALCR,0.856208415397323,1.03048389697594,0.339806549932375,4.74357107726367e-12,0.0296424998339418,1.38E-09,7.42834675799247e-12,0.267288039756846,-1.333248351,-1.600536391,3.18560338435677e-11,1.13497992869062e-08,0.046409069897786,1.04828469831398e-10
IntraMac->Beta,RPS19_C5AR1,0.497416750996328,0.462452256592313,1.03535401920748,3.70851651676856e-14,0.731315403421588,2.64E-13,8.1257579916715e-14,-0.105150662,1.05759715448223,1.16274781681429,3.69189349716298e-13,5.0130698018219e-12,0.776783202358981,1.72658475048546e-12
IntraMac->Beta,SLITRK6_PTPRS,0.251798666137474,0.245594402855859,0.531240900875507,6.20649033362044e-13,0.512536711179507,5.32E-12,1.32115531825293e-12,-0.035992959,1.07709558213783,1.1130885408451,4.96093760342857e-12,7.24087410259644e-11,0.577060041265231,2.18894081859029e-11
IntraMac->Beta,OXT_AVPR1A,0.249864715903987,0.204395097231393,0.515740580299272,8.51261287947206e-12,0.0264489259371325,4.43E-10,6.67484073170428e-11,-0.289786596,1.04549837459057,1.33528497094429,5.43502073509345e-11,3.98383034375978e-09,0.042037072949663,7.85156549121532e-10
IntraMac->Beta,GNAS_ADCY7,0.491406301269165,0.476008693213502,0.867287459033566,1.45097378495145e-11,0.923854973049972,4.43E-10,1.31314658046029e-11,-0.045928436,0.819593889663408,0.865522325656849,8.86357790833471e-11,3.98383034375978e-09,0.939465735158633,1.77779844739239e-10
IntraMac->Beta,SPP1_ITGB5,0.390378263632214,0.337223840050898,0.772646079827077,1.83619266361413e-11,0.115191153712969,1.77E-09,3.34812208564854e-11,-0.211166194,0.984934993688222,1.19610118733041,1.10006455788006e-10,1.40950168010649e-08,0.156314093953241,4.19211849864826e-10
IntraMac->Beta,IAPP_CALCR,0.750044322540677,0.863314323986329,0.311481024224306,5.45660544583428e-11,0.0601462996423131,3.85E-08,5.01343384506435e-11,0.202910073789444,-1.267831574,-1.470741647,2.96052195573015e-10,2.2744352316127e-07,0.0875674548249566,6.09717221730903e-10
IntraMac->Beta,APP_FPR2,0.327985938896175,0.26863607942611,0.550596306293069,1.05761407587015e-10,0.17742519035905,2.05E-08,7.9186507214008e-11,-0.287980885,0.747360963476997,1.03534184849482,5.38505682298951e-10,1.2836356474663e-07,0.229100522656315,9.16441363886187e-10
IntraMac->Beta,CELA3B_CHRM3,0.837258450502091,1.03439992990739,1.45396872690564,1.56921105571263e-10,0.01592133367087,2.64E-13,5.81176258702076e-07,0.305049144843355,0.796251300919515,0.49120215607616,7.7161838311478e-10,5.0130698018219e-12,0.0267834446315374,3.03199784181933e-06
IntraMac->Beta,EFNB2_EPHB1,0.452259126459274,0.266313192117843,0.248074930744791,2.04182082368068e-10,1.65432457806539e-09,5.99E-09,0.434033296513643,-0.764025718,-0.866373663,-0.102347945,9.87868498096131e-10,4.19943697155515e-08,1.80697185763395e-08,0.512553815657584
IntraMac->Beta,GNAS_ADORA1,0.524837832748822,0.494395447406065,0.875084930847749,2.17642510206497e-10,0.337392727773293,2.12E-09,5.24999209766866e-10,-0.086206261,0.737551322685314,0.823757583998282,1.04809981167073e-09,1.65773402035719e-08,0.401326111281469,5.053862361925e-09
IntraMac->Beta,EFNA1_EPHA2,0.264255435818897,0.19736703698175,0.407681734205426,2.21139738310512e-10,0.00428004104706931,3.84E-06,2.57212464444852e-10,-0.421052087,0.62551016915479,1.04656225598016,1.06219952572629e-09,1.47584475727454e-05,0.00827273578264868,2.64820956770594e-09
IntraMac->Beta,PLA2G2A_ITGB1,0.471747225265291,0.506273283055828,0.834798682017206,3.07763893235246e-10,0.0785162238187282,3.01E-09,1.53687339688732e-09,0.101902320286692,0.823414289267406,0.721511968980715,1.43541079804919e-09,2.27556429011103e-08,0.111005348399781,1.35117389690527e-08
IntraMac->Beta,LAMB1_SV2C,0.318054007620448,0.252797325781242,0.504509835295871,4.655609867396e-10,0.0128249681120556,2.83E-06,3.38916195649003e-10,-0.331290562,0.665610627688377,0.996901189712071,2.1091563304065e-09,1.11551591926983e-05,0.0220681244326239,3.41036706905491e-09
IntraMac->Beta,SRD5A1_AR,0.276037696002931,0.177448576695034,0.375477944517106,6.22735374508673e-10,0.000145645602807068,0.002312869,5.24999209766866e-10,-0.637464291,0.443862868854859,1.08132715971536,2.76218524651303e-09,0.00487107215533993,0.000404701275836858,5.053862361925e-09
IntraMac->Beta,PLA2G2A_ITGA4,0.225015037450269,0.167737329165492,0.356401044892314,6.85665308244638e-10,0.00418553957365165,1.94E-06,1.89865388983314e-09,-0.423817626,0.663480146158348,1.08729777225832,3.01550494828194e-09,7.9041020721305e-06,0.00812036463041235,1.63081431716055e-08
IntraMac->Beta,HSD17B12_AR,0.270249810825369,0.218963670852908,0.426980574998149,8.78233556716639e-10,0.0611181552044025,1.60E-06,3.03574536132545e-10,-0.303602081,0.659876827513086,0.963478908018329,3.79794279881911e-09,6.69239498045924e-06,0.0888160385958353,3.08805155184774e-09
IntraMac->Beta,ADAM2_CD9,0.500926484002431,0.366485120401867,0.271595343540354,8.89771505627586e-10,1.54415832678253e-05,9.11E-11,0.000677432637503099,-0.450844263,-0.883140142,-0.432295879,3.844274481007e-09,9.48929609268985e-10,5.53323732475937e-05,0.00176234713625428
IntraMac->Beta,GNAS_ADRB3,0.465780104492411,0.42662101741715,0.782549557479572,9.03180594542388e-10,0.359221215529989,1.75E-08,1.24260895455709e-09,-0.126693975,0.748533099967023,0.875227075152858,3.89319250734353e-09,1.11226598263095e-07,0.423992850621756,1.11452464693351e-08
IntraMac->Beta,NRG1_ITGA6,0.386590488608269,0.243427486010182,0.196210376239376,1.26701256613424e-09,1.64446866305991e-07,8.38E-09,0.012094602188154,-0.667314065,-0.978404801,-0.311090736,5.30700189353397e-09,5.71142326672046e-08,1.0315806112322e-06,0.0228933541418629
IntraMac->Beta,CPAMD8_SCTR,0.331102675057889,0.242396497896834,0.488384984194274,1.6426383107617e-09,0.00164940358447751,6.95E-05,1.89865388983314e-09,-0.44990981,0.560740176074498,1.01064998599094,6.71292907700114e-09,0.00020300455769713,0.00352719776157869,1.63081431716055e-08
IntraMac->Beta,PSEN1_NOTCH2,0.340397014654913,0.198034321903241,0.166137801657727,1.66183183509746e-09,2.90660337677136e-07,3.32E-10,0.133486657413312,-0.781467892,-1.03483801,-0.253370118,6.77812302483128e-09,3.06658553594183e-09,1.69243422587536e-06,0.189263344026656
IntraMac->Beta,SPP1_ITGA4,0.334615148566025,0.241095627969796,0.518182434895267,2.18886600079902e-09,0.00488882247316436,8.09E-05,9.51168407341308e-10,-0.472897269,0.630957351040888,1.10385462001508,8.75546400319608e-09,0.000232973613707002,0.00932003597581794,8.6900087205482e-09
IntraMac->Beta,UBA52_ERBB2,0.393488933506103,0.420643071522349,0.722627322933853,2.38680679917127e-09,0.472379887946468,1.13E-09,2.30617684783945e-08,0.0962735194765815,0.876928741312164,0.780655221835583,9.47813274698579e-09,9.38336044687609e-09,0.53847728153057,1.60897663699673e-07
IntraMac->Beta,COL1A1_GP6,0.257539433454119,0.228354685329225,0.439850261566055,3.42188641720009e-09,0.0797255005417806,5.65E-08,1.20898202294597e-08,-0.173516958,0.772219118486469,0.945736076025669,1.31898167353894e-08,3.22100231801198e-07,0.112610458669553,8.89383620665614e-08
IntraMac->Beta,SRD5A2_AR,0.275140429942378,0.17206719796966,0.337922471484368,3.43832606247784e-09,5.53003521698437e-05,0.028893572,3.20476573900389e-09,-0.677196051,0.296524141325774,0.973720191839684,1.32313141546177e-08,0.0472840771355113,0.000172695575842083,2.65724931674918e-08
IntraMac->Beta,ADAM2_ITGA6,0.374659331441516,0.249833510936104,0.194601950778658,5.58849550902876e-09,2.37276240055304e-06,1.48E-09,0.0259320392977323,-0.584612379,-0.945053208,-0.360440829,2.07109599158602e-08,1.20428819016358e-08,1.05095572993156e-05,0.0450286788103587
IntraMac->Beta,THBS1_ITGA6,0.448762768693438,0.290873749888764,0.245169629086609,5.75794608183557e-09,6.10688671260377e-07,1.62E-09,0.162144448783631,-0.625559882,-0.872172713,-0.246612831,2.12629141137618e-08,1.30414586460071e-08,3.23481199631845e-06,0.223707057869208
IntraMac->Beta,GNAI2_ADRA2A,0.304929852252264,0.433380371613858,0.583932610210814,6.10144158381364e-09,0.000163208872618149,2.74E-10,0.000578921162636003,0.507156416582455,0.937324484338177,0.430168067755722,2.24425264565511e-08,2.56490478059722e-09,0.000448031890459711,0.00153414108098541
IntraMac->Beta,CD40LG_TRAF3,0.330397528796403,0.238633759054314,0.143492098046629,7.16552798849599e-09,0.0031179054026237,3.66E-10,2.45022910620323e-05,-0.469404742,-1.203231599,-0.733826857,2.60077996407356e-08,3.33416005319356e-09,0.00625862311075402,8.77716478596918e-05
IntraMac->Beta,CALM1_GP6,0.298110312928179,0.26595295608831,0.480743752768196,8.96669142587664e-09,0.157819065818887,1.19E-07,1.98898535486222e-08,-0.164675212,0.689421822857601,0.854097034823815,3.19974359680862e-08,6.31547697083453e-07,0.206441767768697,1.40236246335259e-07
IntraMac->Beta,EFNA1_EPHB1,0.465797326673489,0.284767297376871,0.429827022094736,1.09633469769857e-08,4.70373736383638e-08,0.637023141,6.48185076553607e-06,-0.709918881,-0.115946175,0.593972705362591,3.86347187764723e-08,0.695720858967745,3.41451067158489e-07,2.64954881423841e-05
IntraMac->Beta,TENM1_ADGRL2,0.271866118870261,0.197953697302044,0.378399090308061,1.19011860247473e-08,0.00186059883886997,0.000883712,5.9501698373581e-09,-0.457733352,0.4770122511912,0.934745603173303,4.17033295412631e-08,0.00203336597580845,0.00392928819764072,4.64850789303822e-08
IntraMac->Beta,LAMC2_ITGA6,0.400902344111605,0.253417238958262,0.224904587464253,1.5207983443232e-08,2.40690980263749e-07,4.49E-08,0.306921281392337,-0.661736182,-0.833937762,-0.172201579,5.21736188151776e-08,2.62216602735933e-07,1.43920863070529e-06,0.383569361311324
IntraMac->Beta,SERPINA1_LRP1,0.458448642514663,0.488558064429846,0.845989517279011,1.63422383190296e-08,0.494472515708039,5.51E-09,1.63415984336425e-07,0.0917699087749171,0.883879659804863,0.792109751029947,5.57368917879006e-08,3.89330031228958e-08,0.559747710761044,9.57502702192319e-07
IntraMac->Beta,B2M_TFRC,0.542353137599922,0.732683662182682,0.954413332590545,1.63782049041053e-08,0.000364215164601987,3.59E-09,0.00021027033205758,0.433957918479433,0.815381668832021,0.381423750352588,5.58391430356338e-08,2.66057800132143e-08,0.000915740985284996,0.000616599074955392
IntraMac->Beta,VCAN_SELL,0.245879290199135,0.193023309991971,0.355283516806298,1.73021923879051e-08,0.0109205027599175,3.18E-05,1.63123946360271e-08,-0.349175142,0.531020529892712,0.880195672141004,5.86677028696397e-08,9.98556023391426e-05,0.019137037336936,1.16867908728772e-07
IntraMac->Beta,PDCD1LG2_PDCD1,0.361849236636497,0.260332042757703,0.440313653808214,2.49757742325167e-08,4.61141389501863e-05,0.012438033,1.17970189729278e-07,-0.475035831,0.283142853112433,0.758178684017268,8.2439498245193e-08,0.0221247077642817,0.000146859914007285,7.13172994034159e-07
IntraMac->Beta,HLA-B_CANX,1.49870252170399,2.53692642775468,2.10450637068002,2.5145228025942e-08,3.55343391410996e-08,3.18E-05,0.033617484304501,0.759367630312232,0.489767826316934,-0.269599804,8.29401297828807e-08,9.98556023391426e-05,2.66879481085488e-07,0.0567469948592807
IntraMac->Beta,SPP1_ITGB1,0.678193613994597,0.744765137048595,1.22951689862642,2.55176586383081e-08,0.309644155163971,1.37E-08,2.47192494370457e-07,0.135088341047727,0.858322457850856,0.72323411680313,8.40496891871955e-08,8.95234468803017e-08,0.372670806583093,1.39912189658771e-06
IntraMac->Beta,HLA-C_DDR1,0.479531005098511,0.826495278904224,0.861765332643989,2.5794804137768e-08,4.89750091049126e-07,3.57E-08,0.399699950143474,0.785382478554046,0.845670962329571,0.0602884837755244,8.49325566527003e-08,2.13581553859623e-07,2.68097937165859e-06,0.478921147712052
IntraMac->Beta,SORBS1_ITGB5,0.271354891751225,0.23656487603705,0.443090401518323,2.6774384565015e-08,0.115191153712969,4.89E-06,1.33631682218081e-08,-0.19794503,0.707420156030863,0.905365186347046,8.79097005358887e-08,1.84351628916841e-05,0.156314093953241,9.79965669599261e-08
IntraMac->Beta,TENM1_ADGRL1,0.282669914087596,0.233205666299004,0.422742505191493,3.0027238522445e-08,0.0545807020552792,3.35E-05,8.49634936211872e-09,-0.277515495,0.580660837208616,0.858176331775244,9.75937564241697e-08,0.000104772799858771,0.0803168936380572,6.39660587972909e-08
IntraMac->Beta,LAMB1_ITGB1,0.549494216835915,0.706879473675393,0.987642492626186,3.18308667355663e-08,0.00418553957365165,3.01E-09,5.15822701881645e-05,0.363359951448946,0.845884610016056,0.482524658567109,1.02989360010185e-07,2.27556429011103e-08,0.00812036463041235,0.000173016690512477
IntraMac->Beta,COL6A1_GP6,0.296993855943306,0.305000844125531,0.562426213729774,3.36748337517155e-08,0.812519145835897,2.61E-08,1.48940762085748e-07,0.0383801497818215,0.921230749649373,0.882850599867551,1.08167647808541e-07,1.61021199475056e-07,0.846194092439453,8.79316094136618e-07
IntraMac->Beta,ALB_B2M,0.874871665671887,1.39411839422826,1.26277050945595,3.39740782462022e-08,2.37059040031552e-08,1.05E-05,0.404502248038187,0.67220977572436,0.529449163551111,-0.142760612,1.09016237317019e-07,3.64263769801785e-05,1.8473573311732e-07,0.483557217698348
IntraMac->Beta,FBLN1_ITGB1,0.496880411359998,0.72065441612667,0.926195925891483,4.8346239719017e-08,0.000109202871935569,1.90E-08,0.00158225498904284,0.536408924617422,0.898418742364584,0.362009817747161,1.50625826352368e-07,1.19381379816222e-07,0.000313426114123892,0.00374126097282424
IntraMac->Beta,LAMA1_ITGA6,0.398941308652504,0.257885404416748,0.217063373629044,6.23326163567443e-08,1.40025960158314e-06,4.85E-08,0.385500167337861,-0.629446391,-0.878060201,-0.24861381,1.88656276890237e-07,2.81005111174589e-07,6.62354034663668e-06,0.464892768057863
IntraMac->Beta,NID1_PTPRF,0.384353674676229,0.424306673981193,0.71296102521341,7.00398553945782e-08,0.381916505365146,3.30E-08,5.81176258702076e-07,0.142672909161285,0.891388748955982,0.748715839794696,2.0987207552863e-07,1.99768107422187e-07,0.44766488590677,3.03199784181933e-06
IntraMac->Beta,CD274_PDCD1,0.36396799030249,0.252141082939711,0.398460160357276,7.3730508165224e-08,1.50321477726177e-06,0.400050472,2.85442408871672e-06,-0.52958037,0.130623908578455,0.660204278129706,2.19801272024675e-07,0.471945213930568,7.06160126716143e-06,1.26229744150621e-05
IntraMac->Beta,COL6A1_ITGB1,0.575777042647651,0.872409405141185,0.971504020883616,7.651405446638e-08,6.8180400769966e-06,3.85E-08,0.0692421268267343,0.599495055415712,0.754709698876063,0.155214643460351,2.2762397334272e-07,2.2744352316127e-07,2.6699696825451e-05,0.106442082900425
IntraMac->Beta,APP_LRP1,0.393951848039665,0.400222904151491,0.638352655191786,8.05403052883682e-08,0.823521822241236,7.09E-08,2.96565165460595e-07,0.0227844301267516,0.696334350844099,0.673549920717347,2.3835024356913e-07,3.96285271588522e-07,0.854009067022373,1.63883878164481e-06
IntraMac->Beta,MMP7_CD44,0.534998804224767,0.406350342023082,0.717866823195057,8.39232750808484e-08,0.00247266035758869,0.001503801,5.52870645072993e-08,-0.396811558,0.424180556163557,0.820992113690213,2.47361290330489e-07,0.00330758175667938,0.00506922545397523,3.58386197167539e-07
IntraMac->Beta,IAPP_CALCRL,0.692855063915678,0.815972648477924,0.391253420824091,8.53121588060574e-08,0.083444410095713,5.38E-05,1.98898535486222e-08,0.235967202077684,-0.824450224,-1.060417426,2.51117645106628e-07,0.000160929090167437,0.117277302602503,1.40236246335259e-07
IntraMac->Beta,SLURP1_CHRNA7,0.261399337444094,0.173943601786444,0.315541192940022,1.54446134902566e-07,9.43900730040002e-05,0.091957549,2.47192494370457e-07,-0.587635869,0.271572871580815,0.859208740316351,4.35775422374813e-07,0.131541177486318,0.000276442888848136,1.39912189658771e-06
IntraMac->Beta,LAMB1_ITGB8,0.317512388586029,0.317254170819633,0.552334442654596,1.67641133996966e-07,0.673568569611268,4.27E-07,2.96565165460595e-07,-0.001173753,0.798729208791185,0.79990296158236,4.69455568274902e-07,2.00823374410596e-06,0.725441359812251,1.63883878164481e-06
IntraMac->Beta,LAMA5_ITGA6,0.394764314143329,0.253890019812282,0.221123505004673,1.84143016052773e-07,3.12954210381468e-06,2.81E-07,0.219860512109077,-0.636787892,-0.836139187,-0.199351295,5.10911973152965e-07,1.38047690252546e-06,1.34217787330498e-05,0.290737008357453
IntraMac->Beta,CXCL12_CXCR4,0.533134823099449,0.439191628181207,0.313073753833264,2.28125377770091e-07,0.0274263119279136,4.16E-08,3.07233997271636e-05,-0.279649864,-0.76799785,-0.488347986,6.23484771122007e-07,2.43706292976279e-07,0.0433247481225365,0.000107537663285171
IntraMac->Beta,PECAM1_PECAM1,0.332219396240913,0.299252444394408,0.524783539996242,2.5639762055231e-07,0.21930934835759,1.24E-05,1.23618119897981e-07,-0.150773274,0.659586162658351,0.810359436367644,6.94044400612868e-07,4.25166314549664e-05,0.275889089882617,7.42504715008606e-07
IntraMac->Beta,MAG_MAG,0.309692017291362,0.223170518846015,0.387589742139791,2.58241192937792e-07,0.000309494163477569,0.015023856,4.86482376418544e-07,-0.472687737,0.323696192111434,0.796383928867694,6.98426746223173e-07,0.0261508739053781,0.000790731732927627,2.56814239232155e-06
IntraMac->Beta,COL1A1_DDR1,0.407391925169197,0.572290362317944,0.697852969860086,2.60324350283148e-07,0.011603035783582,7.09E-09,0.000303494590385827,0.490329925070983,0.776505721369148,0.286175796298165,7.02431454857161e-07,4.89655477262819e-08,0.0201852140599128,0.000856062152742364
IntraMac->Beta,RSPO2_LGR6,0.284402258191438,0.204001481542675,0.145420536141345,2.76654837420956e-07,0.000416594786959023,1.38E-07,0.00149188214232693,-0.479353289,-0.967701896,-0.488348607,7.41562161914563e-07,7.19700816036803e-07,0.0010340596521431,0.00355278953883728
IntraMac->Beta,IFNB1_IFNAR2,0.339866253033833,0.220438769400515,0.37100126783255,2.78685890448393e-07,2.05735264862147e-05,0.22947592,1.72162543363361e-06,-0.624589136,0.126456999844668,0.751046135898718,7.46300316135965e-07,0.293709026254056,7.15547558029124e-05,8.00963693014181e-06
IntraMac->Beta,GNAS_GCGR,0.849362139658372,0.791580715315582,1.20642800119514,3.22789156005439e-07,0.642837637215872,1.84E-05,6.08413343758832e-08,-0.101643336,0.506290111499924,0.607933447800326,8.5514832354977e-07,6.08472261503314e-05,0.697822585819813,3.9059047973726e-07
IntraMac->Beta,CALM1_SCTR,0.384830668050635,0.332196881926493,0.561358199437352,3.39464822244508e-07,0.136139105694179,1.05E-05,2.96565165460595e-07,-0.212185243,0.544697863480988,0.756883106389671,8.97287577754823e-07,3.64263769801785e-05,0.180898230472265,1.63883878164481e-06
IntraMac->Beta,CSF2_CSF1R,0.268086309932382,0.187860178444908,0.131497376834506,3.9060938658431e-07,0.00040558676356038,7.09E-08,0.00484495440598837,-0.513038262,-1.027663523,-0.514625261,1.0229097018693e-06,3.96285271588522e-07,0.00100942191315134,0.0101764770770231
IntraMac->Beta,SPP1_CD44,0.585073521741038,0.511662819045817,0.92559305399019,3.98266948106289e-07,0.0621029815086218,3.01E-05,3.55396368398027e-07,-0.193424527,0.661760108430388,0.855184635709773,1.04179307121017e-06,9.50577547594021e-05,0.0900647716903644,1.94102961003966e-06
IntraMac->Beta,C1QB_LRP1,0.438299016416507,0.593487708947066,0.781255925894774,4.28176872366949e-07,0.000933412716519299,3.85E-08,0.0034080653645308,0.437302709964784,0.833879784901949,0.396577074937165,1.11223443760482e-06,2.2744352316127e-07,0.00212466418245291,0.00741381383403529
IntraMac->Beta,WNT5B_FZD6,0.310127118009147,0.239097419825693,0.153673436436404,4.3665650880807e-07,0.0383702404838293,2.45E-07,1.73684768474033e-05,-0.37526112,-1.012991872,-0.637730752,1.13142553171158e-06,1.21722906558112e-06,0.0586173605033016,6.44956815416315e-05
IntraMac->Beta,APP_TNFRSF21,0.601291362102025,0.70330698294432,0.949767353026981,6.06264775456752e-07,0.0773219165295001,1.19E-07,2.64290997381008e-05,0.22609030762208,0.659509931935427,0.433419624313348,1.53758505314317e-06,6.31547697083453e-07,0.10956385195005,9.40238910591169e-05
IntraMac->Beta,GNAI2_C5AR1,0.311036965631564,0.338489941861686,0.520434625080656,6.21998268624326e-07,0.563930170243379,2.62E-07,3.370796985421e-06,0.122026915068729,0.742630897755976,0.620603982687247,1.57363706257871e-06,1.29435781166023e-06,0.624817748904887,1.46860318916427e-05
IntraMac->Beta,ARF1_CHRM3,0.367478345177968,0.35101222318269,0.522426171852373,6.77198681668141e-07,0.823521822241236,1.05E-05,2.58733479987875e-07,-0.066137967,0.507567934768206,0.573705901778963,1.70358934805836e-06,3.64263769801785e-05,0.854009067022373,1.45477148964852e-06
IntraMac->Beta,NECTIN1_CD96,0.309588847972504,0.186028742338891,0.271362407488284,6.77091195645812e-07,6.570521729623e-07,0.325497988,0.000265838484335922,-0.734827959,-0.190132628,0.544695330110408,1.70358934805836e-06,0.395006516508451,3.44712186130052e-06,0.00075925945556812
IntraMac->Beta,AGRN_PTPRS,0.242640620358111,0.255970423099619,0.44680357633082,7.05921909792336e-07,0.381916505365146,1.32E-06,1.64983811356641e-06,0.0771560272396536,0.880819639242043,0.803663612002389,1.77004046165222e-06,5.64291486097694e-06,0.44766488590677,7.71799895854939e-06
IntraMac->Beta,CDH15_CDH15,0.247010953644617,0.153224292831322,0.261302169224678,7.06460188543228e-07,1.19262043408552e-05,0.554290107,8.24463423839719e-06,-0.688929969,0.081144081845284,0.770074051075689,1.77004046165222e-06,0.619879884145457,4.39540237421957e-05,3.29220668560655e-05
IntraMac->Beta,PTHLH_PTH1R,0.33599270897325,0.222508466209567,0.346822678908236,7.38159600144562e-07,1.55738417705092e-06,0.995674512,7.14541311096385e-05,-0.594569695,0.0457683131338018,0.640338007740417,1.84401519821866e-06,0.996756514157845,7.27873661615641e-06,0.000234259112391228
IntraMac->Beta,TGFB1_TGFBR3,0.359491626324836,0.492137127645657,0.61236950415779,7.46485840846109e-07,0.00074196558054464,6.58E-08,0.0077385568596181,0.453102192598973,0.768444270918117,0.315342078319144,1.86231269934408e-06,3.70216178445921e-07,0.00172896700857367,0.0153781973554575
IntraMac->Beta,CXCL9_CXCR3,0.368968457758992,0.237198306974692,0.38533104878875,7.87415770361909e-07,5.05096642070658e-05,0.376100498,2.41443186691204e-06,-0.637403774,0.062600949467383,0.700004723715971,1.95398092735725e-06,0.448226069496505,0.000159066221378633,1.08501178716434e-05
IntraMac->Beta,COL1A2_GP6,0.345865784312659,0.292573077921779,0.534573423565958,8.54645845389086e-07,0.130644913814558,0.000109054,2.58733479987875e-07,-0.241415276,0.628175815645636,0.869591091999636,2.10903080576439e-06,0.000304566911930673,0.17469262558231,1.45477148964852e-06
IntraMac->Beta,CALM2_GP6,0.286955377333149,0.31888869226246,0.530497773822029,8.87812080344329e-07,0.450842120332052,2.28E-07,7.31261139366822e-06,0.152226530573963,0.886520285022409,0.734293754448446,2.18336701435589e-06,1.13897854588202e-06,0.517721937517835,2.9554609653439e-05
IntraMac->Beta,DLK1_NOTCH2,0.307237909285119,0.208740527747826,0.163201493221276,9.23371453688206e-07,0.000187969319251487,1.71E-07,0.0283053093775875,-0.557645503,-0.912701976,-0.355056473,2.26068475590645e-06,8.77765377040137e-07,0.000508963079819412,0.0486653012322278
IntraMac->Beta,CNTN1_NOTCH2,0.333648455064946,0.208716977640879,0.16860332804582,9.4258293105126e-07,4.75373543333009e-05,1.02E-06,0.0373533340227019,-0.676780863,-0.984695806,-0.307914943,2.30409160923641e-06,4.46251879010834e-06,0.000150928672981971,0.0622644567126096
IntraMac->Beta,SEMA6D_PLXNA1,0.277478602676764,0.183930124351029,0.158700830763107,9.94956980864648e-07,3.29042507656242e-05,1.24E-06,0.0571273909193651,-0.593218736,-0.80606684,-0.212848104,2.41880602489065e-06,5.31125613501713e-06,0.000109305858668712,0.0903500004231667
IntraMac->Beta,LAMA1_TMPRSS6,0.301298025701756,0.200180652299649,0.161374015053203,1.19695818012883e-06,3.50018087027231e-05,3.98E-07,0.21350002228083,-0.589888674,-0.900782925,-0.310894251,2.86287843698505e-06,1.89012577251945e-06,0.000115125836240832,0.283722410382513
IntraMac->Beta,CALM1_SELL,0.285164793355573,0.261110036697971,0.395199577434012,1.2705673144815e-06,0.201275467617736,2.43E-05,9.02112334530595e-07,-0.127137962,0.470785526278013,0.597923488591825,3.01958010432699e-06,7.80677640337409e-05,0.256068952801179,4.51928241487722e-06
IntraMac->Beta,SORBS1_INSR,0.325207802147456,0.274463863464059,0.447262355850463,1.27781282864305e-06,0.0232613089314525,0.000323914,9.84199051708617e-07,-0.244745656,0.459759466891504,0.704505122755953,3.03448015926231e-06,0.000813316422317663,0.0375205757759967,4.86518746917752e-06
IntraMac->Beta,COL1A1_ITGB8,0.278363977435118,0.287743465654855,0.414644207478661,1.31568824159285e-06,0.741992104172102,4.34E-06,1.3904187417056e-06,0.0478106397231085,0.574901409742431,0.527090770019322,3.11728217362919e-06,1.65167562912094e-05,0.785440575092756,6.59370921333494e-06
IntraMac->Beta,VCAN_ITGA4,0.246706477207859,0.180862670309324,0.318837884544059,1.34258270881831e-06,0.0113714320834872,0.001832792,6.63614685052791e-07,-0.447900922,0.370027466560504,0.817928388776401,3.17616320260137e-06,0.00394286890999885,0.0198229711221769,3.42188932126724e-06
IntraMac->Beta,ALOX12_FPR2,0.237500752126995,0.176101428780216,0.317943874604638,1.45242704078441e-06,0.006767561519879,0.010589211,3.71778561035338e-07,-0.431525466,0.420840030869061,0.852365496617602,3.41179537558222e-06,0.0191910157421772,0.0124218445213364,2.01273965022498e-06
IntraMac->Beta,VCAN_TLR1,0.276715680785468,0.202616701040567,0.339584756311059,1.51226237596862e-06,0.004677702608064,0.00467258,9.84199051708617e-07,-0.449651303,0.295367297765544,0.745018600307393,3.53898229880463e-06,0.00914899703854043,0.00895967349651355,4.86518746917752e-06
IntraMac->Beta,VCAN_ITGB1,0.504523942531443,0.539729628675027,0.754621475418226,1.60107475770728e-06,0.111960464900961,3.61E-06,6.74819096441672e-06,0.0973141515786149,0.580830421721518,0.483516270142903,3.72718376338744e-06,1.39299598584881e-05,0.152551448524126,2.74518645076665e-05
IntraMac->Beta,C1QL1_ADGRB3,0.218240504214203,0.174571336483525,0.289601981321624,1.60690741824804e-06,0.0107010541300678,0.003627239,5.81176258702076e-07,-0.322102184,0.40815258844828,0.730254772466227,3.73703126338013e-06,0.00730617274763091,0.0187771694742799,3.03199784181933e-06
IntraMac->Beta,BGN_TLR1,0.33527995230888,0.341458665004558,0.546031138518859,1.73490106605479e-06,0.763493237591918,1.94E-06,3.66147584783478e-06,0.0263447233875716,0.703617003034981,0.677272279647409,4.01168992170528e-06,7.9041020721305e-06,0.804366943783308,1.57902203923268e-05
IntraMac->Beta,GNAI2_ADCY7,0.270835619853531,0.299641272642946,0.443599182748681,1.80556460730232e-06,0.450842120332052,1.28E-07,3.07233997271636e-05,0.145818861785806,0.711839213261758,0.566020351475952,4.16476425739763e-06,6.74445560694762e-07,0.517721937517835,0.000107537663285171
IntraMac->Beta,LAMB1_CD44,0.479819579464994,0.484678012402608,0.720584902544264,1.92560842623649e-06,0.736647398647375,2.07E-06,3.97610159558144e-06,0.0145346062765683,0.586676394921321,0.572141788644753,4.42088983508097e-06,8.37527054610477e-06,0.781023747963482,1.70211453343661e-05
IntraMac->Beta,TNFSF4_TRAF2,0.26256274062032,0.228505524259097,0.370382806774525,1.93316181635306e-06,0.0641120390194346,8.94E-05,1.72162543363361e-06,-0.200433158,0.496354925591525,0.696788083884565,4.43713912966076e-06,0.000254864814084643,0.0925610741329958,8.00963693014181e-06
IntraMac->Beta,PTDSS1_SCARB1,0.319345925633996,0.216130082096492,0.35832911457276,1.99033984537673e-06,0.000222340027462613,0.341856415,2.03996046046541e-06,-0.563220154,0.166165224084416,0.729385378082331,4.55716496751941e-06,0.412474019084958,0.000590375114196201,9.33239390643518e-06
IntraMac->Beta,LAMC1_SV2C,0.300112801356716,0.219386557511277,0.384775492721878,2.25981053653119e-06,0.0031179054026237,0.013253067,1.33197193772898e-06,-0.452029727,0.35851205363072,0.810541780395147,5.11762871686402e-06,0.0234093186735062,0.00625862311075402,6.35531162922553e-06
IntraMac->Beta,CDH1_PTPRF,0.398976167312775,0.422597466038917,0.65875273400572,2.5276871761764e-06,0.563930170243379,1.50E-06,8.92794498503461e-06,0.082981546279068,0.723434472728545,0.640452926449477,5.66104825435136e-06,6.32548278667487e-06,0.624817748904887,3.54382429022991e-05
IntraMac->Beta,TULP1_TYRO3,0.306736127612896,0.236907217896946,0.373542880223466,2.53118877231821e-06,0.0274263119279136,0.008692408,2.36149575041424e-07,-0.372675943,0.28427576509342,0.656951707921652,5.66752973312153e-06,0.016081471862278,0.0433247481225365,1.34399221231629e-06
IntraMac->Beta,PYY_NPY4R,0.313709761343082,0.230620243484779,0.396586473534611,4.72313156489874e-06,0.000463477495974703,0.058037533,1.00552533885436e-05,-0.443911263,0.338205050566169,0.782116313393391,1.01327900729934e-05,0.0877714177774841,0.00114131945154489,3.9426399162814e-05
IntraMac->Beta,PDGFB_LRP1,0.28575683428482,0.245284195458295,0.394754517614623,4.84561459973563e-06,0.153693916107113,0.000245894,1.72162543363361e-06,-0.220333723,0.466167772173666,0.686501495448535,1.03717055957627e-05,0.00063274431035849,0.201412875730142,8.00963693014181e-06
IntraMac->Beta,TGFB1_ITGB8,0.289596300383824,0.320306538445061,0.493551505697904,4.85269908928177e-06,0.446602267881148,1.94E-06,2.35897471276292e-05,0.14541007580121,0.76915747423205,0.62374739843084,1.03844866035376e-05,7.9041020721305e-06,0.513675210209045,8.4795823200973e-05
IntraMac->Beta,WNT16_FZD6,0.267747127506378,0.223332474207565,0.162523813600092,4.94602068362961e-06,0.0118388153484455,1.60E-06,0.000743799259127726,-0.261678051,-0.720219971,-0.45854192,1.0572062542827e-05,6.69239498045924e-06,0.0205417540123325,0.00190713564847263
IntraMac->Beta,PODXL2_SELP,0.306866815055634,0.203691414126972,0.190493363437596,5.1669948373826e-06,1.31440719252241e-05,2.70E-05,0.344783936967665,-0.591227467,-0.6878719,-0.096644433,1.10166235069954e-05,8.63057208759916e-05,4.79511415231104e-05,0.422954308789371
IntraMac->Beta,ARF1_INSR,0.452275486266298,0.497422935314022,0.696575612339192,5.41247184376975e-06,0.162027547676325,1.71E-06,6.64949689768892e-05,0.137271226246402,0.623078160066702,0.485806933820301,1.15031983045533e-05,7.0762703096884e-06,0.211383631430036,0.00021940596883451
IntraMac->Beta,ADM_MRGPRX2,0.318538774639158,0.195657340923357,0.209964630798972,6.00041788282059e-06,3.02361087913364e-06,0.000234722,0.653528663979384,-0.703139755,-0.601322673,0.101817081209183,1.26461586106983e-05,0.000607347165352771,1.30153402309915e-05,0.716347282914183
IntraMac->Beta,COL1A1_ITGB1,0.496768334181926,0.639794911057669,0.762383004825749,6.10371307915383e-06,0.016233018931897,5.99E-07,0.00162930714288179,0.365036302755998,0.617942743919324,0.252906441163326,1.28464430510711e-05,2.7370310153795e-06,0.0272243079102364,0.00383792349212155
IntraMac->Beta,EFEMP2_CATSPER1,0.301993539857342,0.236179110301418,0.38115526784932,6.29492414515419e-06,0.006767561519879,0.018064731,2.31506168598861e-06,-0.354636321,0.335861126135747,0.69049744694418,1.32220338721005e-05,0.0308735459054606,0.0124218445213364,1.0467714690694e-05
IntraMac->Beta,PF4_FGFR2,0.279346100862122,0.216133316542725,0.152100982946477,6.7861528651089e-06,0.00326407433490771,2.62E-07,0.0207376974731897,-0.370132204,-0.877024202,-0.506891999,1.4170860516171e-05,1.29435781166023e-06,0.00651697033305204,0.0370080815056271
IntraMac->Beta,WNT10A_FZD6,0.310651205811067,0.243023316849393,0.176213037433755,7.93849419808661e-06,0.00662456443819798,1.71E-06,0.00296771560580642,-0.354200913,-0.817974982,-0.463774069,1.63864292719079e-05,7.0762703096884e-06,0.0121929631175041,0.00655370529615584
IntraMac->Beta,HSP90AA1_CFTR,0.513672225513604,0.515036188126847,0.817144155606923,8.30608393320294e-06,0.758100091160755,1.39E-05,1.00552533885436e-05,0.00382573569204045,0.669742542644201,0.665916806952161,1.70884761642958e-05,4.71104109897134e-05,0.799678576314319,3.9426399162814e-05
IntraMac->Beta,CD34_SELP,0.295887280892795,0.206905868699027,0.185167415001312,8.32058382434756e-06,2.05735264862147e-05,4.37E-05,0.27945156308783,-0.516073113,-0.676217437,-0.160144324,1.71145327262435e-05,0.00013327601824639,7.15547558029124e-05,0.355091156584018
IntraMac->Beta,COL6A1_ITGB8,0.327422339664553,0.391262185793083,0.536212798672608,9.79389958277289e-06,0.147660598663786,7.33E-07,0.000334954291202389,0.256982925854272,0.711652894531428,0.454669968677156,1.98905933612248e-05,3.28865741325941e-06,0.194517450125094,0.000933947891785038
IntraMac->Beta,NID1_ITGB1,0.526785775963409,0.677504385910907,0.835998555835717,9.92648995100927e-06,0.000981752999052149,1.24E-05,0.00680953746349945,0.363013894250761,0.666284057972972,0.303270163722212,2.01467141564435e-05,4.25166314549664e-05,0.00222330467957233,0.0137845845181256
IntraMac->Beta,JAG2_NOTCH2,0.293957074419617,0.195109778904535,0.172709959489571,1.03441798983309e-05,4.2083000072467e-05,2.43E-05,0.291012661013251,-0.591319408,-0.767254215,-0.175934807,2.09488732287518e-05,7.80677640337409e-05,0.000135549110730653,0.366783691654048
IntraMac->Beta,GNAI2_ADORA1,0.294056111569839,0.307730644913464,0.448318999454845,1.03584418127138e-05,0.957652690065568,6.59E-06,2.27096002579032e-05,0.0655766439851953,0.608434164100509,0.542857520115313,2.09732027846742e-05,2.40543891548898e-05,0.965414924125324,8.18212248766786e-05
IntraMac->Beta,EFNB3_EPHB4,0.362296506804846,0.270351375229399,0.398550360198855,1.15234763680559e-05,0.000557557052359115,0.21295146,1.4878220856158e-05,-0.422335199,0.137591136393522,0.559926335529898,2.31861491719641e-05,0.275507797079863,0.00134181944902111,5.61424126805186e-05
IntraMac->Beta,AANAT_MTNR1A,0.424168708057464,0.247241666720265,0.212793480676481,1.15323071117611e-05,0.000145645602807068,9.90E-06,0.140254520724129,-0.778716296,-0.995184238,-0.216467943,2.31939113278368e-05,3.46890662631211e-05,0.000404701275836858,0.197091619360451
IntraMac->Beta,WNT11_FZD4,0.299542018563425,0.238785577975096,0.381094361942021,1.15918660266994e-05,0.021593961614545,0.005017005,4.49707584349152e-06,-0.327042687,0.347389870752643,0.67443255803753,2.33036479088474e-05,0.00976191565122018,0.0351349160893906,1.90600140313082e-05
IntraMac->Beta,GNAI2_UNC5B,0.299941989512266,0.454892358725112,0.438289543993647,1.23792044859514e-05,2.9980453912681e-05,2.85E-05,0.827413216969115,0.600841696556482,0.547200757990114,-0.053640939,2.47371935400503e-05,9.04446444092827e-05,0.000100704960063914,0.864096561563805
IntraMac->Beta,C5AR1_RPS19,0.703360746739892,0.702021526167391,0.991749019004719,1.41268571736774e-05,0.498956415458681,4.60E-05,1.17712264079082e-05,-0.002749554,0.495710241650649,0.498459795986034,2.79066759246216e-05,0.000139843561699169,0.564016655768126,4.54951452440329e-05
IntraMac->Beta,PRSS2_F2RL2,1.21892924220479,1.56977730783131,1.90904127401192,1.43980882489285e-05,0.00927165051817096,1.16E-06,0.00754414128595125,0.364945528196743,0.647233912944542,0.282288384747799,2.84123899272277e-05,5.00495757639131e-06,0.0164986562444675,0.0150366986998618
IntraMac->Beta,COL1A1_CD36,0.293739064079211,0.279284255763153,0.427983026903033,1.66250674401671e-05,0.309644155163971,6.95E-05,1.4878220856158e-05,-0.072800895,0.543018440262693,0.615819334962705,3.25180601975002e-05,0.00020300455769713,0.372670806583093,5.61424126805186e-05
IntraMac->Beta,CALM2_SELL,0.272208911294857,0.311677515200465,0.431033791963342,1.69619234578588e-05,0.172918685450791,6.21E-06,0.000149532239969103,0.195339783171583,0.66308667837299,0.467746895201407,3.30729143007748e-05,2.2799321315235e-05,0.224025763595136,0.000455382544705123
IntraMac->Beta,CEL_CXCR4,2.06226562886218,2.51839798270544,1.88406408268589,1.83670502778394e-05,0.00235929317764025,0.103102447,1.04603423398124e-05,0.288276120073567,-0.130382134,-0.418658254,3.5648740114791e-05,0.145740207317446,0.0048635329858626,4.08944146461734e-05
IntraMac->Beta,EFNB3_EPHB1,0.433278728806912,0.293164530952975,0.357175230262356,1.95485311397425e-05,6.8180400769966e-06,0.044802366,0.0146477297404107,-0.563584843,-0.278663376,0.284921466686334,3.7792476367154e-05,0.0698973865080433,2.6699696825451e-05,0.0271584223849237
IntraMac->Beta,MIF_CXCR4,0.712591626340368,0.599708132203605,0.44157414602997,1.98233771715898e-05,0.0192881479709934,1.41E-06,0.00497549944094504,-0.248814994,-0.690419824,-0.44160483,3.82841536763126e-05,5.97081120471349e-06,0.0317207059720427,0.010427198109444
IntraMac->Beta,ADAM9_ITGA6,0.375175796894515,0.295630089682503,0.230886665094397,2.13769737940125e-05,0.000981752999052149,5.85E-06,0.0582535479382088,-0.343773643,-0.700381906,-0.356608263,4.10550569385523e-05,2.15974082505811e-05,0.00222330467957233,0.0918818219762617
IntraMac->Beta,NRG1_ITGAV,0.33044995671013,0.275013167375977,0.207496895626893,2.17730305640596e-05,0.012323155822992,1.24E-05,0.00162930714288179,-0.264931111,-0.671342052,-0.406410941,4.17726921229016e-05,4.25166314549664e-05,0.0212993879345162,0.00383792349212155
IntraMac->Beta,HGF_CD44,0.418286605271278,0.391020746019262,0.569263677654614,2.2811625304439e-05,0.289851005972719,0.000160852,1.43110742790192e-05,-0.097246646,0.444605249869948,0.541851895871328,4.36306829689987e-05,0.00043190091616333,0.351864938015814,5.42878002743763e-05
IntraMac->Beta,NCR3LG1_NCR3,0.31917617277648,0.199479051123241,0.235099345400201,2.31895263348727e-05,5.2154151857204e-06,0.014562902,0.0705618681274178,-0.678115707,-0.441082431,0.2370332753693,4.43080503178395e-05,0.0254291937501728,2.11151878699652e-05,0.108167807048899
IntraMac->Beta,CXCL10_CXCR3,0.346869112905511,0.23214971360424,0.234973071590847,2.46751951940197e-05,1.87049899326105e-05,0.000245894,0.887813044678178,-0.579335878,-0.561895949,0.0174399291985641,4.69447727452204e-05,0.00063274431035849,6.57175691492997e-05,0.913671677047446
IntraMac->Beta,PODXL_SELL,0.250772832560793,0.222411595394536,0.33945522660407,2.8683328809437e-05,0.221977464101113,0.000443496,1.22420098278143e-05,-0.173149057,0.43684023477733,0.609989291779101,5.41177368799411e-05,0.00108098514726497,0.278831912891891,4.7090089762413e-05
IntraMac->Beta,JAG1_NOTCH2,0.321762107802609,0.220436154134429,0.184502698380758,3.3545140970155e-05,0.000248442339747259,2.17E-05,0.27945156308783,-0.545633573,-0.802352518,-0.256718945,6.2606857737016e-05,7.06661191715818e-05,0.000651523796784491,0.355091156584018
IntraMac->Beta,VCAN_CD44,0.440021936601344,0.369650212832849,0.553880120600801,3.66587265316049e-05,0.0847148275283549,0.004349425,7.92201381145314e-06,-0.251414704,0.331998309925856,0.583413014140271,6.80502688729971e-05,0.00858654835315809,0.11895527791427,3.18108242932565e-05
IntraMac->Beta,CD99_CD99,0.949548400389438,1.20344635376797,1.44553935234403,3.66846058167946e-05,0.00557489970024415,8.32E-06,0.0139684724577221,0.341858387237943,0.606294439314768,0.264436052076825,6.80712160451681e-05,2.98557714128743e-05,0.0104506962226442,0.0260403478192555
IntraMac->Beta,BMP5_ACVR2A,0.321508504235489,0.22703622404684,0.262752547286828,3.98378974925257e-05,5.3939695545424e-06,0.055160791,0.0571273909193651,-0.501934396,-0.291152147,0.21078224924888,7.33822882721721e-05,0.0840065077761313,2.17155580512609e-05,0.0903500004231667
IntraMac->Beta,THBS4_CD36,0.280618344762473,0.24717108104503,0.397742209547448,4.00739576231347e-05,0.12885224584241,0.000602556,2.45022910620323e-05,-0.183099366,0.50322434687503,0.686323712850576,7.37588549148778e-05,0.00143237684423771,0.172617226657762,8.77716478596918e-05
IntraMac->Beta,EFNB2_RHBDL2,0.288503222973963,0.206076357913739,0.183503667327483,4.05756394722627e-05,0.000158640168582594,3.54E-05,0.552370018540775,-0.485408432,-0.652778537,-0.167370105,7.45351644342786e-05,0.000109768702059698,0.00043729181221585,0.624622079397302
IntraMac->Beta,AANAT_MTNR1B,0.247238136589945,0.16440733258314,0.182622212306256,4.41594310179396e-05,1.59448924224553e-05,0.003762419,0.169986855510422,-0.588626649,-0.437039044,0.151587605058309,8.06104055842154e-05,0.00753776693242581,5.69207640706709e-05,0.233353552347493
IntraMac->Beta,RARRES2_GPR1,0.324161750768393,0.232095800710877,0.362686998179796,4.48822138408672e-05,0.00181646994103495,0.279492366,2.84994547026216e-05,-0.481993449,0.162011156030067,0.644004605040543,8.176978334133e-05,0.346505155108028,0.00385354369114715,0.000100623678580861
IntraMac->Beta,CCL5_CCR1,0.324970980198675,0.237487959543039,0.372797932353458,4.88389449596982e-05,0.00119922287102108,0.186108041,6.41392866076759e-05,-0.452456518,0.198082966133638,0.650539484431857,8.85288920684153e-05,0.245165344183872,0.00265000140108909,0.000212084815837079
IntraMac->Beta,CALR_LRP1,0.437612027600682,0.493678180156643,0.676044828889145,4.93981896799591e-05,0.249943127844888,1.32E-05,0.000346101698430335,0.173918490530998,0.627466523784063,0.453548033253066,8.93862877467814e-05,4.47665269988063e-05,0.309843090051935,0.000961416510708208
IntraMac->Beta,HLA-A_ERBB2,0.437095398853398,0.41733497820218,0.62669803307137,5.07345518879961e-05,0.801553358180331,0.000269726,1.87579148918235e-05,-0.066742349,0.519822272681572,0.586564621361685,9.16444422949705e-05,0.000688750734641588,0.836247592563039,6.90777063209356e-05
IntraMac->Beta,PTHLH_PTH2R,0.256899115909281,0.201440321872323,0.154416001877439,5.07900867849885e-05,0.00437647331792643,6.59E-06,0.0397601963922074,-0.35084943,-0.734379657,-0.383530227,9.17269950688041e-05,2.40543891548898e-05,0.00844687422090167,0.0658060879961871
IntraMac->Beta,EFNB2_EPHB4,0.387631416614319,0.244154595340785,0.287046816137903,5.31006705349512e-05,7.5327446284586e-06,0.0141143,0.207273400223325,-0.666890569,-0.433399448,0.233491120921711,9.56222113417036e-05,0.0247382173401835,2.92407165602421e-05,0.276731270973936
IntraMac->Beta,GSTP1_TRAF2,0.331304049360466,0.343064119657084,0.497576499023322,5.37342057132198e-05,0.526307218432645,4.37E-05,9.50105898615757e-05,0.0503224083934202,0.586762509011347,0.536440100617927,9.66697533062516e-05,0.00013327601824639,0.588938787612729,0.00030237420069218
IntraMac->Beta,IFNA16_IFNAR2,0.335248836434079,0.24027109332843,0.196638338720151,5.51565690755187e-05,0.00186059883886997,2.56E-05,0.0405911888597007,-0.480569233,-0.769687689,-0.289118457,9.90906232936877e-05,8.211867520269e-05,0.00392928819764072,0.0670505772415951
IntraMac->Beta,VCAN_SELP,0.293656261998824,0.206340917045417,0.273814553764562,5.51648377748842e-05,1.93091023071917e-05,0.325497988,0.00582778555045576,-0.509098467,-0.100929272,0.408169195383884,9.90906232936877e-05,0.395006516508451,6.76362397001444e-05,0.0120242387999671
IntraMac->Beta,NTN4_NTRK2,0.361826230436801,0.240738645035644,0.250724664245138,5.53277071746946e-05,2.64643770819484e-05,0.001132991,0.45956738730073,-0.587829245,-0.529193074,0.0586361716629856,9.93640455382271e-05,0.00254909304320826,8.99306773844863e-05,0.537076664539899
IntraMac->Beta,SELPLG_SELL,0.253272815489866,0.181343459958582,0.284904150883251,5.57498904847343e-05,0.00247266035758869,0.197293238,3.56755334118919e-05,-0.481967518,0.169784403694586,0.65175192179928,9.99682772859672e-05,0.25757191350128,0.00506922545397523,0.000123115566284176
IntraMac->Beta,OMG_RTN4R,0.335117314528504,0.278099580294943,0.41284496873733,5.60722886295123e-05,0.0601462996423131,0.006863335,1.4878220856158e-05,-0.26906466,0.300933894377676,0.569998554397848,0.000100449838359149,0.0129702576878214,0.0875674548249566,5.61424126805186e-05
IntraMac->Beta,IL1F10_IL1R1,0.308115131626506,0.247725284581998,0.175732171396583,6.15048703270689e-05,0.0300071128081766,5.19E-06,0.00754414128595125,-0.314728406,-0.810091201,-0.495362795,0.000109550779150449,1.94164553767359e-05,0.0469247859639013,0.0150366986998618
IntraMac->Beta,LTBP3_ITGB5,0.290402194980774,0.280696862769032,0.429861393632194,6.34885036581889e-05,0.617684571356056,0.00037096,2.35897471276292e-05,-0.049039418,0.565819186488963,0.614858604638353,0.000112666692307256,0.000920296533574833,0.675470302650561,8.4795823200973e-05
IntraMac->Beta,SST_SSTR3,1.0981493668916,1.28947136669802,1.85054695473126,6.79527199425162e-05,0.149651259106772,3.18E-05,0.000448610939178679,0.231705438962354,0.752877443074271,0.521172004111917,0.000120095295874155,9.98556023391426e-05,0.196898362113008,0.00121575910536279
IntraMac->Beta,PDGFB_ART1,0.338209006123146,0.209392615557577,0.239031814929933,6.82392000363683e-05,2.33427440000946e-05,0.006632039,0.135713952331913,-0.69170451,-0.500712423,0.19099208654094,0.000120510272233859,0.0125764699168647,8.03769346743752e-05,0.191838119010772
IntraMac->Beta,TGFA_ERBB2,0.265993780549739,0.198329094084164,0.319940596440517,7.01663770435521e-05,0.00160990704518727,0.20895631,7.67617563106894e-05,-0.423496181,0.266411549908341,0.689907730493096,0.00012379647532859,0.271053324390682,0.00345302665383004,0.000249924489656583
IntraMac->Beta,IFNA14_IFNAR2,0.36607158854875,0.220607333205392,0.264478326846171,7.21630694414159e-05,2.81703073388066e-05,0.039191439,0.0253663281551194,-0.730645057,-0.468976303,0.261668753516578,0.000127054947480092,0.0621308194867953,9.52419814629894e-05,0.0441844126602242
IntraMac->Beta,CALM3_GP6,0.272559131105811,0.262756224881015,0.415836269705546,7.26018630134892e-05,0.912616519999506,0.000282426,2.95915756962261e-05,-0.05284431,0.609446341967888,0.662290652082234,0.00012780339275143,0.000718035537624541,0.929963611378129,0.00010392703994518
IntraMac->Beta,LAMA1_RPSA,0.775553229274682,0.7278198903794,0.535671483859135,7.30004927167592e-05,0.351848439033478,6.28E-05,0.000149532239969103,-0.091644324,-0.533877305,-0.442232981,0.000128408183304154,0.000185423737052419,0.416661449702207,0.000455382544705123
IntraMac->Beta,LAMA3_ITGA6,0.378265693710745,0.26579793737189,0.260559700070471,7.45001161232993e-05,5.87299560383349e-05,0.000443496,0.914889935660038,-0.509070028,-0.537785973,-0.028715945,0.000130922585380206,0.00108098514726497,0.000181823109832588,0.934730922216521
IntraMac->Beta,LAMC2_SV2C,0.306856602588376,0.189767086140548,0.265230053204396,7.68951603589138e-05,2.56487072921748e-05,0.246880964,0.00856188539377811,-0.693334835,-0.210320369,0.483014466213177,0.000134801363621114,0.312216056963136,8.74455926978826e-05,0.0168421060635095
IntraMac->Beta,SPX_GALR3,0.553538696682968,0.409648110070929,0.389103861923065,7.81471957644929e-05,7.91176553076436e-05,0.000323914,0.820757951553994,-0.434299016,-0.508528876,-0.074229859,0.000136816261653752,0.000813316422317663,0.000236693229220558,0.858203135533646
IntraMac->Beta,SELPLG_SELP,0.302790413036994,0.196050853221712,0.221267792845065,7.91628550283293e-05,1.81189079944889e-05,0.007600694,0.239754677554561,-0.627091604,-0.452526054,0.174565550167224,0.00013841257951345,0.0142482465260776,6.39959007090467e-05,0.312219968201724
IntraMac->Beta,GDF6_ACVR2A,0.36190683765296,0.244242283232628,0.281506121625593,8.14150250653021e-05,3.60976158216989e-05,0.052402408,0.0180775868031713,-0.567305382,-0.362452069,0.204853313314623,0.000142084069936228,0.0802511347270192,0.0001181883328834,0.0327114897575134
IntraMac->Beta,SEMA4B_DCBLD2,0.257930711199342,0.223002207027623,0.331997122926102,8.51316115027639e-05,0.0954504090031436,0.004349425,2.54483553961865e-05,-0.209925572,0.364187176401865,0.574112748758561,0.000147988757379385,0.00858654835315809,0.132474544737587,9.07077795703582e-05
IntraMac->Beta,SERPINE2_LRP1,0.289662773757986,0.264804073320975,0.394191069709202,8.64356300390501e-05,0.293089329968557,0.00020396,8.54268642987777e-05,-0.129448973,0.444520804150235,0.573969776680584,0.000150031923521448,0.000535925738215774,0.355287494470006,0.000274495966303479
IntraMac->Beta,CRH_CRHR1,0.334645919864336,0.238199229679901,0.361661130324165,8.68133013781326e-05,0.000723110780564499,0.265178314,0.00021027033205758,-0.490466675,0.112003127271169,0.602469802394427,0.00015060339878282,0.332169208722279,0.00169094443747948,0.000616599074955392
IntraMac->Beta,TIMP1_CD63,0.900046707277316,1.25760992672159,1.13281687780129,8.96598460495855e-05,1.49534427909429e-05,0.011297615,0.275668215805978,0.482612733836183,0.331842888909737,-0.150769845,0.000155310500269366,0.0203365794238564,5.39387913201531e-05,0.35138468393525
IntraMac->Beta,LAMA1_ITGA2,0.28824920605534,0.21172748557199,0.172972603001484,9.08360401592092e-05,0.00126014458580695,8.32E-06,0.45956738730073,-0.445108066,-0.736773082,-0.291665016,0.00015720196337757,2.98557714128743e-05,0.00276840054084015,0.537076664539899
IntraMac->Beta,NPFF_NPFFR1,0.35804254911863,0.243188652674767,0.256957984229731,9.41200226019825e-05,6.05193735256011e-05,0.000883712,0.51859584610146,-0.55805513,-0.478598563,0.0794565667625532,0.000162373140527334,0.00203336597580845,0.000186743207491501,0.593116975531439
IntraMac->Beta,PROS1_TYRO3,0.321781961383469,0.254666820365473,0.388698676197731,9.65657346672178e-05,0.016550053676617,0.041360793,3.31116305497771e-05,-0.337472444,0.272568740488379,0.610041184055627,0.00016631557846673,0.0651932202260601,0.0276863164805386,0.000114862510140692
IntraMac->Beta,POSTN_ITGB5,0.297114217072997,0.241168696874924,0.388832305178613,9.79974656278964e-05,0.0279265828611842,0.020375596,3.31116305497771e-05,-0.300974978,0.388130445009144,0.689105423437345,0.000168688016124196,0.0344255670269293,0.044010671554169,0.000114862510140692
IntraMac->Beta,WNT11_FZD5,0.250110390966126,0.189052167914115,0.262105935865367,0.000100839736329128,0.000635335535238518,0.274664499,0.000293638315763086,-0.403780601,0.0675850299450616,0.471365631153268,0.00017329275248307,0.341700513041259,0.00151222502493108,0.000829514902918858
IntraMac->Beta,THBS4_ITGB1,0.476578544938594,0.542079741776456,0.717793544748661,0.000102655824715756,0.0661744605915118,7.31E-05,0.000922827990847499,0.185791087791929,0.590854943382085,0.405063855590156,0.00017612167242019,0.000212638356711131,0.0952555480100547,0.00231463820882642
IntraMac->Beta,WNT16_LRP6,0.334959291662296,0.291605793386513,0.219577355022303,0.000114044823661813,0.0390369080205332,6.95E-05,0.00193972204597642,-0.199966389,-0.609256493,-0.409290104,0.000194161364321481,0.00020300455769713,0.0595577818147749,0.004470898750894
IntraMac->Beta,LAMA1_SV2C,0.301461288740397,0.196052070792646,0.259874869163783,0.00012055722574081,3.39376409259045e-05,0.463751037,0.00856188539377811,-0.620735872,-0.214155627,0.406580244592237,0.000204651101312152,0.533992059688172,0.000112179416923047,0.0168421060635095
IntraMac->Beta,COL11A1_ITGA2,0.308391805328385,0.209336440175246,0.17109353241075,0.00012402673028387,0.000981752999052149,6.61E-05,0.189386114480391,-0.558940958,-0.849979201,-0.291038244,0.000210272871699008,0.000194020826146511,0.00222330467957233,0.256102301518279
IntraMac->Beta,HLA-DOB_CD4,0.268608252582305,0.184058269235127,0.201976045133153,0.000132602845168583,5.53003521698437e-05,0.002593182,0.394932105801229,-0.54534106,-0.411319432,0.134021627643828,0.000223755307476944,0.00539937473849788,0.000172695575842083,0.474060826523467
IntraMac->Beta,GNAS_CRHR1,0.633718931556142,0.616806186866437,0.826239163848407,0.000133115511729361,0.873433881162046,0.000295676,7.67617563106894e-05,-0.039025879,0.382716330349295,0.421742208903111,0.000224539148899001,0.000748458569594749,0.896894676737072,0.000249924489656583
IntraMac->Beta,LAMC2_ITGA2,0.290728464390947,0.207601509616187,0.180563049448503,0.000136187203576785,0.000619015276180163,5.66E-05,0.563863242507778,-0.485855392,-0.687169637,-0.201314245,0.000229388630365521,0.000168805648450834,0.00147639337668335,0.635120789981963
IntraMac->Beta,RARRES2_CMKLR1,0.322824212680513,0.23057936362579,0.344345247489248,0.000138242371608421,0.00177330473567274,0.463751037,0.000125771820948226,-0.485485386,0.0931069767417442,0.57859236306237,0.000232556328649838,0.533992059688172,0.00377312649962483,0.000390675839428923
IntraMac->Beta,RSPO2_LGR5,0.304217027222077,0.229264130242844,0.179048635544441,0.000140145359931459,0.00478220830355133,2.56E-05,0.0705618681274178,-0.408090248,-0.764749376,-0.356659128,0.000235502777416799,8.211867520269e-05,0.00913732877007924,0.108167807048899
IntraMac->Beta,THBS1_SCARB1,0.3642165585254,0.243008469113619,0.309444529115095,0.000140432839556759,6.42542191950585e-05,0.171924063,0.00970067022745018,-0.583789917,-0.235115697,0.348674220264813,0.000235943358678935,0.228970253426954,0.000197223875173249,0.0188124432186394
IntraMac->Beta,ESAM_ESAM,0.232627443103231,0.177397747398302,0.274843635279394,0.000143802919182173,0.00594952776779556,0.081790147,0.000105603347942541,-0.39103361,0.240589767590341,0.631623377143665,0.000241084405127842,0.118652953999762,0.0110750738411489,0.000333582129904513
IntraMac->Beta,CALM2_INSR,0.381204053142644,0.499506844673229,0.586753497924393,0.000145151973430836,0.00946482133246994,1.18E-05,0.0617431748919154,0.389940987558822,0.62219107730992,0.232250089751098,0.000243258643220057,4.04175716035251e-05,0.0168135314015006,0.0965871470380033
IntraMac->Beta,AGRN_LRP4,0.278884517237106,0.213723522793043,0.331838110222624,0.000149310215709759,0.00768531048745053,0.105453681,7.40629906036894e-05,-0.383922139,0.250811739645195,0.634733878580863,0.000249957949056108,0.148725723550755,0.0139255198576027,0.000242321843686852
IntraMac->Beta,SEMA3G_PLXNA1,0.276863911231218,0.186551065601596,0.227855093891762,0.000156277536812326,2.48569853639838e-05,0.067413572,0.077473431996047,-0.569606409,-0.281060388,0.288546021155915,0.000260872738615852,0.100276478680768,8.50260210763626e-05,0.11722176377277
IntraMac->Beta,TGFB1_SDC2,0.372885315453471,0.527329579696578,0.531587207285501,0.000158304325565992,0.000451316021645591,0.000139214,0.513072377902879,0.499972939839689,0.511574401584519,0.0116014617448298,0.000263783985151764,0.000380259878162845,0.00111401848370206,0.587880990182785
IntraMac->Beta,NTN4_UNC5A,0.446803521811316,0.320245039965387,0.403497650859054,0.00015936917779959,5.53003521698437e-05,0.117845493,0.0189290401906145,-0.48046433,-0.147080283,0.333384047386166,0.000265368741612741,0.164118059415029,0.000172695575842083,0.0341264180320935
IntraMac->Beta,PSEN1_CD44,0.494578036396956,0.353702129591635,0.428445737284815,0.00016251950303478,3.95838297045911e-05,0.059521397,0.0507445428919549,-0.483663266,-0.207085674,0.276577592325836,0.000270228507006851,0.0897584915149517,0.000128430595994583,0.08148478156243
IntraMac->Beta,CCL5_CXCR3,0.355982218783327,0.255754436895651,0.355352431881802,0.000164549086746782,0.000416594786959023,0.995674512,0.000636292890895773,-0.477045911,-0.002554608,0.474491302503884,0.00027340824388564,0.996756514157845,0.0010340596521431,0.00166910576104493
IntraMac->Beta,LRFN5_PTPRS,0.239734240064388,0.22190564446827,0.367486559926463,0.00017252172466802,0.907003698055829,0.000921424,4.45463604403199e-05,-0.111489611,0.616255508432696,0.727745119812574,0.000285891392379338,0.00211076803160539,0.924997849900927,0.000150717609788648
IntraMac->Beta,PPY_NPY4R,0.365102570818118,0.461670995969352,0.628419117080044,0.000177349066751899,0.0010586243765767,0.000234722,0.092949620656076,0.338563271155277,0.78342524039517,0.444861969239893,0.00029310986794148,0.000607347165352771,0.00237604624271114,0.137558949941278
IntraMac->Beta,BTC_ERBB2,0.271760076926931,0.194868164640659,0.304001758022345,0.000182846159182257,0.000635335535238518,0.463751037,0.000578921162636003,-0.479835111,0.161746134428845,0.641581245418446,0.000301660589468003,0.533992059688172,0.00151222502493108,0.00153414108098541
IntraMac->Beta,CD96_NECTIN1,0.371717171100881,0.256020830241954,0.347333050841433,0.000186455300140365,0.000222340027462613,0.708275363,0.00167764396404079,-0.537944137,-0.097885635,0.440058502082069,0.000306855158734884,0.75865054676703,0.000590375114196201,0.00393885298177006
IntraMac->Beta,HSPG2_PTPRS,0.243040033635759,0.281351728130008,0.390431584432631,0.000194056247067187,0.0997468455539009,3.73E-05,0.00322523990046619,0.211180849378616,0.683875789315567,0.472694939936951,0.000318297287259138,0.000115329901708238,0.137618484739948,0.0070622154440255
IntraMac->Beta,INHBB_ACVR2A,0.337361297117927,0.245866319929059,0.244697655967845,0.000195612276042669,0.000103032226927221,0.001387962,0.921675874537103,-0.456420352,-0.463294191,-0.006873839,0.00032051138431864,0.00307089969935223,0.0002983808173788,0.940119470495582
IntraMac->Beta,PYY_FAP,0.336975715811164,0.270199867563958,0.412469566229445,0.000197017531509794,0.0200316357935387,0.083748149,4.97306167663818e-05,-0.318617659,0.29164304709482,0.610260705687057,0.000322530630734179,0.121267112146893,0.0328392089072283,0.000167166556106958
IntraMac->Beta,VEGFB_TYRO3,0.364803765167998,0.325280584165988,0.489521922433696,0.000201579229280949,0.512536711179507,0.003247444,2.95915756962261e-05,-0.165435908,0.424252849244247,0.589688757301184,0.000329593523353671,0.00660967890205416,0.577060041265231,0.00010392703994518
IntraMac->Beta,LAMA5_ITGA2,0.282550697225738,0.2097503306703,0.175485688341522,0.000201667007341655,0.001425164636757,6.28E-05,0.319223916541822,-0.429836662,-0.687156369,-0.257319707,0.000329679257708195,0.000185423737052419,0.00309233210785515,0.396724626942436
IntraMac->Beta,BMP6_ACVR2A,0.338853501304988,0.235575016093765,0.26237277339575,0.00020626363205386,4.75373543333009e-05,0.009920085,0.319223916541822,-0.524475134,-0.369043659,0.155431475363438,0.000336780528583652,0.0181227387339283,0.000150928672981971,0.396724626942436
IntraMac->Beta,LAMA5_SV2C,0.30024975306779,0.194305590317028,0.256148686283672,0.000210604354630924,6.42542191950585e-05,0.242446461,0.0153559383658457,-0.627835648,-0.229181566,0.398654081897073,0.000343507155096565,0.307399835150931,0.000197223875173249,0.0282915648976118
IntraMac->Beta,CCL3L3_CCR1,0.328736842479254,0.25832118303312,0.4005427161997,0.000230334370297472,0.0136116000511125,0.062582347,0.000113274067187535,-0.347767198,0.285022954979841,0.632790153039219,0.000373532511497708,0.0938266276248637,0.0232885189429159,0.000354570637156151
IntraMac->Beta,KISS1_KISS1R,0.253122173476123,0.177179219756752,0.198025734396397,0.000232625758748431,7.91176553076436e-05,0.015983929,0.116673130347007,-0.514624481,-0.354145964,0.160478517658179,0.000377182874605486,0.0276517233554044,0.000236693229220558,0.168211276642486
IntraMac->Beta,ADCYAP1_SCTR,0.345024271793636,0.242157078320264,0.351569687990881,0.000237509519000524,0.000277398308838216,0.858006626,0.00177829805199522,-0.510754681,0.0271128316697158,0.537867512232227,0.000384566705994946,0.886817582477169,0.00071936931466302,0.0041459545686107
IntraMac->Beta,CALM2_CACNA1C,0.339965750334615,0.458287196856353,0.530767547897572,0.00024556006991228,0.00594952776779556,3.93E-05,0.103367936877449,0.430862570536085,0.642690752702094,0.211828182166009,0.000396775390982461,0.00012103229868013,0.0110750738411489,0.151202150728061
IntraMac->Beta,COL1A2_ITGB1,0.650575073602817,0.840249860325133,0.929050689074003,0.000250460151184897,0.00284332335778866,0.000139214,0.0864848722272326,0.369102849778157,0.514041764203143,0.144938914424986,0.000403853464175059,0.000380259878162845,0.0057582545118221,0.129035650693478
IntraMac->Beta,LRFN5_PTPRF,0.360887114565496,0.316922001001533,0.52828504128761,0.00025893737915562,0.232882270623971,0.005383894,5.54833651320873e-05,-0.187419816,0.549768925526085,0.737188741515562,0.000416370948588799,0.0104106465753877,0.290651032964999,0.000185169527710952
IntraMac->Beta,WNT5B_FZD9,0.322802210546838,0.265951800304002,0.188746033879748,0.000262728127633915,0.0185688899827538,2.85E-05,0.0389436853565221,-0.279485654,-0.774204126,-0.494718471,0.000422175361682886,9.04446444092827e-05,0.0306404751033306,0.0646152075783775
IntraMac->Beta,LAMC1_ITGB8,0.304949205475869,0.275186824513346,0.401840349305571,0.000264013236628989,0.442385200215092,0.005979079,3.07233997271636e-05,-0.148157559,0.398053475999636,0.546211034695476,0.000424094277815604,0.0114265203136581,0.509452981185973,0.000107537663285171
IntraMac->Beta,LAMC1_ITGB1,0.517111184192182,0.60193758601159,0.753882955115793,0.000264114736284236,0.0274263119279136,0.000126324,0.00716839688269397,0.219139395424516,0.543866044802709,0.324726649378193,0.000424184273426198,0.000347802513788743,0.0433247481225365,0.0143954372705639
IntraMac->Beta,SEMA3C_PLXNA1,0.299306874893063,0.208433007215198,0.20096201557548,0.000266567778973659,0.000216229088124032,0.001001294,0.647372534297411,-0.522041656,-0.574702576,-0.05266092,0.000427755761614707,0.00227806572931057,0.000575952294123634,0.71010007054636
IntraMac->Beta,ITGB3BP_ITGB5,0.309019953420083,0.24057193469455,0.377358343478043,0.000272451417953265,0.0274263119279136,0.091957549,5.54833651320873e-05,-0.361231648,0.288235176063706,0.649466824272976,0.000436446303738288,0.131541177486318,0.0433247481225365,0.000185169527710952
IntraMac->Beta,CCL3_CCR1,0.377864112403646,0.266899853023872,0.379908915482838,0.000275685312385626,0.00428004104706931,0.676250092,0.000109375281708296,-0.501568993,0.00778606338810854,0.509355056107306,0.000441247871299437,0.730776280940464,0.00827273578264868,0.000344098694021919
IntraMac->Beta,SEMA3A_PLXNA1,0.270720122474838,0.197458090866108,0.194917898126598,0.000279166068987925,0.00031804469872563,0.000656783,0.622991801144291,-0.455255641,-0.473935554,-0.018679913,0.000446282963413772,0.00155139762436194,0.000810136796753871,0.688865282251534
IntraMac->Beta,CALM2_MYLK,0.297014261544987,0.391021618215377,0.450721024272493,0.000292078963518404,0.0031902270004086,0.000194565,0.0719021717404622,0.396716164464439,0.601702540066036,0.204986375601597,0.000465967602479848,0.000514136802663946,0.00638649708014376,0.109807376881963
IntraMac->Beta,TPH1_HTR5A,0.241798166922491,0.17393637795507,0.241335508774586,0.000297528475443234,0.00365720686197829,0.457140441,0.000189968326005557,-0.475243608,-0.002763106,0.472480502123698,0.000473770163696567,0.527552397815404,0.00720625804996483,0.000563979804258381
IntraMac->Beta,MMP7_CD151,0.612572498309853,0.544393751669365,0.766399125629541,0.000307019646447732,0.252869396202378,0.016483613,2.74457210408061e-05,-0.170230089,0.323215316645252,0.493445406095004,0.000488383230229271,0.0284528388893483,0.312833650898644,9.72326949747964e-05
IntraMac->Beta,ARF1_PLD2,0.343748683351197,0.341855405292649,0.456297917770733,0.000309335419862264,0.901395516357169,0.000269726,0.000303494590385827,-0.007967951,0.408621881667494,0.416589832403021,0.000491312922948271,0.000688750734641588,0.920439778498048,0.000856062152742364
IntraMac->Beta,CALM1_INSR,0.401450023579992,0.411603808394969,0.530169727204369,0.000318988694938789,0.851176141332516,0.000234722,0.000357595396074078,0.0360359326975646,0.401233895363064,0.3651979626655,0.000505869865078039,0.000607347165352771,0.878487613006164,0.000990100876989907
IntraMac->Beta,COL1A2_CD36,0.388849300099634,0.365162770125093,0.510451365616164,0.000323952816895197,0.401485636370811,0.003014505,7.95533225000376e-05,-0.090671458,0.392562368762184,0.483233826549013,0.000513218728939946,0.00617870781935256,0.468132252008366,0.000257933052582673
IntraMac->Beta,GDF1_ACVR1B,0.330642906036204,0.262160807750894,0.362114451675941,0.000344489484293131,0.00265207880782931,0.418593028,0.000357595396074078,-0.334821925,0.131171805504521,0.465993730033144,0.000543998291770158,0.490408913482099,0.00540379884653382,0.000990100876989907
IntraMac->Beta,RSPO4_LGR6,0.315792683753712,0.206522794988063,0.197596665322488,0.000344614355815375,0.000384381085853472,0.000883712,0.480586157239286,-0.612676717,-0.676419145,-0.063742428,0.000544054496816264,0.00203336597580845,0.000961519648388627,0.557922548192665
IntraMac->Beta,ADAM15_ITGAV,1.46769669402437,1.41152209501851,1.06657931558558,0.000353908035277039,0.796084944562798,0.000185572,0.000509898822282705,-0.056302148,-0.460562604,-0.404260457,0.000557455952898382,0.000491906602108357,0.831100208492645,0.00136441084746215
IntraMac->Beta,CALM1_CACNA1C,0.362369375958052,0.380076737014669,0.47972018718658,0.000362031494788494,0.544957467839838,0.000245894,0.000509898822282705,0.0688296885336409,0.404732112579914,0.335902424046273,0.000569290253436796,0.00063274431035849,0.606534215488606,0.00136441084746215
IntraMac->Beta,SELPLG_ESAM,0.244981360239809,0.179015343183119,0.253995249327072,0.000370884937575292,0.00284332335778866,0.424883133,0.000369445275282031,-0.452588737,0.0521295293104167,0.504718266618503,0.000582426716784903,0.496399041977884,0.0057582545118221,0.00101988325771849
IntraMac->Beta,LAMC1_ITGA6,0.403444263200685,0.300080837062887,0.336721319888068,0.000373334718584575,8.14893226428068e-05,0.065770588,0.0818786354826839,-0.427018182,-0.260814305,0.166203876934309,0.000586076448158351,0.0981455842350519,0.000242698723375512,0.123028980635064
IntraMac->Beta,COL4A1_GP6,0.314672576930679,0.291035925604717,0.452143448013765,0.000376828040657951,0.507988638233998,0.002403109,0.000101954405359638,-0.112654205,0.522929100233645,0.635583305017004,0.000591162455980049,0.00503734767221503,0.572561384418407,0.000322930625872564
IntraMac->Beta,WNT16_FZD5,0.240116157066658,0.190316138204656,0.162785299918371,0.000381705413061797,0.00418553957365165,8.94E-05,0.180881191903266,-0.335334579,-0.560762056,-0.225427476,0.000598612658547485,0.000254864814084643,0.00812036463041235,0.246171543343108
IntraMac->Beta,WNT10A_LRP6,0.391948499226666,0.311329376939567,0.251497891595177,0.00038407057343831,0.0259716200618753,0.000234722,0.00834902410589558,-0.332222385,-0.640117794,-0.307895409,0.000602119379669338,0.000607347165352771,0.0413771600234283,0.0164511400210803
IntraMac->Beta,COL6A1_CD44,0.497496128671041,0.591590875788751,0.718542689182128,0.000387770865785513,0.0886201914054277,2.43E-05,0.0153559383658457,0.249914502018937,0.530388570789097,0.280474068770159,0.000607716168690737,7.80677640337409e-05,0.123972577299015,0.0282915648976118
IntraMac->Beta,GAST_ADGRG1,0.457447203158881,0.435052003508443,0.338810321508664,0.000404164376947709,0.393586799485228,0.000245894,0.000743799259127726,-0.07241738,-0.433127416,-0.360710036,0.000631392615670446,0.00063274431035849,0.460014743214911,0.00190713564847263
IntraMac->Beta,TGFB1_ENG,0.328155446210374,0.426711588883239,0.501107734669185,0.000408123305289082,0.0192881479709934,3.54E-05,0.0666634497330892,0.378881914718974,0.610741427731665,0.23185951301269,0.000637470561241889,0.000109768702059698,0.0317207059720427,0.103106725105332
IntraMac->Beta,GZMB_CHRM3,0.278159656782771,0.221201708141726,0.312908744935348,0.000409840604859937,0.00259099166234641,0.450582441,0.000463253064094701,-0.330550664,0.169828785850314,0.500379450322161,0.000640045732819938,0.52139285084129,0.00529552371305155,0.0012521659176689
IntraMac->Beta,CTSG_F2RL2,0.228108822839677,0.167600484274098,0.256042322909408,0.000426921029273028,0.00946482133246994,0.265178314,0.000165753996643186,-0.444695929,0.166660053158685,0.61135598181221,0.00066593969248475,0.332169208722279,0.0168135314015006,0.000498437550189439
IntraMac->Beta,LAMB1_ITGA6,0.421897102397369,0.343101319918634,0.438732277889956,0.000446924757571461,0.000887285699303384,0.952447238,0.0013252397457635,-0.298256502,0.0564496712600637,0.354706173603804,0.000695050706673323,0.964336029094021,0.00202659182250293,0.00319757794839161
IntraMac->Beta,PDX1_SLC2A2,0.294362946809166,0.241399358051607,0.331387737943207,0.000476608802470336,0.0511143081204978,0.064160331,9.17085260187226e-05,-0.286174242,0.170924137853825,0.457098379545952,0.000738138288136027,0.0960352725819948,0.0757336522103388,0.000292764247331501
IntraMac->Beta,THBS1_ITGAV,0.393797496664631,0.326800983560877,0.261082223421631,0.000487862389423279,0.0403997906273685,0.000213773,0.00877958554355072,-0.269041614,-0.592949708,-0.323908094,0.000754564809905545,0.000558563584902073,0.0613661043758498,0.0172267509361046
IntraMac->Beta,COL9A1_GP6,0.249495616903287,0.186957684895552,0.274405040369062,0.000495537468511643,0.0031179054026237,0.269893181,0.0006565631858006,-0.416302694,0.137292510399973,0.553595204835006,0.000765673928487097,0.336761583199304,0.00625862311075402,0.00171696703031904
IntraMac->Beta,PF4_CXCR3,0.355225081188053,0.260847822607349,0.323536000972142,0.00052218544862622,0.000269876558039366,0.3644605,0.00970067022745018,-0.445525057,-0.134807194,0.310717863045529,0.000804715986252334,0.436136952543898,0.000702586090046551,0.0188124432186394
IntraMac->Beta,SELL_CD34,0.294739962505482,0.208801400425339,0.233361704485624,0.000599966474603299,0.000193327515589084,0.04847906,0.0789198668990783,-0.497311292,-0.336874852,0.160436440120329,0.000916105299574329,0.0749813750675396,0.000521352722004909,0.119081934395762
IntraMac->Beta,GCG_GCGR,1.98541331267736,1.75628887094292,2.53567844634992,0.000603114317382143,0.323324435709553,0.015983929,6.64949689768892e-05,-0.176909215,0.352932435196793,0.5298416502026,0.000920610432423602,0.0276517233554044,0.386914412451667,0.00021940596883451
IntraMac->Beta,TFPI_VLDLR,0.277729461284211,0.252124882670497,0.373030481017914,0.000614308606903381,0.612706068063336,0.004195467,0.000125771820948226,-0.139541717,0.425613294249422,0.565155011289072,0.000936777944285554,0.00831074861937634,0.671127548484594,0.000390675839428923
IntraMac->Beta,ANGPTL7_LILRB3,0.30311913664348,0.20842415578027,0.196551388793937,0.000622698590407017,0.000669183544836813,0.001087434,0.71633050094726,-0.540362442,-0.624978376,-0.084615934,0.00094864158930535,0.00245369767988066,0.00157725904166844,0.771674663683571
IntraMac->Beta,EDIL3_ITGB5,0.276989884409917,0.264591816292977,0.363924408302447,0.000628538706496721,0.186699605915711,0.007861598,0.000196521569855804,-0.06606485,0.393805523877298,0.459870373674461,0.000957069711753415,0.0147166343573042,0.239583701194353,0.000581768709493793
IntraMac->Beta,COL1A1_CD44,0.430134326095395,0.425948856499926,0.570309485237855,0.000638841308948659,0.429871570066647,0.001564953,0.000346101698430335,-0.01410705,0.40695775905173,0.421064809512663,0.000972439903699917,0.00342351810703729,0.496666018194727,0.000961416510708208
IntraMac->Beta,WNT5B_FZD5,0.262756115367075,0.202731329907467,0.171072688576571,0.000648331125186566,0.00400219344526297,0.000309498,0.167341735107065,-0.374155281,-0.619114884,-0.244959603,0.000985759207129632,0.000780692227255834,0.00779871745506851,0.23023063496736
IntraMac->Beta,PCSK9_VLDLR,0.270874965873681,0.243320390590194,0.357072888031246,0.000659051852244017,0.568722584110125,0.003627239,0.000165753996643186,-0.154769841,0.398591528727707,0.553361369473425,0.00100059174442256,0.00730617274763091,0.62930536946373,0.000498437550189439
IntraMac->Beta,IFNA6_IFNAR2,0.328344420116907,0.218278551949479,0.240609818749273,0.000661923019031324,0.000182750942314353,0.010249854,0.50211807327319,-0.589039558,-0.44851442,0.140525138185905,0.00100478729398278,0.0186485511126226,0.000496563003177479,0.577813642671147
IntraMac->Beta,COL9A1_ITGA2,0.269139562329869,0.209979621230693,0.169050369682095,0.000717451157265911,0.00582220383619937,0.000132624,0.275668215805978,-0.358105155,-0.670901302,-0.312796147,0.00108466521798645,0.000363750701365928,0.010870599956779,0.35138468393525
IntraMac->Beta,WNT16_FZD9,0.286973559376326,0.243574772278808,0.187009453125475,0.000732841807545998,0.036428022024615,9.88E-05,0.0389436853565221,-0.236553101,-0.617806617,-0.381253517,0.00110667773689316,0.000279409900555349,0.0559066451868392,0.0646152075783775
IntraMac->Beta,APP_SORL1,0.727432663054383,0.903786487036906,1.02352560591613,0.000751790557144559,0.0502771106676723,3.35E-05,0.0641643823187627,0.313168279440501,0.492661582669643,0.179493303229142,0.00113382414180185,0.000104772799858771,0.074702913078695,0.0998207735606101
IntraMac->Beta,A2M_LRP1,0.401690081503944,0.449393380866837,0.578461187005057,0.000776115412794134,0.189073200668366,0.000109054,0.00735411648933077,0.161896035855346,0.526137322087147,0.364241286231801,0.00116824343562106,0.000304566911930673,0.242329598218537,0.0147145428169192
IntraMac->Beta,LTF_GP9,0.297132764469052,0.220930364288488,0.323497297738062,0.000779880253194138,0.00889583132923848,0.320158801,0.000407234752047276,-0.427515983,0.122645962468872,0.550161945129009,0.00117353169895062,0.389925747190245,0.0158874812634763,0.0011130049127152
IntraMac->Beta,COL9A1_MAG,0.310369983490438,0.223639895106335,0.259686044853769,0.000781316231708673,0.00020447732673215,0.168506248,0.0449702426947289,-0.472811463,-0.25722055,0.215590913479934,0.00117531330581817,0.225190011048161,0.000547149886333189,0.0733104550605437
IntraMac->Beta,LGALS3BP_ITGB1,0.558350932792244,0.656340475485668,0.784349383055507,0.000849075680241147,0.0351802833924819,0.000269726,0.0221913440889725,0.233272239379963,0.490324270568737,0.257052031188773,0.0012702771363736,0.000688750734641588,0.0541431584697363,0.039286554879851
IntraMac->Beta,GDF1_ACVR2A,0.338386413627745,0.237950069225862,0.290340485096164,0.000863840212882752,0.00020447732673215,0.246880964,0.0405911888597007,-0.508012769,-0.220925889,0.287086880171941,0.00129008989845826,0.312216056963136,0.000547149886333189,0.0670505772415951
IntraMac->Beta,GDF15_TGFBR2,0.321875225802581,0.221055824319552,0.233740611323666,0.000915912533288739,0.000248442339747259,0.011297615,0.593089911122625,-0.542090791,-0.46159312,0.0804976704373924,0.00136191902278551,0.0203365794238564,0.000651523796784491,0.66223877076273
IntraMac->Beta,CD14_ITGB1,0.671552326778766,0.841715475844866,0.904415340455509,0.000919790527220425,0.00111292599348553,0.002693212,0.183684072068791,0.325832825059754,0.429485644771038,0.103652819711284,0.00136708190533973,0.00559018223464048,0.00248477110273648,0.249331348116659
IntraMac->Beta,LAMA3_SV2C,0.283973352341019,0.200979652983016,0.307447877066413,0.000984792395037482,0.00160990704518727,0.757267462,0.00250811051703741,-0.498706102,0.114586289014415,0.613292391007778,0.00145696169086592,0.802435290412899,0.00345302665383004,0.0056511106077468
IntraMac->Beta,ALDH1A2_CRABP2,0.764222910149546,0.63526410622138,0.603141868483088,0.00101785499422892,0.00103240258758526,0.001564953,0.748499717044023,-0.266637002,-0.341496121,-0.074859119,0.00150301589143064,0.00342351810703729,0.00232390234966103,0.799222225341878
IntraMac->Beta,WNT10A_FZD5,0.277612635897501,0.205643723565346,0.187184911927732,0.00104725839017404,0.00139064678004941,0.00133314,0.51859584610146,-0.432926194,-0.568609082,-0.135682889,0.00154374624897969,0.00296154535183043,0.00302588130727803,0.593116975531439
IntraMac->Beta,TGFB3_TGFBR2,0.322065980409472,0.226405924567709,0.219372020787905,0.00108687912947551,0.000669183544836813,0.003247444,0.754988529543184,-0.508444565,-0.553976743,-0.045532178,0.00160012760728339,0.00660967890205416,0.00157725904166844,0.804676988525916
IntraMac->Beta,GNAI2_CNR1,0.338384155338692,0.345920312377843,0.457245765811277,0.00112315179216551,0.980230658102707,0.000960602,0.000867977347531687,0.0317777142980082,0.434307792680518,0.402530078382509,0.00165066329247201,0.00219243733060228,0.984134278202782,0.00218883284611397
IntraMac->Beta,CALM1_MYLK,0.309604378134979,0.330919818361534,0.405907193003615,0.00115005639829867,0.507988638233998,0.001694078,0.000698917385528889,0.0960558222168675,0.390724032011188,0.294668209794321,0.00168595412279271,0.00366984568461381,0.572561384418407,0.00181248300589755
IntraMac->Beta,VEGFA_TYRO3,0.36866554375591,0.36120475394216,0.498223668769866,0.00116234009986338,0.974583973224165,0.002225702,0.000478340112748263,-0.029495705,0.434480973841721,0.463976678473428,0.00170208923885802,0.00470245656628954,0.979624924809807,0.00129032867892302
IntraMac->Beta,CALM1_GRM4,0.450634452285768,0.411599199787453,0.537479519927835,0.00122643401693573,0.434019767655747,0.013253067,0.000189968326005557,-0.130717438,0.254252166977996,0.384969605191885,0.00178780692451579,0.0234093186735062,0.501118503860973,0.000563979804258381
IntraMac->Beta,WNT5B_FZD1,0.309862333332508,0.272738447161944,0.198999519831368,0.00132495841989538,0.293089329968557,0.000577012,0.00322523990046619,-0.184109305,-0.63886244,-0.454753136,0.00192181809062107,0.00137656565431482,0.355287494470006,0.0070622154440255
IntraMac->Beta,TGFB1_ACVR1B,0.348557215333828,0.373919209965526,0.487421273715977,0.00133256230310567,0.468027525294172,0.000338947,0.00350297233042535,0.101331098215609,0.483773725771275,0.382442627555666,0.00193164586843351,0.000847708633509793,0.534757564422346,0.00759723922301968
IntraMac->Beta,CDH1_ITGB1,0.551604791825771,0.670516614493595,0.776040744444113,0.0013797618671059,0.0300071128081766,0.00038799,0.0458922632021616,0.281638090448475,0.492497409729764,0.210859319281289,0.001994177052427,0.000959993220719042,0.0469247859639013,0.0745659347064559
IntraMac->Beta,FLRT2_ADGRL1,0.279204239774494,0.247151725934493,0.348112046194015,0.00157598228010773,0.31643578178023,0.009599677,0.000463253064094701,-0.175923867,0.318230888100477,0.494154755484495,0.00225852860790366,0.0176132538546462,0.379526127869733,0.0012521659176689
IntraMac->Beta,LAMC2_ITGAV,0.341498680820683,0.284817528594519,0.233914820846519,0.00158648500283307,0.0519631470192628,0.000213773,0.0528023154527543,-0.261842068,-0.54589673,-0.284054662,0.00227218364907522,0.000558563584902073,0.0768043472343025,0.0843968469059787
IntraMac->Beta,APP_CD74,0.433926296814684,0.511515833261676,0.607249230500301,0.00161560581189058,0.189073200668366,0.000323914,0.0104470245611716,0.237328877724379,0.484838736692796,0.247509858968417,0.00231176116172961,0.000813316422317663,0.242329598218537,0.0201425889017381
IntraMac->Beta,CCL13_CCR1,0.323423235193196,0.240676337432575,0.326152212954714,0.00163369598994289,0.00235929317764025,0.740818346,0.00370003664040476,-0.426329019,0.0121220894217871,0.43845110833764,0.00233621281529776,0.787774000555486,0.0048635329858626,0.00797825746225047
IntraMac->Beta,TNFSF18_TNFRSF18,0.380533522006347,0.29353169222226,0.256035604821271,0.00164829609164009,0.0038261687006563,0.000883712,0.45956738730073,-0.374507271,-0.571679099,-0.197171829,0.00235492509462686,0.00203336597580845,0.00749958008819542,0.537076664539899
IntraMac->Beta,VWF_SELP,0.324317397544679,0.213170140668675,0.218717917699489,0.00166777557316882,0.000488723099266965,0.016483613,0.49668768601683,-0.605401045,-0.568335002,0.0370660428314006,0.00238129657837422,0.0284528388893483,0.00119516357607516,0.572978324902918
IntraMac->Beta,GNAI2_S1PR5,0.301431914144601,0.330956281768205,0.431387214775091,0.00171629700939564,0.247040598096395,0.000194565,0.0133171734576292,0.134808483386895,0.517151247307095,0.3823427639202,0.00244496311906575,0.000514136802663946,0.306557762277927,0.0249392880973228
IntraMac->Beta,RIMS1_SLC18A2,0.336097062471249,0.309358183821107,0.238795825041965,0.00182537554625129,0.607745375516816,0.001503801,0.0015364567073286,-0.119599733,-0.493100318,-0.373500585,0.00258967347459042,0.00330758175667938,0.666319800519612,0.00364590897124426
IntraMac->Beta,LAMA1_ITGAV,0.341532987862255,0.287376572728316,0.230841601250282,0.00197611165518312,0.0573073315322493,0.000257555,0.0593980874582156,-0.249082475,-0.565121686,-0.316039212,0.00279163554740999,0.000660747418436699,0.0838398350898403,0.0933870486786171
IntraMac->Beta,VEGFA_ITGB1,0.597644807430322,0.776900759963899,0.802561427738239,0.00206522710721386,0.000981752999052149,0.006632039,0.982946875881205,0.378442006478484,0.425323503304618,0.0468814968261338,0.00291003602055754,0.0125764699168647,0.00222330467957233,0.987924626464808
IntraMac->Beta,DAGLB_CNR2,0.274410608401557,0.20355744321264,0.291674682904578,0.00206648810001379,0.00428004104706931,0.629292491,0.00296771560580642,-0.430900278,0.0880239112148398,0.5189241893792,0.00291093340334169,0.688729362950801,0.00827273578264868,0.00655370529615584
IntraMac->Beta,HLA-B_LILRB2,0.812757352784368,0.838740679470888,0.998076116855776,0.00210493846015022,0.544957467839838,0.000602556,0.00423755029452312,0.04540012673222,0.29632514188843,0.25092501515621,0.00296017879636382,0.00143237684423771,0.606534215488606,0.00902256771223731
IntraMac->Beta,ADM_CALCR,0.302104438365721,0.222833633085461,0.200219243135167,0.00211989168890644,0.00400219344526297,0.001229362,0.54099298103348,-0.439080378,-0.593466738,-0.154386361,0.00298030891848067,0.00274933732620565,0.00779871745506851,0.614723846250436
IntraMac->Beta,THBS1_ITGA4,0.285197854629866,0.195635731228472,0.235666711371974,0.0021742180532243,0.0010586243765767,0.117845493,0.0422973994466808,-0.543793236,-0.27521514,0.268578096209142,0.00305254455154671,0.164118059415029,0.00237604624271114,0.0695365072327526
IntraMac->Beta,MPZL1_MPZL1,0.396265846955032,0.343551601369556,0.472957355609591,0.00228316757526402,0.0631009016451665,0.053767026,0.00095144185186335,-0.205941822,0.255241476845436,0.461183299326767,0.00319444834889197,0.0822060015794531,0.0913557675843727,0.0023761846303029
IntraMac->Beta,ANGPT4_TIE1,0.329705681565395,0.267841428662531,0.351043499556323,0.00231920599346158,0.0144405539210178,0.22947592,0.00162930714288179,-0.299799619,0.0904710648206534,0.390270683553647,0.00324144781122009,0.293709026254056,0.0245581562397911,0.00383792349212155
IntraMac->Beta,ADM_CALCRL,0.275765125766826,0.205492894323425,0.25018724460934,0.00232132161947362,0.00100678298664156,0.279492366,0.0289270755029585,-0.42435151,-0.140431782,0.283919728404603,0.0032434523766402,0.346505155108028,0.00227126635139505,0.0496014265241906
IntraMac->Beta,COL6A3_GP6,0.289721433637396,0.24902117090623,0.369622830349621,0.00234451081115087,0.108801673522186,0.052402408,0.000616605990289871,-0.218398018,0.351387449449856,0.569785467621425,0.00327487224414725,0.0802511347270192,0.148725382563738,0.00162477420266212
IntraMac->Beta,NRG1_ERBB2,0.27601508506112,0.200324782183458,0.263848716675725,0.00238180124354481,0.000354507306135038,0.165139038,0.16472765802809,-0.462406207,-0.06503615,0.397370056713545,0.0033249688715633,0.221197149134948,0.000893741662602063,0.226935400101317
IntraMac->Beta,SPP1_ITGAV,0.452894197869036,0.416232937665773,0.577808193509123,0.00238917603492834,0.224668749948721,0.015983929,0.000791345752518113,-0.121782922,0.351416604435466,0.473199526918801,0.00333426601642902,0.0276517233554044,0.281653384870817,0.00201464879352865
IntraMac->Beta,MMP1_ITGA2,0.266149393711172,0.218073064681655,0.183932771688661,0.00240622240935257,0.00721334659916529,0.000656783,0.54666684199321,-0.287424692,-0.533057727,-0.245633034,0.00335504374206888,0.00155139762436194,0.0131495206325999,0.619617107601838
IntraMac->Beta,CCL13_CXCR3,0.357289580614918,0.261454757546057,0.305391743039941,0.00252252850085632,0.00111292599348553,0.165139038,0.0414368577782024,-0.450532518,-0.226432785,0.224099732989179,0.00350777368157241,0.221197149134948,0.00248477110273648,0.0683385801547158
IntraMac->Beta,COL1A2_ITGB8,0.372529335264148,0.385813973607856,0.518242399373874,0.00254990312321779,0.957652690065568,0.002060215,0.00177829805199522,0.0505513596875032,0.476273014824744,0.425721655137241,0.00354319921545889,0.00437561075785673,0.965414924125324,0.0041459545686107
IntraMac->Beta,GCG_GLP2R,1.30577241524094,0.956722178741151,1.2277835158604,0.00260256629217468,0.00349505704757451,0.676250092,0.00497549944094504,-0.448731521,-0.088847264,0.359884256843063,0.00361207236622608,0.730776280940464,0.00692331538326079,0.010427198109444
IntraMac->Beta,B2M_LILRB2,0.680527943197164,0.70232632956677,0.82372890665579,0.00269421293025402,0.588084356479139,0.001132991,0.00370003664040476,0.0454871198966142,0.275515215396526,0.230028095499911,0.0037303871476042,0.00254909304320826,0.647580082308749,0.00797825746225047
IntraMac->Beta,DAGLB_CNR1,0.306554871930091,0.230458046196655,0.297784658489637,0.00271938401822366,0.000761276141274744,0.309651058,0.0507445428919549,-0.411641193,-0.041875903,0.369765289780654,0.00376412140109665,0.378760171361919,0.00177042728641506,0.08148478156243
IntraMac->Beta,OMG_TNFRSF1B,0.280552756738635,0.218311852011419,0.28445317263353,0.00276373751475488,0.00533711362301978,0.926569019,0.00331550502897134,-0.361881632,0.0199190831360806,0.381800715159367,0.00382154514343811,0.943871989506986,0.0100778534160989,0.00723777929095358
IntraMac->Beta,EDN3_EDNRA,0.24879936496532,0.197894690538891,0.162019049418839,0.00277918669104499,0.0269337915440357,0.000847415,0.092949620656076,-0.330249896,-0.618819352,-0.288569456,0.00384119920789268,0.00196292220596333,0.0426985736782402,0.137558949941278
IntraMac->Beta,CGN_TGFBR2,0.311820174545708,0.220169053163142,0.239378833513761,0.00278377736969334,0.000801304841122576,0.039191439,0.271919965959548,-0.502102572,-0.38141868,0.1206838918662,0.00384697411918511,0.0621308194867953,0.00185059954394439,0.347509171457825
IntraMac->Beta,GZMA_F2RL2,0.229111856143149,0.168701001641827,0.158655830062904,0.00279172908833032,0.00545483714239492,0.001503801,0.49128876521964,-0.441583576,-0.530151578,-0.088568003,0.00385682004383075,0.00330758175667938,0.0102648216389469,0.568366811604713
IntraMac->Beta,PROS1_AXL,0.323080917020177,0.240701147440066,0.262216807545981,0.00279645455230931,0.00057236500713901,0.074321849,0.243190026486277,-0.424652519,-0.301135376,0.12351714248801,0.00386220433283109,0.109073977840669,0.00137214618005466,0.315987821014624
IntraMac->Beta,GNAI2_IGF1R,0.470227111107721,0.537982764221897,0.624373858734598,0.00286150619116273,0.409478867060716,0.000282426,0.0146477297404107,0.194202231903563,0.40905241463796,0.214850182734397,0.00394620487155026,0.000718035537624541,0.476380502861357,0.0271584223849237
IntraMac->Beta,UBA52_FSHR,0.380529752582386,0.417193450832101,0.522334620923527,0.00287656217519481,0.306284721023087,0.001001294,0.00716839688269397,0.132707251525299,0.456965070767682,0.324257819242383,0.00396579544342554,0.00227806572931057,0.369172228673389,0.0143954372705639
IntraMac->Beta,COL4A1_ITGB1,0.600765916674851,0.824595584416813,0.786422750119796,0.00291729776306287,0.00108546116279973,0.011667137,0.935264380981592,0.456883768601363,0.38850209030026,-0.068381678,0.00401898590073112,0.0209330736307283,0.00243043248358038,0.951067932606158
IntraMac->Beta,HLA-E_KIR3DL1,0.727347906266481,0.735241592924432,0.890143455512596,0.00295846557494784,0.907003698055829,0.003902097,0.00136520856942636,0.0155727812364934,0.291392257635869,0.275819476399376,0.00407089052708563,0.0077908305510122,0.924997849900927,0.00328245980663797
IntraMac->Beta,CDH1_IGF1R,0.454222372571904,0.415627584189117,0.54379244378388,0.00308043895946843,0.0847148275283549,0.029723344,0.00167764396404079,-0.128107361,0.259657336887913,0.387764698281368,0.00422377401351191,0.0484126692875255,0.11895527791427,0.00393885298177006
IntraMac->Beta,IGFBP4_LRP6,0.408642570301287,0.528301980859331,0.544886955834837,0.00308233473362961,0.00304708156892429,0.003496432,0.641240432960353,0.370523313941304,0.415117448940385,0.0445941349990812,0.00422575226268328,0.00707017437006266,0.00612700514656733,0.704616651979523
IntraMac->Beta,CXCL12_CXCR3,0.362024610475415,0.271279308726377,0.348271063881529,0.00309315476708562,0.00736769538437863,0.935187916,0.00272908611509887,-0.416308761,-0.055877164,0.360431597133002,0.00423871715401421,0.950782875222511,0.0134125414803833,0.00608434877668315
IntraMac->Beta,TFPI_LRP1,0.300807881453362,0.256377650388971,0.37040458499614,0.00329974516795186,0.132456869420151,0.051066499,0.000895013270193423,-0.230571866,0.300259588489354,0.530831454034289,0.004494560722961,0.0785275800969188,0.176684924631941,0.00225153284367968
IntraMac->Beta,HLA-DMB_CD4,0.359887319578817,0.250169952414501,0.249584049902949,0.00331718630100242,0.00149658152622604,0.012047193,0.558102243108323,-0.524636749,-0.52801953,-0.00338278,0.00451586599762851,0.0215197662187211,0.00322926497262005,0.630034820732716
IntraMac->Beta,WNT8A_FZD6,0.324151774386126,0.256641095720184,0.228495139072211,0.0033451762101304,0.00889583132923848,0.001564953,0.323395542656574,-0.336917263,-0.504505994,-0.167588732,0.00455064950971217,0.00342351810703729,0.0158874812634763,0.400881544438608
IntraMac->Beta,SEMA3A_PLXNA3,0.314897041009918,0.264017459290639,0.233169127968768,0.0037701191042405,0.00768531048745053,0.001832792,0.454394284138236,-0.254246863,-0.433503414,-0.179256551,0.00509750268217936,0.00394286890999885,0.0139255198576027,0.532200815146616
IntraMac->Beta,CDH1_LRP5,0.329834597992427,0.360702536315613,0.453605983286568,0.00379234110572345,0.517105920555621,0.001087434,0.00716839688269397,0.129066829064525,0.459696930895666,0.330630101831141,0.00512383514400179,0.00245369767988066,0.580732485786519,0.0143954372705639
IntraMac->Beta,CCL8_CCR2,0.260812053484873,0.210292013722968,0.164381762110116,0.00379842126420069,0.102695853496268,0.001444827,0.0226952022645689,-0.310616482,-0.665960299,-0.355343817,0.00513130681425982,0.00318914957636141,0.141144382114807,0.0400233778022593
IntraMac->Beta,ALDH1A2_RXRA,0.348757790111267,0.29311318831008,0.377858577450216,0.00387884076913704,0.047834186707169,0.21295146,0.00114110595812168,-0.25076756,0.115620929852496,0.36638848948273,0.00523118715247019,0.275507797079863,0.0714372868402934,0.00279964134070464
IntraMac->Beta,RSPO4_LGR5,0.320034608348429,0.233763882927272,0.246364953224646,0.00397239399458222,0.00168979000746626,0.012047193,0.854153785986551,-0.453175877,-0.377430885,0.0757449916838464,0.00534465472111106,0.0215197662187211,0.00360529761885758,0.886106170105276
IntraMac->Beta,CDH1_ITGAE,0.302472286234068,0.232194051061178,0.231572723465865,0.00399811959756776,0.001425164636757,0.016996778,0.697263724778276,-0.381471951,-0.38533763,-0.003865679,0.00537539054570655,0.0292412299964862,0.00309233210785515,0.755058744454581
IntraMac->Beta,NEGR1_NEGR1,0.383785218743374,0.298397606380399,0.274661517766897,0.00425247680709852,0.011603035783582,0.001694078,0.340435616892908,-0.363063184,-0.482644355,-0.119581171,0.00569929650238721,0.00366984568461381,0.0201852140599128,0.41844557048057
IntraMac->Beta,TCN2_CNR1,0.306912016103616,0.225018671426357,0.243104993583978,0.0044466862266477,0.00190571068297301,0.016996778,0.49128876521964,-0.447780412,-0.336245602,0.111534810131615,0.00594420881659068,0.0292412299964862,0.00401637353157982,0.568366811604713
IntraMac->Beta,GNAI2_MTNR1B,0.258450035354417,0.285169055482949,0.334639779575531,0.00452721594782381,0.632725068676469,0.000883712,0.00970067022745018,0.141932039114287,0.372723551896559,0.230791512782272,0.00604839163009173,0.00203336597580845,0.688608031806569,0.0188124432186394
IntraMac->Beta,COL9A1_ITGAV,0.316152540988053,0.285472476112232,0.224000386920604,0.00453999706280768,0.244161758689203,0.000552466,0.0295605633429523,-0.14726916,-0.497119589,-0.349850429,0.00606286221930853,0.00132172326065932,0.303429374507446,0.0505205084029056
IntraMac->Beta,CD14_ITGA4,0.333171525557122,0.280189311871806,0.384595462493969,0.00475350039690236,0.120174123275847,0.091957549,0.00114110595812168,-0.249863182,0.207076634793295,0.456939816645571,0.00632714778857095,0.131541177486318,0.162202897108538,0.00279964134070464
IntraMac->Beta,WNT16_FZD1,0.275443031215204,0.254564602487398,0.196271532312567,0.00479094875758915,0.277139256216808,0.002312869,0.00900221827965603,-0.113722138,-0.488903025,-0.375180887,0.00637244688589642,0.00487107215533993,0.338503991356604,0.0176228105168167
IntraMac->Beta,EFNB2_PECAM1,0.308141949313028,0.219376414939857,0.256412009486309,0.00502719796377551,0.00129166546278735,0.225262767,0.0980482781487454,-0.490186666,-0.265131263,0.225055403049787,0.00665914549930389,0.288911191311323,0.00283164640114698,0.144303303655964
IntraMac->Beta,LAMA5_ITGAV,0.338388397806025,0.287274087102241,0.235158139231051,0.00508090774122341,0.211443344206162,0.001564953,0.0176645793527015,-0.23625224,-0.525048835,-0.288796595,0.00672360723650617,0.00342351810703729,0.267508953581321,0.0320511955265512
IntraMac->Beta,CDH1_CDH1,0.429019651000094,0.473902466451978,0.592951517807415,0.0051372969368171,0.612706068063336,0.001043554,0.0107069281004218,0.143546438198172,0.466870416831089,0.323323978632917,0.00679437201568551,0.00236268633711989,0.671127548484594,0.0205544814407768
IntraMac->Beta,CALM3_SELL,0.258368127950672,0.273518040576606,0.34205452418482,0.00529061532617036,0.929480046778765,0.003369873,0.003907128697698,0.0822078809557972,0.404798199086627,0.32259031813083,0.00698921679117931,0.00684095305405712,0.944245506841383,0.00837832103267285
IntraMac->Beta,PODXL2_SELL,0.253718148514242,0.191027121429271,0.245164798761987,0.00549510873756709,0.00199896187567105,0.961085669,0.0289270755029585,-0.409449235,-0.04947487,0.359974365171803,0.00724090610312556,0.971816490009369,0.00418924205263076,0.0496014265241906
IntraMac->Beta,EDN2_EDNRA,0.244263406701223,0.186968373932322,0.165754948114153,0.00561583953917761,0.0136116000511125,0.002225702,0.371612945605773,-0.385643491,-0.559385807,-0.173742317,0.00739477007643263,0.00470245656628954,0.0232885189429159,0.450826577787833
IntraMac->Beta,SEMA3C_PLXND1,0.376862751667809,0.29047178543267,0.382047598607606,0.00589417305167107,0.00768531048745053,0.765533439,0.00793745012568247,-0.375641172,0.0197131830633918,0.395354354703382,0.00773261346236073,0.809441840420786,0.0139255198576027,0.0157165219215381
IntraMac->Beta,LAMB1_ITGA2,0.313043191458583,0.266377273851926,0.349295720662342,0.00642064516601774,0.0873025918708117,0.137052283,0.00188447681715016,-0.23289072,0.158087243802512,0.390977963414105,0.00838233423493541,0.187562161417771,0.122276062608248,0.00435722799000679
IntraMac->Beta,CCL24_CCR2,0.318582553461596,0.215980886057804,0.196764535351939,0.00651883846005915,0.00889583132923848,0.003762419,0.599017512044005,-0.560763619,-0.695197046,-0.134433427,0.00850338765982823,0.00753776693242581,0.0158874812634763,0.667977926162161
IntraMac->Beta,GPI_AMFR,0.330157723095253,0.397149509499303,0.457511608737804,0.00655947069986096,0.0693703238619265,0.001229362,0.107040084489852,0.266526826689038,0.470652955010784,0.204126128321746,0.00855519332890143,0.00274933732620565,0.0994293763036341,0.155816152952768
IntraMac->Beta,SEMA3C_PLXNA3,0.337031144226626,0.274282791985401,0.247683503591664,0.00710911543959171,0.018925531163074,0.001832792,0.470011859251109,-0.2972178,-0.444384128,-0.147166328,0.00922819772063895,0.00394286890999885,0.03117932792108,0.546939947990812
IntraMac->Beta,CD46_JAG1,0.414570695637359,0.302959628208383,0.328652623724807,0.0071344488952664,0.00199896187567105,0.062582347,0.327602538625388,-0.452492585,-0.335054638,0.117437946293785,0.00925335640921092,0.0938266276248637,0.00418924205263076,0.405073764620575
IntraMac->Beta,COL6A3_ITGA2,0.302536274436968,0.266578933834064,0.220202284683421,0.00716589961306542,0.0621029815086218,0.000577012,0.264528537375589,-0.182545356,-0.458278694,-0.275733339,0.00929027263247731,0.00137656565431482,0.0900647716903644,0.339972746850302
IntraMac->Beta,PKM_CD44,0.519807597959092,0.50111163830203,0.660365856732656,0.00725350954974568,0.554404115158633,0.010589211,0.00322523990046619,-0.052845677,0.345287807468154,0.39813348430843,0.00939732459444829,0.0191910157421772,0.615579286537284,0.0070622154440255
IntraMac->Beta,LAMC1_CD44,0.454157522674548,0.412025574408742,0.554169131886944,0.00745310688717027,0.206313920016773,0.047226664,0.00230361734237898,-0.140458889,0.287133574871739,0.427592463518622,0.00963984762112095,0.0732751692114327,0.261836223934212,0.00523845503893495
IntraMac->Beta,HLA-E_KLRC2,0.583306724825402,0.578874356093192,0.406766747172975,0.00761979699577265,0.929480046778765,0.011667137,0.00257988121546658,-0.01100446,-0.520052961,-0.509048501,0.00984179816900683,0.0209330736307283,0.944245506841383,0.005786278426995
IntraMac->Beta,THBS1_TNFRSF11B,0.33495229769903,0.24755076148832,0.262895272617103,0.00782694179451238,0.00297772795739586,0.021623499,0.860866460528879,-0.43623126,-0.349467448,0.0867638121401581,0.0100939738779499,0.0362581339832587,0.00600567489439752,0.891423189258516
IntraMac->Beta,CCL8_CCR1,0.327265495301029,0.246066765510515,0.305746220850114,0.00841951705514686,0.0130825901244694,0.909357719,0.00754414128595125,-0.411411684,-0.098126835,0.313284849024173,0.0108192939923419,0.929587813519472,0.0224699688236146,0.0150366986998618
IntraMac->Beta,IHH_PTCH1,0.300145542241906,0.223225320021706,0.221487414674352,0.00876460472969817,0.00607935545451507,0.009920085,0.860866460528879,-0.427161561,-0.438437515,-0.011275954,0.011222543983339,0.0181227387339283,0.0112852194387496,0.891423189258516
IntraMac->Beta,HGF_SDC2,0.354125073002956,0.420149273767978,0.466519776655992,0.00902052560619837,0.11683376433057,0.002403109,0.0593980874582156,0.246642995768126,0.397679245948971,0.151036250180845,0.0115217667882539,0.00503734767221503,0.158404251814578,0.0933870486786171
IntraMac->Beta,GZMB_IGF2R,0.31736041817689,0.321494104147622,0.4075408084713,0.00959363700169405,0.935108646079504,0.008692408,0.00484495440598837,0.0186700766829261,0.36082232402166,0.342152247338734,0.0122169892084371,0.016081471862278,0.948118853329306,0.0101764770770231
IntraMac->Beta,SEMA3G_PLXNA3,0.326168090536887,0.246583715852128,0.280459272249447,0.00996077619373457,0.0035752958394337,0.115280921,0.154578237356324,-0.403538118,-0.217824367,0.185713751252937,0.0126603243405309,0.161123828335274,0.00706126605764081,0.214505474272506
IntraMac->Beta,CALM1_GLP2R,0.314044076596872,0.247958786201649,0.273089909506164,0.0100164197653721,0.004677702608064,0.103102447,0.112741229601324,-0.34086671,-0.201591049,0.139275661024998,0.0127241132468189,0.145740207317446,0.00895967349651355,0.162970740697528
IntraMac->Beta,WNT10A_FZD1,0.324865174772276,0.275627291122567,0.21783346929684,0.0101041140848253,0.227383271042157,0.003247444,0.0289270755029585,-0.237122353,-0.576615459,-0.339493106,0.0128320185409462,0.00660967890205416,0.284663958164171,0.0496014265241906
IntraMac->Beta,OXT_AVPR1B,0.32184086539041,0.243847743985349,0.253939484150717,0.0101189549163368,0.00265207880782931,0.074321849,0.390198813839682,-0.400366896,-0.341862789,0.0585041067284097,0.0128473678317123,0.109073977840669,0.00540379884653382,0.469527158861785
IntraMac->Beta,WNT11_FZD9,0.299587335680774,0.246835375793403,0.291559868431909,0.0101229683837771,0.00662456443819798,0.909357719,0.0221913440889725,-0.279427465,-0.039184484,0.240242981071136,0.0128507143554535,0.929587813519472,0.0121929631175041,0.039286554879851
IntraMac->Beta,LAMA1_SDC2,0.37917544157068,0.375349850166712,0.290796759109898,0.0108016972952785,0.912616519999506,0.022271694,0.00272908611509887,-0.01462962,-0.382854335,-0.368224715,0.0136491780507123,0.0372512746885691,0.929963611378129,0.00608434877668315
IntraMac->Beta,CXCL12_CD4,0.276737160913122,0.20726425593107,0.235849709510636,0.0113077989233104,0.00365720686197829,0.158555047,0.14968511273941,-0.417045048,-0.230648561,0.186396487342694,0.0142481626849438,0.213389333971007,0.00720625804996483,0.208771341452335
IntraMac->Beta,GAS6_TYRO3,0.318879106798293,0.292785642184269,0.397801698521974,0.0113188498770496,0.421644609843247,0.033247531,0.00331550502897134,-0.123164766,0.319039861054034,0.442204627336635,0.0142543852643605,0.0535820612970983,0.488887622202338,0.00723777929095358
IntraMac->Beta,LAMC2_CD44,0.455183030868386,0.355022594551516,0.372750635176868,0.0115414283714428,0.0031902270004086,0.047226664,0.71633050094726,-0.35853593,-0.288235964,0.0702999663436255,0.0145072690808272,0.0732751692114327,0.00638649708014376,0.771674663683571
IntraMac->Beta,LAMC2_CD151,0.517943886823046,0.470049267754568,0.39183818845317,0.0118454032721004,0.39752438955405,0.005576148,0.0149981520928751,-0.139983828,-0.402537797,-0.26255397,0.0148713219006935,0.0107512003272474,0.464093555163977,0.0277090043023052
IntraMac->Beta,RTN4_TNFRSF19,0.397940346438382,0.323533315637079,0.398265603327344,0.0118896629230306,0.02413611857385,0.78214386,0.00698689819577606,-0.298637897,0.00117870640324322,0.299816603738199,0.0149248789861431,0.823662479375918,0.0387573961192758,0.0140824948941658
IntraMac->Beta,ADAM9_ITGAV,0.322139890860998,0.327638264957348,0.246902927035324,0.0125856287905383,0.720690487588731,0.009920085,0.00716839688269397,0.0244165375129047,-0.383743381,-0.408159918,0.015745539881725,0.0181227387339283,0.766982415085874,0.0143954372705639
IntraMac->Beta,WNT8A_LRP5,0.354811090665398,0.321062032491003,0.41783861546593,0.0129172249006014,0.459389814582819,0.059521397,0.00243817065164481,-0.144199038,0.235894721732849,0.380093759512803,0.0161322632042857,0.0897584915149517,0.526306581973536,0.00550950965080978
IntraMac->Beta,WNT4_FZD6,0.268519342877331,0.229056785862649,0.198826763260506,0.0129205197990292,0.0255017796028871,0.005774488,0.331844894214535,-0.229320712,-0.43351405,-0.204193337,0.0161342180301665,0.0110763781196052,0.0407329794752963,0.409505116183778
IntraMac->Beta,CD34_SELL,0.244796012876827,0.192983137131851,0.238310812976219,0.0130538482845215,0.00557489970024415,0.692194793,0.0449702426947289,-0.343105268,-0.038735647,0.304369621301172,0.016285448281131,0.745176650054899,0.0104506962226442,0.0733104550605437
IntraMac->Beta,WNT11_FZD6,0.28189114100532,0.22286965430673,0.253073416227135,0.0137368416775273,0.00374082077436557,0.325497988,0.122771964101242,-0.338937944,-0.155582169,0.183355774423079,0.0170895250957555,0.395006516508451,0.00735392543377914,0.17605178803019
IntraMac->Beta,COL1A2_CD44,0.561904092576888,0.57371253474705,0.68529183712882,0.0139489972744293,0.812519145835897,0.008986055,0.00877958554355072,0.0300041308983483,0.28639459386323,0.256390462964881,0.0173372746936545,0.016578702907851,0.846194092439453,0.0172267509361046
IntraMac->Beta,HLA-DQA2_CD4,0.27524919529541,0.212141464160043,0.23074088665085,0.0139475326021751,0.00290981745200609,0.197293238,0.260885236613181,-0.375711714,-0.254464677,0.121247036990534,0.0173372746936545,0.25757191350128,0.00588525090900104,0.33593836100604
IntraMac->Beta,GNAI2_CXCR3,0.405112690710429,0.420611362128153,0.492302267158461,0.0140546663920436,0.731315403421588,0.020991575,0.00484495440598837,0.0541645423799758,0.28122110274791,0.227056560367934,0.0174662840534216,0.0353764453676517,0.776783202358981,0.0101764770770231
IntraMac->Beta,WNT11_FZD1,0.292529939869435,0.254930261706247,0.309831734556289,0.0145607170476514,0.0715705087274196,0.193512118,0.00663623301424937,-0.198481649,0.0829006303705636,0.281382279096613,0.0180638873015683,0.253487014885036,0.102299985505573,0.013491098706124
IntraMac->Beta,ADAM28_ITGA4,0.240704316047638,0.171067877349555,0.175632810539749,0.0152198608090642,0.006767561519879,0.03057325,0.622991801144291,-0.492693128,-0.454699624,0.0379935044156884,0.0188390209165275,0.049615044470534,0.0124218445213364,0.688865282251534
IntraMac->Beta,VIM_CD44,0.642045258740259,0.783466220862142,0.814643169474757,0.017260541046918,0.0192881479709934,0.008692408,0.697263724778276,0.287196075166494,0.343493268331275,0.0562971931647805,0.0212269382841993,0.016081471862278,0.0317207059720427,0.755058744454581
IntraMac->Beta,EFNB3_RHBDL2,0.268901767311753,0.227287159616625,0.255266489002016,0.0175384666390712,0.00768531048745053,0.798852976,0.0487543760053112,-0.242563053,-0.075075081,0.167487971959501,0.0215545213187426,0.837928770820909,0.0139255198576027,0.0787226621737135
IntraMac->Beta,COL6A2_GP6,0.32078082405059,0.276350514449807,0.389221355162198,0.0175460785259061,0.221977464101113,0.128547727,0.00412469514716517,-0.215088603,0.279002965399893,0.49409156796089,0.0215610355012057,0.17722335106048,0.278831912891891,0.00880035597730025
IntraMac->Beta,COL6A1_ITGAV,0.383234041465818,0.475480933614228,0.452827256348666,0.0176464611331084,0.0168725135549859,0.009599677,0.914889935660038,0.31116177386083,0.24073508137733,-0.070426692,0.021678676340002,0.0176132538546462,0.0281651407374568,0.934730922216521
IntraMac->Beta,CEL_RORA,1.27324378981993,1.43872626387055,1.10763520555724,0.0180737509611566,0.189073200668366,0.201127461,0.00360027830623271,0.176283446234211,-0.201025866,-0.377309312,0.0221452711106882,0.262064108808659,0.242329598218537,0.00778474641644383
IntraMac->Beta,HGF_MET,0.294139339978153,0.25735037396692,0.315372377971355,0.0186992819864267,0.0316536908473002,0.525548613,0.0130017047861472,-0.192765872,0.10055655434206,0.293322426561355,0.0228636652732191,0.593572764110424,0.049243767215413,0.024407305744653
IntraMac->Beta,CCL13_CCR2,0.257518826522098,0.206877043548272,0.173198019889139,0.0189804392438775,0.0511143081204978,0.006190086,0.268206759397411,-0.315904343,-0.572255469,-0.256351125,0.0231861625545953,0.0118007609581022,0.0757336522103388,0.343847258336868
IntraMac->Beta,CALM1_PTH2R,0.310185488361851,0.285029855880805,0.229563258000465,0.0191463632637098,0.0847148275283549,0.002225702,0.362529474886031,-0.122018148,-0.434239437,-0.312221289,0.0233613180541381,0.00470245656628954,0.11895527791427,0.441471924508733
IntraMac->Beta,FARP2_PLXNA1,0.262770506376522,0.209101002990386,0.207940299391234,0.0195212269123701,0.00545483714239492,0.058037533,0.935264380981592,-0.329603372,-0.33763397,-0.008030599,0.0237906982804531,0.0877714177774841,0.0102648216389469,0.951067932606158
IntraMac->Beta,LAMB1_ITGAV,0.36670019565797,0.390532231168562,0.464363420127133,0.0195625652029566,0.689144979756291,0.005774488,0.0237328107979575,0.0908405848507353,0.340653292835124,0.249812707984389,0.0238348495576252,0.0110763781196052,0.739570222177483,0.0416597025072163
IntraMac->Beta,LAMA5_CD44,0.440542897409114,0.357611756368658,0.366623484111886,0.0196907787238068,0.00752500048449593,0.038143032,0.989767626907868,-0.300888341,-0.264983305,0.0359050353199426,0.0239847981112131,0.0606129811069818,0.0136602682337673,0.992961112475435
IntraMac->Beta,CALM1_ADCY8,0.400558645983218,0.316275309277272,0.298011793865227,0.0197584990288981,0.0156149229883101,0.013253067,0.908110194515266,-0.34083255,-0.426644056,-0.085811506,0.0240565595923832,0.0234093186735062,0.0263440046364544,0.929738985230864
IntraMac->Beta,CLSTN1_NRXN3,0.300115304699783,0.239741825586234,0.282691781779763,0.0218084380996293,0.016233018931897,0.82408585,0.0295605633429523,-0.324035266,-0.08628695,0.237748316940724,0.0263987945228838,0.858986792860217,0.0272243079102364,0.0505205084029056
IntraMac->Beta,ADAM9_ITGB1,0.487925523850227,0.589528941653598,0.528956053192905,0.0220419493020322,0.00374082077436557,0.598775796,0.183684072068791,0.272901686446018,0.116486910886915,-0.156414776,0.0266572414221907,0.66065516313886,0.00735392543377914,0.249331348116659
IntraMac->Beta,LAMA3_ITGA2,0.277213880868746,0.213809193523533,0.206630930925054,0.0223291862810037,0.0141594185119548,0.020375596,1,-0.374675609,-0.423943267,-0.049267658,0.0269871274461263,0.0344255670269293,0.0241328441219649,1
IntraMac->Beta,LTBP1_ITGB5,0.287873505931047,0.260752303427401,0.332476415752386,0.0225364520126429,0.309644155163971,0.142955686,0.00423755029452312,-0.142755021,0.207816987431874,0.35057200808761,0.0272270462859646,0.194609005517981,0.372670806583093,0.00902256771223731
IntraMac->Beta,INHBB_ACVR1B,0.33263548765223,0.272815417017365,0.313961177148616,0.0227954390238394,0.00752500048449593,0.518482721,0.0963244639913012,-0.286016917,-0.083355919,0.202660998563933,0.0275292407061592,0.587156346017239,0.0136602682337673,0.141990297109807
IntraMac->Beta,CXCL12_ITGB1,0.495673944624506,0.567630635441743,0.626946672194434,0.0245039385123621,0.12885224584241,0.008130385,0.110814835713279,0.195561029702998,0.338951307899725,0.143390278196727,0.0294704407482354,0.0151468405239665,0.172617226657762,0.160534366754692
IntraMac->Beta,THBS1_CD36,0.356841830734153,0.272460156678469,0.307665507081141,0.0254398891429221,0.008533678551907,0.29431606,0.144911052348918,-0.389239471,-0.213922035,0.175317436844276,0.0305134738234766,0.362665813699285,0.0153198909800209,0.202853527455836
IntraMac->Beta,LIPA_RORA,0.33867063160502,0.301320343364715,0.257555591749142,0.0262511259124729,0.151662329115784,0.005774488,0.144911052348918,-0.168584808,-0.394999023,-0.226414215,0.031405733296338,0.0110763781196052,0.199142202420049,0.202853527455836
IntraMac->Beta,TGFB3_ACVR1B,0.333991022259169,0.269432955105474,0.319193442047389,0.0266102441988227,0.00594952776779556,0.400050472,0.201179610479254,-0.309883001,-0.065378312,0.244504688606276,0.0318068116205302,0.471945213930568,0.0110750738411489,0.269588192292843
IntraMac->Beta,CALM3_MYLK,0.286982161335092,0.321451496432796,0.35237689855517,0.0278671439062229,0.0274263119279136,0.026521363,0.27945156308783,0.16364000379964,0.296158282414064,0.132518278614424,0.0332367623522883,0.0437783178800344,0.0433247481225365,0.355091156584018
IntraMac->Beta,COL6A3_ITGB1,0.539620166670017,0.687112129553053,0.641651376667648,0.0279576813105949,0.00721334659916529,0.142955686,0.424053796278178,0.348601284854169,0.249845396126356,-0.098755889,0.0333404821356723,0.194609005517981,0.0131495206325999,0.503253665608504
IntraMac->Beta,LAMA1_CD44,0.457569026330452,0.356386887694807,0.361220095661736,0.0279745716229828,0.00946482133246994,0.061036186,0.807486519153838,-0.360545138,-0.34111124,0.0194338983483301,0.0333563599768865,0.0918151169137052,0.0168135314015006,0.847079875243703
IntraMac->Beta,MIF_CD44,0.57772594457243,0.521356887095244,0.66196288360952,0.0281374930309876,0.120174123275847,0.14904975,0.0136393892651817,-0.148113998,0.196365041963839,0.344479040429772,0.0335291945571093,0.2020543619509,0.162202897108538,0.0254864228897465
IntraMac->Beta,JAM3_JAM3,0.35585497259151,0.290619222406767,0.276780790560081,0.029626136472703,0.0232613089314525,0.021623499,0.647372534297411,-0.292159265,-0.362545576,-0.070386311,0.0352355732522471,0.0362581339832587,0.0375205757759967,0.71010007054636
IntraMac->Beta,CADM1_CADM1,0.346516680418085,0.379469794895581,0.419588552059368,0.0300740223239441,0.0641120390194346,0.013253067,0.236353684739463,0.131060252304681,0.276050513978132,0.144990261673452,0.0357363669092676,0.0234093186735062,0.0925610741329958,0.308387452283485
IntraMac->Beta,CD55_CR1,0.309757959241805,0.243268448283763,0.256558044479183,0.030557469840524,0.0113714320834872,0.165139038,0.219860512109077,-0.348592136,-0.271856089,0.0767360461483084,0.036269255461561,0.221197149134948,0.0198229711221769,0.290737008357453
IntraMac->Beta,TGFB1_CXCR4,0.539270078094175,0.550906121380121,0.444978674004165,0.0311247460793909,0.544957467839838,0.03513802,0.0136393892651817,0.0307985066244278,-0.277271791,-0.308070298,0.0369049995460224,0.0563367918136714,0.606534215488606,0.0254864228897465
IntraMac->Beta,WNT8A_LRP6,0.417645892019672,0.341169758763871,0.321790020886497,0.0311845808268139,0.0339692079557679,0.015983929,0.552370018540775,-0.291790475,-0.37616066,-0.084370185,0.0369665484753489,0.0276517233554044,0.0525132203863777,0.624622079397302
IntraMac->Beta,CALM3_ADCY8,0.359394949136542,0.313667357176749,0.25551354544267,0.0311979669060092,0.208867222800886,0.009288406,0.092949620656076,-0.196334735,-0.492170358,-0.295835623,0.0369730193494161,0.0170858319433423,0.264500876226807,0.137558949941278
IntraMac->Beta,HLA-C_KIR2DS1,0.386163727907292,0.376716906080159,0.295123927623414,0.0312324732082243,0.612706068063336,0.0141143,0.0270962546605984,-0.03573188,-0.387891764,-0.352159884,0.0370092111390137,0.0247382173401835,0.671127548484594,0.0468496503195667
IntraMac->Beta,IL24_IL20RA,0.286251749392397,0.315988034405569,0.248551004853811,0.0324836547421105,0.130644913814558,0.193512118,0.0136393892651817,0.142585417994444,-0.203742573,-0.346327991,0.0383942639932092,0.253487014885036,0.17469262558231,0.0254864228897465
IntraMac->Beta,COL6A2_ITGB1,0.611715814061637,0.774466005661723,0.690659821346079,0.0354806723404542,0.00784867460520952,0.444077386,0.226355848313651,0.34034034131486,0.175113724969026,-0.165226616,0.0417619825352375,0.514833936671925,0.0141829594570698,0.298100713408124
IntraMac->Beta,ADAM15_ITGB1,2.18043584152475,2.54943010349729,2.27804249404947,0.0355295030286615,0.0185688899827538,0.613951608,0.0654040743846485,0.225558244430262,0.063178118645877,-0.162380126,0.0418094817588571,0.674233647397515,0.0306404751033306,0.10132689019432
IntraMac->Beta,WNT8A_FZD4,0.350483635885931,0.278896401757895,0.34821833847881,0.0358218300355051,0.0749777056145021,0.606342736,0.0143045448323734,-0.329617764,-0.009354904,0.320262860426425,0.0421422664360186,0.667764467617352,0.106647154311082,0.0266067386234057
IntraMac->Beta,VWF_TNFRSF11B,0.297634148700945,0.230717519161547,0.278641049515772,0.0388477102498338,0.0255017796028871,0.987024039,0.0468301563945368,-0.367412504,-0.095132249,0.272280254062591,0.0455406693325344,0.991701877769201,0.0407329794752963,0.0758915390632799
IntraMac->Beta,HSPG2_ITGB1,0.524450152834307,0.638895251988248,0.658658903449206,0.0397234634013264,0.016550053676617,0.055160791,0.982946875881205,0.284773761486722,0.328725880282014,0.0439521187952923,0.0464977370570426,0.0840065077761313,0.0276863164805386,0.987924626464808
IntraMac->Beta,INS_INSR,2.1775628260783,2.55615736307748,2.37730244962371,0.040069674297542,0.020800015613246,0.083748149,0.27945156308783,0.231262311207896,0.126611116728248,-0.104651194,0.046867701799056,0.121267112146893,0.0339556432692263,0.355091156584018
IntraMac->Beta,COL6A2_ITGA2,0.352348972282937,0.299398895371086,0.236653472552108,0.041024896414189,0.191468968521113,0.015497439,0.105191294005898,-0.234936107,-0.574228912,-0.339292806,0.0479188872716697,0.026899908425856,0.245198042059987,0.153556242642726
IntraMac->Beta,RSPO4_LGR4,0.244743894146072,0.201384448513318,0.266762057450282,0.0416759411674144,0.0220007359005788,0.909357719,0.0617431748919154,-0.281320588,0.124280612778947,0.405601200947393,0.0486367045176581,0.929587813519472,0.0357282145683494,0.0965871470380033
IntraMac->Beta,WNT8A_FZD5,0.303151806160947,0.224767261528042,0.246416895358408,0.042070137308766,0.012323155822992,0.490711926,0.167341735107065,-0.431608501,-0.29893924,0.132669260843433,0.0490476491458779,0.559921816400226,0.0212993879345162,0.23023063496736
IntraMac->Beta,DKK1_LRP5,0.311091836707079,0.316113070124534,0.390239878034546,0.0443378565354069,0.980230658102707,0.031443663,0.0216972426409898,0.0231001486656516,0.32702067348314,0.303920524817488,0.0514983844804228,0.0509124268631278,0.984134278202782,0.0384848601169715
IntraMac->Beta,CALM3_INSR,0.363011134081907,0.41139180798706,0.467832010866224,0.0446528819232534,0.196327365782096,0.013253067,0.140254520724129,0.180499266943247,0.365976780458318,0.185477513515071,0.0518449194149997,0.0234093186735062,0.25045701149007,0.197091619360451
IntraMac->Beta,WNT8A_FZD9,0.354300675829529,0.280498171728467,0.269196838742042,0.0449891202922163,0.0228343215377425,0.046001241,0.989767626907868,-0.336982849,-0.396312748,-0.059329899,0.0522093199907681,0.0715285179972924,0.0369276267864186,0.992961112475435
IntraMac->Beta,COL1A1_TMPRSS6,0.28871291950214,0.231484454767928,0.253831418640436,0.0460298358995836,0.0138831238014964,0.178912856,0.385500167337861,-0.318720353,-0.185765013,0.132955339776827,0.0533492427567669,0.237025865704347,0.0237095896778394,0.464892768057863
IntraMac->Beta,TGFB1_ITGAV,0.336559054651571,0.403622659868183,0.419164539564086,0.0486207057976996,0.118494713996531,0.011297615,0.349167522556023,0.262147499772426,0.316657001343772,0.0545095015713466,0.0562278630896284,0.0203365794238564,0.160330532660232,0.427600715557645
IntraMac->Beta,NGF_MAGED1,0.378443769806248,0.409376764514904,0.469644632713101,0.048981171206426,0.421644609843247,0.016996778,0.0654040743846485,0.113350263011675,0.311490564232249,0.198140301220574,0.0566306848058431,0.0292412299964862,0.488887622202338,0.10132689019432
IntraMac->Beta,NDP_LGR4,0.2424569125315,0.19822616986805,0.258727041116837,0.0498980748315301,0.0390369080205332,0.732636929,0.0468301563945368,-0.290580945,0.0937024601899319,0.384283404868954,0.0576550528958891,0.780052194003903,0.0595577818147749,0.0758915390632799
IntraMac->Beta,SLURP1_CHRNB2,0.239733255758844,0.195982491182809,0.23527136594515,0.051201086583546,0.0641120390194346,0.815653555,0.027695092682446,-0.29070528,-0.027104307,0.263600973024859,0.0590217172085167,0.851947886236657,0.0925610741329958,0.0477522781038552
IntraMac->Beta,RIMS1_CACNA1C,0.302987734155712,0.247769973161484,0.293165191007792,0.0512441444866543,0.0462616227220004,0.926569019,0.0381414620333481,-0.290258029,-0.047545575,0.242712454013475,0.0590640528569766,0.943871989506986,0.069321834016196,0.0634379667446027
IntraMac->Beta,ALDH1A1_RXRA,0.465860412819504,0.478459722472949,0.583423412457275,0.0513484785515565,0.617684571356056,0.03057325,0.0329099639157468,0.0384997407968336,0.324645540822798,0.286145800025965,0.0591769962847689,0.049615044470534,0.675470302650561,0.0556735842230843
IntraMac->Beta,IHH_BOC,0.243962891366188,0.205223117791456,0.194103580087064,0.0518927281393139,0.0470423772072063,0.03057325,0.529734247870567,-0.249468463,-0.32983499,-0.080366527,0.0597673006647141,0.049615044470534,0.0703674301778095,0.604004530514197
IntraMac->Beta,HSPG2_ITGA2,0.28940315808055,0.249246761911973,0.230562694979985,0.0546213212256779,0.0563861348339829,0.020375596,0.794270268003323,-0.215505902,-0.32792156,-0.112415658,0.0626854926664768,0.0344255670269293,0.0826996644231749,0.835861247156919
IntraMac->Beta,VEGFB_NRP1,0.318131171298061,0.300796824299345,0.365583720095513,0.0550567166576133,0.818016003018386,0.070799532,0.0168633072260882,-0.080832402,0.200580088488653,0.281412490285397,0.0631540891517728,0.104778364777927,0.849919457954279,0.0307648992382067
IntraMac->Beta,LTF_TFRC,0.317192151687762,0.299346254946044,0.369241431062389,0.0551097440311156,0.612706068063336,0.08777646,0.0164747690449555,-0.083541853,0.219207365544139,0.302749218912012,0.0632053538842185,0.126296285934788,0.671127548484594,0.030109060668367
IntraMac->Beta,WNT4_LRP5,0.287283078029016,0.281825236158224,0.356194302428221,0.0554278919528615,0.912616519999506,0.055160791,0.020271951511348,-0.027672211,0.310191423132464,0.337863634499571,0.0635407860558304,0.0840065077761313,0.929963611378129,0.036232374726548
IntraMac->Beta,SELL_PODXL,0.340944990730532,0.269522124996687,0.31509061772754,0.0572248145623123,0.0462616227220004,0.815653555,0.0468301563945368,-0.339135279,-0.113772191,0.225363087642932,0.0654800135227243,0.851947886236657,0.069321834016196,0.0758915390632799
IntraMac->Beta,WNT4_FZD5,0.23919580761501,0.197704418242299,0.210656932106973,0.0572370998766057,0.0172004749629797,0.225262767,0.367053697534391,-0.27484699,-0.183296711,0.0915502787633602,0.0654860379797594,0.288911191311323,0.0286561940444142,0.44610773818903
IntraMac->Beta,ADCYAP1_VIPR2,0.259644534131587,0.202666132514433,0.202088169388603,0.0573225353763416,0.0403997906273685,0.04847906,0.464773303941031,-0.357432833,-0.361552987,-0.004120154,0.0655757431923614,0.0749813750675396,0.0613661043758498,0.541993421572939
IntraMac->Beta,LAMA3_ITGB8,0.287835983569988,0.248276384040415,0.320745654314966,0.0579359158465004,0.31643578178023,0.320158801,0.0109725650703208,-0.21329992,0.156182757655248,0.369482678087451,0.0662449403059764,0.389925747190245,0.379526127869733,0.0210039168840453
IntraMac->Beta,SEMA3C_NRP1,0.291651855472141,0.240822617329231,0.286432332939726,0.0581614128450305,0.0259716200618753,0.740818346,0.0997966483139457,-0.276276359,-0.026052897,0.250223462563817,0.0664783309666027,0.787774000555486,0.0413771600234283,0.146552760622243
IntraMac->Beta,GPHA2_TSHR,0.239823119101231,0.198487388797217,0.210339547870226,0.0605291112529805,0.02413611857385,0.336346845,0.180881191903266,-0.272923395,-0.189250611,0.0836727830860281,0.069074571784659,0.40677341765522,0.0387573961192758,0.246171543343108
IntraMac->Beta,GDF6_BMPR2,0.278596428445683,0.24128442501788,0.286322461174597,0.0623703253621229,0.172918685450791,0.483894712,0.0172598653431035,-0.20744197,0.039464086942582,0.246906056956913,0.0710540296748758,0.553633003447872,0.224025763595136,0.0314146388137501
IntraMac->Beta,HSPG2_CHRM3,0.292217738703564,0.2463922963023,0.327329725118844,0.0633668494988147,0.101212794577383,0.483894712,0.0308634008853462,-0.246086607,0.163700862535372,0.409787469914213,0.0721188350567281,0.553633003447872,0.139356736490403,0.0525449540898903
IntraMac->Beta,BMP5_BMPR2,0.252488747252374,0.222891303192192,0.271577158183108,0.0647873988732942,0.227383271042157,0.341856415,0.0176645793527015,-0.179878765,0.105143049820304,0.285021814907857,0.073690630007327,0.412474019084958,0.284663958164171,0.0320511955265512
IntraMac->Beta,LAMC1_ITGA2,0.295556867209323,0.239582074519904,0.265228578190853,0.0648953745042893,0.0264489259371325,0.576332989,0.133486657413312,-0.302915771,-0.156199508,0.146716262582156,0.0738044444496477,0.639623333865346,0.042037072949663,0.189263344026656
IntraMac->Beta,WNT4_FZD9,0.287932227939527,0.246457783625603,0.23755804677262,0.0713149616932481,0.0300071128081766,0.083748149,0.948871773003465,-0.224388731,-0.2774492,-0.053060469,0.0807705151377633,0.121267112146893,0.0469247859639013,0.9617598498942
IntraMac->Beta,LAMA1_ITGB8,0.304663992581524,0.24348768193908,0.266270343302636,0.0743256615176686,0.0397133880614438,0.450582441,0.114693923024735,-0.323370213,-0.194327248,0.129042964190829,0.0840783131987403,0.52139285084129,0.060441586529148,0.165485678882402
IntraMac->Beta,CALM2_PDE1B,0.293145225008611,0.358752984902615,0.340777352226637,0.0782818952110419,0.0383702404838293,0.079868973,0.690949676257266,0.291375277355631,0.217213900656687,-0.074161377,0.0882753286422387,0.116227422654827,0.0586173605033016,0.749875343819404
IntraMac->Beta,TENM4_ADGRL2,0.261742079750736,0.199116668938831,0.227593503190011,0.0795791559601918,0.0269337915440357,0.142955686,0.690949676257266,-0.39453188,-0.201686506,0.192845374113326,0.0896731537565438,0.194609005517981,0.0426985736782402,0.749875343819404
IntraMac->Beta,HLA-DPA1_CD4,0.355081724733228,0.406380947052636,0.433809209335914,0.0806693092381957,0.455104667007872,0.032334963,0.0864848722272326,0.19468165325465,0.288909569607646,0.0942279163529957,0.0908357456028355,0.0522105823802978,0.522102611468385,0.129035650693478
IntraMac->Beta,NDP_FZD4,0.299310287946665,0.249384916650081,0.264129921777856,0.083133281746027,0.020800015613246,0.251371251,0.604971820998107,-0.263267657,-0.180394122,0.0828735347352887,0.0935424912095222,0.317249496336445,0.0339556432692263,0.673008604206362
IntraMac->Beta,CD40LG_ITGB1,0.523943653074531,0.506172026180737,0.430801932894688,0.0838365133102194,0.535591444412095,0.137052283,0.0259320392977323,-0.049783889,-0.282386944,-0.232603055,0.0943017649311213,0.187562161417771,0.59795915190442,0.0450286788103587
IntraMac->Beta,PDGFB_ITGAV,0.32593051333295,0.279874613131415,0.33737887133151,0.0858455242341021,0.118494713996531,0.684205066,0.0373533340227019,-0.219783793,0.0498052039112728,0.269588996592116,0.0964663353879899,0.73826082729583,0.160330532660232,0.0622644567126096
IntraMac->Beta,LAMA3_SDC2,0.356184864135282,0.391250171335976,0.346356523241464,0.0890651462253463,0.203783360580079,0.424883133,0.0295605633429523,0.135465172194993,-0.040368366,-0.175833538,0.0999999619631716,0.496399041977884,0.258906454302775,0.0505205084029056
IntraMac->Beta,CALM1_CRHR1,0.361214856753432,0.34197717000087,0.396703202168936,0.0897864785367996,0.348198247207019,0.178912856,0.0329099639157468,-0.078957216,0.135202810505338,0.214160026633675,0.100773465502499,0.237025865704347,0.41296799109308,0.0556735842230843
IntraMac->Beta,CDH1_ITGA2,0.308778053701686,0.264378742542742,0.276984960447224,0.0930554098087406,0.0327939540731784,0.437625607,0.243190026486277,-0.223964035,-0.156762573,0.0672014624640395,0.104367062966927,0.509062434254482,0.0508903682572963,0.315987821014624
IntraMac->Beta,LTF_LRP1,0.310783574271982,0.276395645890235,0.327375266678724,0.0939802170804528,0.299638577933292,0.115280921,0.0517648741720407,-0.169175366,0.0750350740161792,0.244210440104138,0.105315649318412,0.161123828335274,0.362050343906962,0.0829803654024396
IntraMac->Beta,COL6A3_ITGAV,0.363886231538773,0.374675992758563,0.306420460622119,0.0942405939631313,0.779740695579463,0.074321849,0.0414368577782024,0.0421560757304244,-0.24797483,-0.290130906,0.105569383990403,0.109073977840669,0.818157616239058,0.0683385801547158
IntraMac->Beta,WNT4_LRP6,0.333408819601397,0.301109155109925,0.275831564102524,0.0949993083086767,0.0926693739313002,0.042482563,0.575470445140611,-0.147005694,-0.27350471,-0.126499015,0.106380978139656,0.0667358275332195,0.129017898512115,0.645889581551151
IntraMac->Beta,WNT10A_FZD4,0.337188363961657,0.258129334719279,0.268229619557291,0.0967230968369685,0.0351802833924819,0.137052283,0.827413216969115,-0.385460646,-0.330086193,0.0553744533977897,0.108168450700784,0.187562161417771,0.0541431584697363,0.864096561563805
IntraMac->Beta,TIMP2_ITGB1,0.60915558223945,0.658203650452463,0.71383592586503,0.0993872824034997,0.0982978816620369,0.067413572,0.310986788676963,0.111723278861488,0.228781761928687,0.117058483067199,0.111014797061411,0.100276478680768,0.135820269610944,0.387870673188757
IntraMac->Beta,DKK1_LRP6,0.364565767196204,0.331800289589379,0.308363350695677,0.100545178286914,0.277139256216808,0.041360793,0.162144448783631,-0.135863953,-0.241547788,-0.105683835,0.112200672695338,0.0651932202260601,0.338503991356604,0.223707057869208
IntraMac->Beta,LAMC2_ITGB8,0.30270323989596,0.239990506159844,0.277242981027657,0.101043396780794,0.0418028064685207,0.583770295,0.17537091577604,-0.33492678,-0.12675318,0.208173600215341,0.112702714955308,0.646646396807235,0.063291118120169,0.239897331332879
IntraMac->Beta,HLA-C_LILRB2,0.431595607482391,0.450294062464884,0.500159773264566,0.102872660594271,0.957652690065568,0.041360793,0.0719021717404622,0.0611872723974559,0.212708846953021,0.151521574555565,0.11468820103064,0.0651932202260601,0.965414924125324,0.109807376881963
IntraMac->Beta,COL9A1_CD44,0.419716757704062,0.357371680134517,0.358148491066504,0.103152908769804,0.0470423772072063,0.100792561,0.955681314978403,-0.231990752,-0.228858201,0.00313255100713397,0.114959418519084,0.142864763358269,0.0703674301778095,0.96708562661299
IntraMac->Beta,WNT5B_FZD4,0.318535280188022,0.256723110037644,0.240634958401403,0.104142155114714,0.0860008460090406,0.044802366,0.860866460528879,-0.311239997,-0.404606923,-0.093366926,0.116020306092208,0.0698973865080433,0.120652111832205,0.891423189258516
IntraMac->Beta,ADAM2_ITGB1,0.485521100973443,0.503275337654717,0.433986072364946,0.105528679313828,0.299638577933292,0.29431606,0.0350716180432086,0.0518139048850066,-0.161885253,-0.213699158,0.117410725267103,0.362665813699285,0.362050343906962,0.058903142439152
IntraMac->Beta,FARP2_PLXNA3,0.303981904892097,0.267922498909287,0.25917047617439,0.105523451386243,0.111960464900961,0.036116724,0.690949676257266,-0.182169709,-0.230084066,-0.047914356,0.117410725267103,0.0577174579083726,0.152551448524126,0.749875343819404
IntraMac->Beta,WNT16_FZD4,0.280933083222225,0.240318109846877,0.242545015931411,0.105643638691814,0.0554772986445692,0.08984768,0.735575803684461,-0.225281157,-0.211973994,0.0133071628703997,0.117500782894569,0.129017728046731,0.0815205169748805,0.788310098433898
IntraMac->Beta,WNT4_FZD4,0.283977465584501,0.247410991724926,0.302751312662515,0.106809665987154,0.132456869420151,0.576332989,0.0528023154527543,-0.198866855,0.0923567624858209,0.291223617740864,0.118736809001093,0.639623333865346,0.176684924631941,0.0843968469059787
IntraMac->Beta,SST_SSTR2,0.973554481356048,0.939039371838678,1.14850269162247,0.107249970317336,0.968938561884984,0.09410652,0.0405911888597007,-0.052076068,0.23842061620346,0.290496684265197,0.119183669659294,0.134367919926953,0.974895793901751,0.0670505772415951
IntraMac->Beta,RGMB_BMPR2,0.289836677589076,0.238657295921059,0.241383333713809,0.111901124164266,0.0519631470192628,0.105453681,0.921675874537103,-0.280299731,-0.263914104,0.0163856274757574,0.12408626797483,0.148725723550755,0.0768043472343025,0.940119470495582
IntraMac->Beta,SST_SSTR5,1.03258223215365,1.02260140529017,1.21701443384041,0.112659809945213,0.946375300533106,0.074321849,0.0538570765480249,-0.014012765,0.237089599675854,0.251102364614704,0.124868192391747,0.109073977840669,0.956527121396989,0.0858473701367014
IntraMac->Beta,COL4A1_ITGB8,0.336807579709727,0.379062234640441,0.440481860784554,0.113297412281833,0.704854289607791,0.031443663,0.120711939122587,0.170510123807549,0.387158002613194,0.216647878805645,0.12553014155659,0.0509124268631278,0.752705302056265,0.173444388190926
IntraMac->Beta,ALOX5AP_ALOX5,0.326743978084201,0.337849116867877,0.417889137527812,0.115272067871471,0.991526717088424,0.08777646,0.0487543760053112,0.0482184365091731,0.354959609957489,0.306741173448316,0.127596754373452,0.126296285934788,0.992910490284575,0.0787226621737135
IntraMac->Beta,UCN3_CRHR1,0.29828532093315,0.241640451829654,0.271673594402792,0.124511470061493,0.0425196428127585,0.78214386,0.223091265529315,-0.303830992,-0.134818634,0.169012358168412,0.137367592280734,0.823662479375918,0.0642304822926982,0.294258388695906
IntraMac->Beta,COL6A2_ITGAV,0.40861085463633,0.422994872464636,0.335056604682218,0.125528530511138,0.526307218432645,0.168506248,0.0449702426947289,0.0499126456288315,-0.286322683,-0.336235328,0.138440545354445,0.225190011048161,0.588938787612729,0.0733104550605437
IntraMac->Beta,LAMA3_ITGB1,0.480897169901761,0.529632240896211,0.580525418771828,0.126594092273902,0.0773219165295001,0.08777646,0.703598808807127,0.139262511409169,0.271630801597252,0.132368290188083,0.139582705996567,0.126296285934788,0.10956385195005,0.760947210267001
IntraMac->Beta,PTGES3_PTGER4,0.286210563770497,0.274773639505405,0.22672927926916,0.129710507946456,0.752718691361612,0.064160331,0.0833914140328629,-0.058833316,-0.336106211,-0.277272895,0.142917507456242,0.0960352725819948,0.794990936709818,0.124997004988984
IntraMac->Beta,COL1A1_ITGA2,0.275684466986172,0.255412742304045,0.273266853307468,0.129763986067684,0.0913034563359302,0.849499579,0.0963244639913012,-0.110187481,-0.012707509,0.0974799726919159,0.142959544353296,0.879774849635808,0.127306224320113,0.141990297109807
IntraMac->Beta,INS_IGF1R,2.58932897519107,2.90085638927435,2.5827458708132,0.13070112871972,0.21930934835759,0.807242289,0.0289270755029585,0.163900602906916,-0.003672575,-0.167573178,0.14395345316773,0.844828461135443,0.275889089882617,0.0496014265241906
IntraMac->Beta,HLA-B_KIR3DL1,1.08351962152763,1.15360000833356,1.2056571560409,0.131165690323613,0.258793331818333,0.031443663,0.394932105801229,0.0904178005055385,0.154094437195956,0.0636766366904176,0.144418503226943,0.0509124268631278,0.319484409634914,0.474060826523467
IntraMac->Beta,B2M_HFE,0.425028160851515,0.484869792425938,0.506468635474278,0.137346003411526,0.306284721023087,0.037118261,0.306921281392337,0.190038943410479,0.25291449596047,0.062875552549991,0.150938209215682,0.0590952619404485,0.369172228673389,0.383569361311324
IntraMac->Beta,C1QL2_ADGRB3,0.282763597662476,0.243504131581599,0.269291792210495,0.13924338815365,0.120174123275847,0.875068704,0.0803881939317029,-0.215650151,-0.070426144,0.145224006798766,0.152969299811241,0.900854306056536,0.162202897108538,0.12108203988292
IntraMac->Beta,HLA-A_LILRB2,0.576421889084507,0.507200662060287,0.569792984700015,0.144214592915208,0.455104667007872,0.279492366,0.0440638925023196,-0.184568493,-0.016687262,0.167881230314708,0.158169749878078,0.346505155108028,0.522102611468385,0.0720848806141068
IntraMac->Beta,RSPO2_LGR4,0.234678007173425,0.198342249786058,0.191531590999024,0.146608854304071,0.0847148275283549,0.096295046,0.97612737121534,-0.24269062,-0.293100277,-0.050409657,0.160606857656885,0.137135906263779,0.11895527791427,0.983189301230611
IntraMac->Beta,LAMA5_ITGB8,0.287452195535834,0.238190495917585,0.267128672665725,0.147821796190852,0.0563861348339829,0.490711926,0.287123743268293,-0.2712062,-0.105787211,0.165418988400277,0.161840576862473,0.559921816400226,0.0826996644231749,0.362961143407866
IntraMac->Beta,LIPC_LRP1,0.302463405000501,0.241483822862423,0.282750939478713,0.15134901051846,0.0809498729520362,0.798852976,0.14968511273941,-0.324834055,-0.097228783,0.227605271559806,0.165527444028162,0.837928770820909,0.114046279247333,0.208771341452335
IntraMac->Beta,APOC3_SDC2,0.378369625950793,0.405398966344198,0.437131758229236,0.155736780033207,0.39752438955405,0.077984169,0.14968511273941,0.0995461307287066,0.208271915865451,0.108725785136744,0.17022646873093,0.113771205213079,0.464093555163977,0.208771341452335
IntraMac->Beta,SEMA3A_NRP1,0.26762800853642,0.236652815661325,0.276883824162706,0.156303066119202,0.0940516495581387,0.987024039,0.129117037876272,-0.177457021,0.0490516635234009,0.226508684397911,0.170725409925049,0.991701877769201,0.130844710973649,0.184018904401812
IntraMac->Beta,LAMA3_ITGAV,0.321834217624123,0.297949942144452,0.271591100522853,0.157201527102475,0.476754450531117,0.070799532,0.144911052348918,-0.111247755,-0.244881515,-0.133633761,0.171626386330979,0.104778364777927,0.542734380589976,0.202853527455836
IntraMac->Beta,GNAS_ADCY8,0.708582087313318,0.579901925178214,0.624696887869112,0.158191654786566,0.0738275499111419,0.470413869,0.232986950567337,-0.289126067,-0.181778652,0.107347414701468,0.172606358152894,0.540463180872373,0.105155502453983,0.305281960232072
IntraMac->Beta,F8_LRP1,0.287814841484069,0.249395573423405,0.304966627625844,0.159526638118519,0.153693916107113,0.637023141,0.0880659968599394,-0.206705129,0.0835103893698986,0.290215518041723,0.173940909452899,0.695720858967745,0.201412875730142,0.131163918043991
IntraMac->Beta,LYZ_ITGAL,0.361514326142774,0.359485232555102,0.430590705204647,0.164735569465519,0.736647398647375,0.128547727,0.0732632585405892,-0.008120313,0.252264357330136,0.260384670141521,0.179225190902689,0.17722335106048,0.781023747963482,0.111466265807636
IntraMac->Beta,HMGB1_THBD,0.514255225938806,0.524310904049635,0.576896010418055,0.173381045584561,0.544957467839838,0.065770588,0.169986855510422,0.0279380000112193,0.165826736,0.137888736307781,0.18821114781948,0.0981455842350519,0.606534215488606,0.233353552347493
IntraMac->Beta,GCG_GIPR,2.77092230964065,2.78142561593833,3.13350119519377,0.179358219860357,0.758100091160755,0.09410652,0.108914526065319,0.00545826240764122,0.177409281846392,0.171951019438751,0.194247471828331,0.134367919926953,0.799678576314319,0.158149859766079
IntraMac->Beta,POSTN_ITGAV,0.339365872174869,0.284415975467874,0.289672157383704,0.194527124578173,0.0726918595216388,0.274664499,0.659708464406633,-0.254838986,-0.228420466,0.02641852016348,0.209847232342454,0.341700513041259,0.103835656648365,0.721594811911946
IntraMac->Beta,BMP6_BMPR2,0.267370307248568,0.23029589613463,0.265323708954347,0.196611084780982,0.155746126525647,0.943814321,0.112741229601324,-0.215350553,-0.011085658,0.20426489512323,0.211997248738527,0.957570152922362,0.203844516378733,0.162970740697528
IntraMac->Beta,SST_SSTR4,1.49216220065541,1.26381095958064,1.52409061175139,0.200045965147945,0.299638577933292,0.353045487,0.0946249851850853,-0.239623686,0.0305443102963211,0.270167995914374,0.215427010263222,0.423945455779142,0.362050343906962,0.139772266319315
IntraMac->Beta,OLFM2_ROBO2,0.38041271162143,0.33342859513186,0.370329313496442,0.202274107168132,0.151662329115784,0.926569019,0.120711939122587,-0.190187618,-0.038756704,0.151430913998902,0.217801324213822,0.943871989506986,0.199142202420049,0.173444388190926
IntraMac->Beta,ALB_FCGRT,0.459979606313661,0.514660207001241,0.531112968420054,0.202858596400326,0.280281007405833,0.081790147,0.362529474886031,0.162050339659632,0.207448857198589,0.0453985175389566,0.21838026396102,0.118652953999762,0.341625667984008,0.441471924508733
IntraMac->Beta,CALR_ITGAV,0.505212254538762,0.579333396719991,0.592295035736445,0.206355915630948,0.326805144889459,0.047226664,0.54099298103348,0.197504199927078,0.229426360078969,0.0319221601518908,0.222023228127446,0.0732751692114327,0.390125210075361,0.614723846250436
IntraMac->Beta,PF4_THBD,0.352713670340625,0.304565504272824,0.306526414438932,0.214009463899797,0.118494713996531,0.142955686,0.996589125860346,-0.211744943,-0.20248609,0.00925885283806328,0.229906746430647,0.194609005517981,0.160330532660232,0.997979964146571
IntraMac->Beta,CALM1_PTPRA,0.349182851959238,0.399906136850892,0.376998392675355,0.21408194215027,0.113566761081632,0.152169245,1,0.195678708686653,0.110575660989305,-0.085103048,0.229931647251321,0.205744994598049,0.154334316341705,1
IntraMac->Beta,COL1A2_ITGA2,0.367571388338035,0.323678047946695,0.32364613272112,0.218335408800023,0.0968657778907182,0.370252445,0.394932105801229,-0.183464947,-0.183607206,-0.000142259,0.234284216413967,0.44244360807224,0.134079830266303,0.474060826523467
IntraMac->Beta,CSF2_SDC2,0.362627547144805,0.364350908075934,0.316367494477288,0.219190064094701,0.895792251938581,0.165139038,0.0946249851850853,0.00684006218250829,-0.196887147,-0.20372721,0.235147201595788,0.221197149134948,0.915813232925215,0.139772266319315
IntraMac->Beta,GNAI2_TSHR,0.276273872740034,0.30800055239901,0.227936154467023,0.224631144060716,0.796084944562798,0.12580473,0.124859349906875,0.15683380513482,-0.277469353,-0.434303159,0.240597004454973,0.173981693976686,0.831100208492645,0.178660533200082
IntraMac->Beta,GAS6_AXL,0.330503744632948,0.275955685347903,0.277625309038805,0.240575543913118,0.108801673522186,0.21295146,0.97612737121534,-0.260230008,-0.251527523,0.00870248487047556,0.256907690168468,0.275507797079863,0.148725382563738,0.983189301230611
IntraMac->Beta,LAMA3_CD44,0.424829655479991,0.366509932515518,0.431457308441329,0.242579561114689,0.130644913814558,0.866529988,0.210370041188901,-0.213032181,0.0223333377387158,0.235365518714201,0.258958817358413,0.893641981660685,0.17469262558231,0.280232626136393
IntraMac->Beta,THBS1_LRP1,0.341017938105937,0.28852421337143,0.301308747133181,0.244524345910012,0.102695853496268,0.29431606,0.635132712666172,-0.241155232,-0.178605073,0.0625501584202123,0.260855798107112,0.362665813699285,0.141144382114807,0.699058164454283
IntraMac->Beta,COL9A1_ITGB1,0.473453892677483,0.507816398761319,0.47391057177515,0.24504273843738,0.101212794577383,0.807242289,0.298896327947666,0.10108304841437,0.00139090866048958,-0.09969214,0.261349035461226,0.844828461135443,0.139356736490403,0.375401231600354
IntraMac->Beta,MMP1_CD44,0.414380423824852,0.36409406330002,0.387943788898853,0.253235517714931,0.0886201914054277,0.358724805,0.754988529543184,-0.186644631,-0.09510822,0.091536410814414,0.269809355710437,0.430156187551401,0.123972577299015,0.804676988525916
IntraMac->Beta,COL4A1_ITGA2,0.331019254392486,0.319110170864996,0.273933040843771,0.254289395112362,0.277139256216808,0.091957549,0.569652737962477,-0.052860545,-0.273091846,-0.220231302,0.270839401416775,0.131541177486318,0.338503991356604,0.640516000447684
IntraMac->Beta,F8_LDLR,0.27552966001453,0.250744518656383,0.221594393400766,0.261599154310845,0.348198247207019,0.107846705,0.380836253647124,-0.135989465,-0.314286248,-0.178296783,0.278116812333208,0.15177943066432,0.41296799109308,0.460220310146441
IntraMac->Beta,GNAI2_EDNRA,0.288757986975098,0.322295263147815,0.327130674117208,0.262432387573478,0.498956415458681,0.091957549,0.310986788676963,0.158522132720499,0.180006190935478,0.0214840582149782,0.278907293071141,0.131541177486318,0.564016655768126,0.387870673188757
IntraMac->Beta,CALM1_CALCR,0.35986472855702,0.327133495206477,0.285444438683189,0.264198301002333,0.267858365568589,0.085743435,0.729141545159877,-0.137575221,-0.334244751,-0.196669529,0.280656161228763,0.123791171927458,0.328847438013135,0.782853629517879
IntraMac->Beta,VEGFA_NRP1,0.321364212347453,0.349117192595821,0.370323378046655,0.274851756048159,0.526307218432645,0.098523576,0.306921281392337,0.119502128079861,0.204576350263147,0.0850742221832857,0.291641130749315,0.13998902030078,0.588938787612729,0.383569361311324
IntraMac->Beta,GNAI2_ADCY8,0.380861879839238,0.371055531121283,0.3184617076269,0.290560794638159,0.450842120332052,0.09410652,0.419114788107518,-0.037632784,-0.258147985,-0.220515201,0.307296042220493,0.134367919926953,0.517721937517835,0.498343243271756
IntraMac->Beta,EDIL3_ITGAV,0.316493554049607,0.30367429440462,0.271411154764948,0.299872582988807,0.421644609843247,0.12580473,0.362529474886031,-0.059651325,-0.221696101,-0.162044776,0.316856757376483,0.173981693976686,0.488887622202338,0.441471924508733
IntraMac->Beta,WNT8A_FZD1,0.336840538891539,0.299108045732676,0.292966835887553,0.310422022669387,0.186699605915711,0.18248449,0.982946875881205,-0.171399059,-0.201328418,-0.029929359,0.327632567035533,0.241004576497103,0.239583701194353,0.987924626464808
IntraMac->Beta,CXCL12_DPP4,0.259025990917699,0.223697135981213,0.216808328058711,0.316608188720866,0.170697780765097,0.225262767,0.814115565725903,-0.21155008,-0.256676691,-0.045126611,0.333670905478278,0.288911191311323,0.221548476273386,0.85259571091178
IntraMac->Beta,RTN4_RTN4R,0.450023022939021,0.392906840134637,0.419793509095532,0.323614145903589,0.241306559384364,0.978375071,0.180881191903266,-0.195811526,-0.100318951,0.095492575455312,0.340823388617893,0.98502781074848,0.300281161411066,0.246171543343108
IntraMac->Beta,GNAI2_LPAR3,0.311084315600319,0.34275829261625,0.344240262280544,0.326162613640258,0.277139256216808,0.152169245,0.62904972115327,0.139885912025541,0.146110185949594,0.00622427392405311,0.343429829555969,0.205744994598049,0.338503991356604,0.6939186138739
IntraMac->Beta,ADAM9_ITGB5,0.283629869429536,0.279891318548241,0.332105813221678,0.331966358455875,0.627694261788258,0.279492366,0.15959192947006,-0.019142733,0.227633502768951,0.24677623615625,0.349383074768859,0.346505155108028,0.684410528808986,0.220707712097364
IntraMac->Beta,COL1A1_ITGAV,0.331065996360477,0.355074235225758,0.364034986523041,0.334515231251875,0.940740490857998,0.20895631,0.172663192246792,0.101001839736354,0.136958270841834,0.0359564311054801,0.351906854304442,0.271053324390682,0.952483154100012,0.236644469185729
IntraMac->Beta,COL9A1_ITGB8,0.275881865413317,0.242287445325718,0.258593273568174,0.335662955690063,0.1751611235508,0.82408585,0.29493684578047,-0.187330976,-0.093365878,0.0939650982094819,0.352955027694387,0.858986792860217,0.226553377770641,0.371127869612873
IntraMac->Beta,CALM2_ADCY8,0.376722777448076,0.37676298432828,0.330871198818295,0.345070017381863,0.879014721434293,0.165139038,0.226355848313651,0.000153967784194407,-0.187233548,-0.187387516,0.362478955195723,0.221197149134948,0.901871851437212,0.298100713408124
IntraMac->Beta,COL4A1_ITGAV,0.395794214815762,0.463627516343126,0.36379391914402,0.353694121160066,0.463697466964571,0.477128558,0.157069919837349,0.228215667282735,-0.121629096,-0.349844764,0.370953312590634,0.546965120383878,0.530329815086503,0.217639366049137
IntraMac->Beta,COL11A1_ITGB1,0.522104850332882,0.525553677474774,0.476322325518125,0.368860746389755,0.785178359189182,0.238067573,0.195217562842645,0.00949856016316876,-0.132401391,-0.141899951,0.38607866273829,0.302952461032624,0.821921640053495,0.262769036969147
IntraMac->Beta,VWF_GP1BB,0.368834991788016,0.357758944960317,0.40814082076534,0.369918349226008,0.678745575540798,0.201127461,0.246659824944935,-0.043987693,0.146091478212124,0.190079171684767,0.387098761676038,0.262064108808659,0.730173997075835,0.319783578469265
IntraMac->Beta,CALR_TSHR,0.36960554854427,0.367672811506584,0.320091594605212,0.370462779327649,0.774313787574905,0.21295146,0.219860512109077,-0.007563918,-0.207501621,-0.199937703,0.387581516999586,0.275507797079863,0.813169870281948,0.290737008357453
IntraMac->Beta,HLA-DRB1_CD4,0.563935359895859,0.523241115329283,0.547537330406445,0.370567578157732,0.829036341693312,0.3644605,0.140254520724129,-0.108053896,-0.042572476,0.0654814194515066,0.38764768072842,0.436136952543898,0.85896378932747,0.197091619360451
IntraMac->Beta,TGFB1_CD109,0.256305665679448,0.257984953662949,0.287571955214822,0.387706333087027,0.834559298276899,0.233744122,0.216663471203796,0.00942155643406633,0.166057616555191,0.156636060121124,0.404985965849472,0.298067692723164,0.86382258481213,0.287158569570587
IntraMac->Beta,VWF_ITGAV,0.351956019296976,0.312963812984412,0.284521965696654,0.403795814178898,0.468027525294172,0.20895631,0.390198813839682,-0.169399307,-0.306855123,-0.137455816,0.420944049470358,0.271053324390682,0.534757564422346,0.469527158861785
IntraMac->Beta,THBS4_ITGAV,0.314530450024462,0.299338827665951,0.334516940803054,0.410566055099653,0.779740695579463,0.284376867,0.21350002228083,-0.071420267,0.0888795815573055,0.1602998490145,0.427619491064043,0.351905998880693,0.818157616239058,0.283722410382513
IntraMac->Beta,ALDH1A1_CRABP2,1.02290104436709,1.03579980079207,0.913615608163959,0.419731102245908,0.774313787574905,0.309651058,0.210370041188901,0.0180786008474608,-0.163007382,-0.181085983,0.436775069360758,0.378760171361919,0.813169870281948,0.280232626136393
IntraMac->Beta,NID1_ITGAV,0.35832455179031,0.380999604963559,0.396052302559396,0.425784020585168,0.540264303790463,0.201127461,0.404502248038187,0.0885226036810615,0.144424066465751,0.055901462784689,0.442826774893349,0.262064108808659,0.602244912255908,0.483557217698348
IntraMac->Beta,NTN4_UNC5B,0.295789327523514,0.308166538537895,0.342073511694423,0.432197819331604,0.472379887946468,0.225262767,0.424053796278178,0.0591402198721746,0.209736394341788,0.150596174469613,0.449164430924196,0.288911191311323,0.53847728153057,0.503253665608504
IntraMac->Beta,C1QA_CR1,0.353243123238344,0.357939337539166,0.305067762342075,0.433058681330694,0.801553358180331,0.387964295,0.186518994027106,0.0190536294606879,-0.211531742,-0.230585371,0.449991242002085,0.459663525980597,0.836247592563039,0.252798374169719
IntraMac->Beta,WNT10A_LRP5,0.326345954383561,0.295910694429172,0.308255921564801,0.439415267480251,0.196327365782096,0.583770295,0.593089911122625,-0.141240317,-0.082273546,0.0589667711943742,0.456139062436655,0.646646396807235,0.25045701149007,0.66223877076273
IntraMac->Beta,COL6A3_ITGB8,0.316856170225757,0.319993310129162,0.355337947441891,0.446831048405661,0.818016003018386,0.30448252,0.236353684739463,0.0142136341964659,0.165363655675522,0.151150021479056,0.46347603908907,0.373531959270444,0.849919457954279,0.308387452283485
IntraMac->Beta,B2M_KIR3DL1,0.933508156131846,0.968121768194055,0.993669286659427,0.452860851819839,0.549670788527171,0.217000762,0.429026676976473,0.052525890374855,0.0901031458959253,0.0375772555210702,0.469365113975051,0.280008729472937,0.610728103872594,0.507605383414071
IntraMac->Beta,HLA-A_KIR3DL1,0.789110658096618,0.688300971625443,0.699181730832355,0.472668176421988,0.224668749948721,0.437625607,0.847451652984645,-0.197188079,-0.174560137,0.0226279421036627,0.488862262963112,0.509062434254482,0.281653384870817,0.880390802877911
IntraMac->Beta,COL6A1_ITGA2,0.32530341972341,0.341262493015989,0.339917327256893,0.474826180596126,0.895792251938581,0.353045487,0.232986950567337,0.0690958726416684,0.0633979161578643,-0.005697956,0.491039757494531,0.423945455779142,0.915813232925215,0.305281960232072
IntraMac->Beta,GNAS_TSHR,0.518819234816832,0.477145640327454,0.440840320750721,0.485581141707894,0.455104667007872,0.246880964,0.552370018540775,-0.120802276,-0.234975783,-0.114173507,0.501661412100037,0.312216056963136,0.522102611468385,0.624622079397302
IntraMac->Beta,VEGFA_ITGAV,0.400315413514882,0.432917910084939,0.377698595834094,0.491831618553363,0.446602267881148,0.668330644,0.260885236613181,0.11295632121388,-0.083901745,-0.196858066,0.507725247661108,0.724231905687746,0.513675210209045,0.33593836100604
IntraMac->Beta,TGFB3_TGFBR3,0.341090367914587,0.352335535526852,0.401244396325031,0.505799417349644,0.907003698055829,0.233744122,0.371612945605773,0.0467959729035051,0.234327228322192,0.187531255418687,0.521279081321123,0.298067692723164,0.924997849900927,0.450826577787833
IntraMac->Beta,COL6A1_ITGA6,0.442081689265295,0.428592757380696,0.429922605455255,0.508078638899257,0.309644155163971,0.841009802,0.371612945605773,-0.044705509,-0.04023601,0.00446949894055285,0.523454555296252,0.872841437258276,0.372670806583093,0.450826577787833
IntraMac->Beta,CALR_MTNR1A,0.551826843528972,0.52845190853425,0.55258091927347,0.534570189608431,0.658130900521338,0.406176448,0.306921281392337,-0.062443452,0.00197010839795357,0.0644135604121487,0.549776265564216,0.477963151609257,0.711730180203118,0.383569361311324
IntraMac->Beta,THBS1_ITGB1,0.597628623715489,0.594582865877748,0.551056399100117,0.559850927194773,0.658130900521338,0.629292491,0.257276789349086,-0.007371359,-0.117049266,-0.109677907,0.574888754829683,0.688729362950801,0.711730180203118,0.331998372002868
IntraMac->Beta,PRSS3_F2RL2,1.79728571463759,1.89426522693751,1.95734550552165,0.5639379596616,0.678745575540798,0.353045487,0.380836253647124,0.0758185725019082,0.123078666729841,0.0472600942279326,0.578767002720146,0.423945455779142,0.730173997075835,0.460220310146441
IntraMac->Beta,THBS1_LRP5,0.353541341225638,0.323556226080711,0.319132382435005,0.563899953717571,0.299638577933292,0.497579778,0.774557257316192,-0.127862487,-0.147723919,-0.019861432,0.578767002720146,0.566510944490053,0.362050343906962,0.820284979137766
IntraMac->Beta,TGFB1_TGFBR2,0.329566246141181,0.315080761627987,0.341185345661578,0.56898620221834,0.88460157936281,0.463751037,0.27945156308783,-0.064846822,0.0499871916317665,0.114834013887078,0.583819524176953,0.533992059688172,0.906466388256211,0.355091156584018
IntraMac->Beta,CALM3_PDE1B,0.279547927545233,0.311572460529612,0.269331342814542,0.576406406128469,0.359221215529989,0.943814321,0.414209780307593,0.156472071179784,-0.053713519,-0.210185591,0.591108064684077,0.957570152922362,0.423992850621756,0.493328502388818
IntraMac->Beta,WNT4_FZD1,0.273171132266152,0.260233043894778,0.247025589136867,0.590222661035595,0.438191005129162,0.347422657,0.729141545159877,-0.070000868,-0.145144535,-0.075143667,0.604545622283961,0.418270333937436,0.505309147712304,0.782853629517879
IntraMac->Beta,PF4_SDC2,0.366283059917344,0.387740182221206,0.357806565205826,0.596281190407763,0.530939035066234,0.765533439,0.319223916541822,0.0821312717850405,-0.033779121,-0.115910393,0.610349055648372,0.809441840420786,0.593552171512205,0.396724626942436
IntraMac->Beta,GNAI2_TBXA2R,0.349918809620914,0.340246623880625,0.329485832166811,0.613903596480419,0.378074064418632,0.497579778,0.647372534297411,-0.040439371,-0.086803786,-0.046364415,0.627904906575587,0.566510944490053,0.443886075883826,0.71010007054636
IntraMac->Beta,MIF_CD74,0.42623388769629,0.462339004888944,0.463846315657992,0.614259388617748,0.521696134499752,0.314876486,0.735575803684461,0.117305780294559,0.122001582826716,0.00469580253215654,0.628062213857981,0.3843957412696,0.584761060155454,0.788310098433898
IntraMac->Beta,COL11A1_DDR1,0.435087535935949,0.448187140548638,0.429505060292654,0.622090083594156,0.355522770390968,0.987024039,0.507579711129578,0.0427955671107376,-0.018630559,-0.061426126,0.635720453523914,0.991701877769201,0.420265670030028,0.582947986384721
IntraMac->Beta,COL4A1_CD44,0.514390839608156,0.55693959512195,0.580058583857725,0.625345318120475,0.862291344449276,0.30448252,0.49668768601683,0.114655912133825,0.173333663313201,0.0586777511793761,0.638977010343717,0.373531959270444,0.887308732600424,0.572978324902918
IntraMac->Beta,PF4_LDLR,0.276476198628934,0.246154104792877,0.237991802541586,0.643319603793566,0.378074064418632,0.490711926,0.89457126180609,-0.167593488,-0.216243404,-0.048649916,0.656839455361907,0.559921816400226,0.443886075883826,0.919105708792511
IntraMac->Beta,CNTN1_NRCAM,0.356006271327074,0.325562997035424,0.361076478261447,0.666678987186846,0.481151105894149,0.961085669,0.429026676976473,-0.128965921,0.0204017856645071,0.14936770636208,0.678832179072034,0.971816490009369,0.547071857116116,0.507605383414071
IntraMac->Beta,TENM4_ADGRL1,0.268370671846725,0.238524662626734,0.253885043898243,0.676947748662073,0.434019767655747,0.463751037,0.989767626907868,-0.170088575,-0.080051609,0.0900369658401334,0.688836980421056,0.533992059688172,0.501118503860973,0.992961112475435
IntraMac->Beta,LAMC1_ITGAV,0.343348935705983,0.326552875422296,0.351551674836514,0.678918849934667,0.578365378417632,0.732636929,0.409338894887928,-0.07235888,0.0340612759453664,0.106420155582868,0.690637005867306,0.780052194003903,0.638234029324461,0.488088100666572
IntraMac->Beta,LAMA5_ITGB1,0.501085062744986,0.517811887357035,0.495576757626874,0.693022317477549,0.517105920555621,0.866529988,0.449254163377777,0.0473725534041728,-0.015947005,-0.063319558,0.704502198935328,0.893641981660685,0.580732485786519,0.527608188834105
IntraMac->Beta,COL6A3_CD44,0.474816282315472,0.466984175613723,0.464770220176586,0.733942206651699,0.417565997977862,0.866529988,0.697263724778276,-0.023995745,-0.030851776,-0.006856031,0.744234471534629,0.893641981660685,0.485244254283979,0.755058744454581
IntraMac->Beta,LAMA5_BCAM,0.447556006206637,0.448499931583238,0.477933741418917,0.744936887775812,0.540264303790463,0.532662814,0.722726307141865,0.00303953559827676,0.0947423936596047,0.0917028580613278,0.754972977963144,0.600807584563475,0.602244912255908,0.777218237608867
IntraMac->Beta,TGFB3_ENG,0.322918612603086,0.301175378740892,0.319369207730691,0.753036947210726,0.463697466964571,0.849499579,0.659708464406633,-0.100566764,-0.015945378,0.084621386754547,0.762602176048383,0.879774849635808,0.530329815086503,0.721594811911946
IntraMac->Beta,UBA52_TGFBR2,0.447680019935344,0.468487402115467,0.48269273270183,0.791256486513462,0.71539803413622,0.561592308,0.610952521124503,0.065542321538876,0.108637174006189,0.0430948524673132,0.800264610885566,0.626768730152994,0.762568033644459,0.678206011787381
IntraMac->Beta,CALM1_PDE1B,0.306387827702173,0.307985435656537,0.314624603857916,0.79823040243221,0.923854973049972,0.532662814,0.569652737962477,0.0075031463710787,0.0382725123374997,0.0307693659664213,0.806880493485875,0.600807584563475,0.939465735158633,0.640516000447684
IntraMac->Beta,WNT16_LRP5,0.284547656171142,0.273254107933462,0.277553986944964,0.801192215027488,0.563930170243379,0.568940129,0.982946875881205,-0.058427111,-0.035901879,0.0225252322208969,0.809698914601994,0.633377911455429,0.624817748904887,0.987924626464808
IntraMac->Beta,IL24_IL22RA1,0.288885381537234,0.283069410323865,0.320408448249721,0.802297241672611,0.774313787574905,0.637023141,0.524149882442408,-0.029341347,0.149414986404407,0.178756333428243,0.81064002061548,0.695720858967745,0.813169870281948,0.598735011440458
IntraMac->Beta,B2M_CD1B,0.54611497388263,0.541426920653015,0.544927909493475,0.809524957280068,0.991526717088424,0.470413869,0.653528663979384,-0.012438092,-0.003139331,0.00929876054240852,0.817588653259905,0.540463180872373,0.992910490284575,0.716347282914183
IntraMac->Beta,HLA-C_LILRA3,0.332998656704189,0.34581134580344,0.336193763427547,0.829826800705198,0.829036341693312,0.692194793,0.552370018540775,0.0544688457408753,0.0137766044572104,-0.040692241,0.83700523323725,0.745176650054899,0.85896378932747,0.624622079397302
IntraMac->Beta,LAMC2_ITGB1,0.51693876415966,0.510113005774017,0.508033778214602,0.834720066514627,0.653016826464673,0.952447238,0.587189329777361,-0.019176507,-0.025068969,-0.005892462,0.841576824518854,0.964336029094021,0.707085574940797,0.656987173823105
IntraMac->Beta,COL6A2_CD44,0.527490276625748,0.523289224886123,0.503942626969187,0.845100045653791,0.704854289607791,0.591251437,0.774557257316192,-0.011535948,-0.065885006,-0.054349058,0.851397907534136,0.653986317265426,0.752705302056265,0.820284979137766
IntraMac->Beta,COL6A2_ITGB8,0.351793053678638,0.343292864508059,0.378440956760802,0.846579842044051,0.957652690065568,0.591251437,0.62904972115327,-0.035287126,0.105341236073522,0.140628361801471,0.852751387366047,0.653986317265426,0.965414924125324,0.6939186138739
IntraMac->Beta,COL1A2_ITGAV,0.438514424406184,0.469310580173803,0.434510269696121,0.871459703796087,0.607745375516816,0.875068704,0.774557257316192,0.0979186855708229,-0.013234023,-0.111152709,0.876628503937226,0.900854306056536,0.666319800519612,0.820284979137766
IntraMac->Beta,LAMA1_ITGB1,0.517574892527313,0.510461576685403,0.495196413271452,0.876325601758918,0.907003698055829,0.815653555,0.563863242507778,-0.019965263,-0.063766769,-0.043801506,0.881428209317143,0.851947886236657,0.924997849900927,0.635120789981963
IntraMac->Beta,HLA-DRA_CD4,0.456064059067334,0.473009337354656,0.442818674263612,0.880511652559867,0.720690487588731,0.644792999,0.834080899526246,0.0526321824433101,-0.042520417,-0.095152599,0.885543147717352,0.703054248556493,0.766982415085874,0.869210884904572
IntraMac->Beta,CSF2_ITGB1,0.50278857050183,0.499251450554291,0.528504862040331,0.892908638814234,0.862291344449276,0.637023141,0.748499717044023,-0.010185235,0.0719648892892937,0.0821501243797937,0.897140433310984,0.695720858967745,0.887308732600424,0.799222225341878
IntraMac->Beta,GNAI2_MTNR1A,0.426367640030173,0.426846534238737,0.391790311754551,0.90225264493047,0.658130900521338,0.798852976,0.881062973945184,0.00161951920531898,-0.122016223,-0.123635742,0.906235885852419,0.837928770820909,0.711730180203118,0.908228027512508
IntraMac->Beta,UBA52_AGTR1,0.450263488459076,0.435852053425796,0.428089606992545,0.91476560849445,0.752718691361612,0.82408585,0.735575803684461,-0.046930989,-0.072856684,-0.025925696,0.918408523951806,0.858986792860217,0.794990936709818,0.788310098433898
IntraMac->Beta,GNAI2_OPRD1,0.374034526930255,0.388042308344989,0.373792781383037,0.929241978276005,0.873433881162046,0.765533439,0.735575803684461,0.053042507552061,-0.000932742,-0.05397525,0.932340451044269,0.809441840420786,0.896894676737072,0.788310098433898
IntraMac->Beta,JAG1_CD46,0.414480778096267,0.383144497374637,0.385014106921122,0.96824678682684,0.823521822241236,0.935187916,0.854153785986551,-0.113416611,-0.10639389,0.00702272089399805,0.96938993533549,0.950782875222511,0.854009067022373,0.886106170105276
IntraMac->Beta,HLA-DPB1_CD4,0.355547703886024,0.370180446671611,0.346792152370693,0.988301845532899,0.940740490857998,0.917958623,0.887813044678178,0.0581855529303809,-0.035971887,-0.09415744,0.989044052690793,0.936840047545211,0.952483154100012,0.913671677047446
IntraMac->Beta,HLA-C_KIR3DL1,0.602975751945023,0.615755281927045,0.603423800615949,0.994616360185132,0.946375300533106,0.909357719,0.989767626907868,0.030257111332735,0.00107161449603999,-0.029185497,0.994722998585495,0.929587813519472,0.956527121396989,0.992961112475435
PeriMac->Alpha,PDCD1LG2_PDCD1,0.38657633889508,0.203636025625531,0.400685146308601,2.0174646545788e-13,7.12648287770636e-10,0.431146972,8.71011915471556e-11,-0.92476052,0.0517156913796848,0.976476211677596,1.7522262847217e-12,0.502591721289876,8.65570732854751e-09,9.94467459916606e-10
PeriMac->Alpha,HSP90AA1_CFTR,0.436475325622929,0.709446267847833,0.91667029863046,1.63285492377745e-10,1.14957194620201e-06,5.51E-12,0.00450412272768625,0.700793320891371,1.07050282802564,0.369709507134273,8.00923805209431e-10,7.49447834987034e-11,5.59374393018904e-06,0.00951629825681933
PeriMac->Alpha,RPS19_C5AR1,0.570701029909182,0.739779539101539,1.18875133443457,1.76911766957442e-12,0.000489443059670575,4.53E-14,1.40630415857454e-08,0.37436023166829,1.05863988759919,0.684279655930904,1.29328602051647e-11,1.07527224172156e-12,0.00119516357607516,1.02244779354507e-07
PeriMac->Alpha,SPP1_ITGB1,0.798464474773365,1.16160969144553,1.64621759324003,5.93418320928374e-10,0.000171019232559237,1.38E-10,1.06452749035821e-05,0.540825268616886,1.04385491364359,0.503029645026703,2.64219861461569e-09,1.38540782786276e-09,0.000467135403019785,4.14783309526372e-05
PeriMac->Alpha,SPP1_CD44,0.592993949854431,0.709622052822872,1.20363388681272,4.66199708846791e-09,0.138769313976288,1.85E-10,1.97152986125979e-07,0.259033458916295,1.02130733784386,0.762273878927566,1.75209946983194e-08,1.82124040882316e-09,0.184130890579064,1.13731790635939e-06
PeriMac->Alpha,C5AR1_RPS19,0.515563421560162,0.544419616908414,1.02599864520348,1.1141129215382e-11,0.856153932561194,4.53E-14,2.35003546246655e-10,0.0785691415132236,0.992807009097698,0.914237867584475,6.97011759363403e-11,1.07527224172156e-12,0.882063605360152,2.43839052212325e-09
PeriMac->Alpha,NID1_PTPRF,0.334201569206326,0.336874219376083,0.65359662787676,4.10255927645476e-10,0.561866731096634,8.72E-12,5.74936739844949e-09,0.0114915173113213,0.96768203061861,0.956190513307288,1.87316069166765e-09,1.11058413109587e-10,0.623049556308773,4.50673101619637e-08
PeriMac->Alpha,SPP1_ITGB5,0.512785210564522,0.655236915650383,1.00138054510966,1.21026557083494e-09,0.0161778772146015,4.37E-12,1.53196883803334e-06,0.353661985986377,0.965563772308238,0.611901786321861,5.08529605619294e-09,6.14353668197656e-11,0.0271588384900192,7.19909587968512e-06
PeriMac->Alpha,PLA2G2A_ITGB1,0.418211161293963,0.452690544309086,0.812094452317593,1.5566015569302e-10,0.435702654213545,3.45E-12,2.97195718156318e-09,0.11429360662814,0.957415965770059,0.843122359141919,7.67035357794238e-10,4.99013569464235e-11,0.50275041545076,2.49078316169104e-08
PeriMac->Alpha,HLA-C_DDR1,0.467369524536806,0.693677427796987,0.8902708234298,2.93827369304847e-10,1.78585825926975e-05,8.99E-13,0.00098659686851909,0.569701274865394,0.929680609843453,0.359979334978059,1.3745344537992e-09,1.50082871445598e-11,6.32200601232192e-05,0.00245412682387895
PeriMac->Alpha,C1QB_LRP1,0.460160466809964,0.68644312296798,0.873078652599604,1.46118942240633e-09,2.74767861718567e-05,4.47E-11,0.00101650839839712,0.577003141604306,0.923974581139391,0.346971439535085,6.04165555505598e-09,4.92703726174032e-10,9.29983531970533e-05,0.0025197954664492
PeriMac->Alpha,COL6A1_ITGB1,0.534576990297025,0.822102945492021,1.00222795429781,1.95713692123199e-08,0.000268881390592407,2.36E-11,0.00630924446350958,0.620921320389326,0.906741035694092,0.285819715304766,6.57169661672138e-08,2.78352355419251e-10,0.000700398104285386,0.0129289614137999
PeriMac->Alpha,COL1A1_DDR1,0.351544194640112,0.369085709083068,0.648067689784087,4.62461357045073e-08,0.603309669421741,4.91E-09,2.82487675893552e-07,0.0702498074571222,0.882438436446428,0.812188628989306,1.44759716057599e-07,3.53143144214821e-08,0.66206411599408,1.57316121834928e-06
PeriMac->Alpha,COL6A1_GP6,0.322335146054382,0.345362871750546,0.589270916531667,1.78776838586917e-08,0.599104061380557,1.46E-09,1.57113867826246e-07,0.0995514916063658,0.870369559390117,0.770818067783752,6.04871363924105e-08,1.18671083688528e-08,0.657850816310517,9.2405936890493e-07
PeriMac->Alpha,GNAS_GCGR,0.389463946456427,0.465953833031966,0.711640057374504,5.73110663983538e-09,0.00642770933599079,3.49E-09,9.20725892179915e-07,0.258697237335593,0.869657937825651,0.610960700490058,2.11810544925507e-08,2.60145354812518e-08,0.0118775104370289,4.60511052131595e-06
PeriMac->Alpha,UBA52_ERBB2,0.429309742204915,0.554323891604325,0.777275323959694,1.20674825511015e-10,0.00227765360402419,1.07E-13,1.96884205435771e-06,0.368710277170982,0.856406802614991,0.487696525444009,6.08133318404511e-10,2.3022792095851e-12,0.00471503613367457,9.03807021803579e-06
PeriMac->Alpha,COL6A1_CD44,0.404652994762349,0.494085255754909,0.732383141637273,2.66254492229132e-07,0.200197125303103,9.22E-11,9.3138623409682e-05,0.288074730973301,0.855913308618245,0.567838577644944,7.1677399812795e-07,9.57391143472054e-10,0.254940448440594,0.000296821687449782
PeriMac->Alpha,CDH1_PTPRF,0.395590552964765,0.418286494008742,0.714299308444896,1.7084105183232e-09,0.865649257161016,2.05E-10,1.04632947239852e-08,0.0804834418305124,0.852520749208082,0.77203730737757,6.94987061269902e-09,1.9900753940099e-09,0.890255575123813,7.78322274205213e-08
PeriMac->Alpha,CALR_LRP1,0.435455834345798,0.582392554872205,0.773500376183917,3.20180441954967e-08,0.00586316555742861,2.93E-11,0.000322080592660988,0.419465509444752,0.828875589463446,0.409410080018694,1.03487289069852e-07,3.3920453544816e-10,0.0109339480847049,0.000901941689685289
PeriMac->Alpha,GNAS_ADCY7,0.352935360780969,0.466421247871307,0.624231175799434,5.55085082652131e-08,0.00312935979796763,7.72E-10,0.000265026740733076,0.402229529431946,0.822676427646141,0.420446898214195,1.70379521256304e-07,6.59680059034905e-09,0.00627891335673092,0.000757636971363203
PeriMac->Alpha,TGFB1_ENG,0.313778271728671,0.395576655392657,0.552668337109448,7.06395226921219e-07,0.0474893938670396,1.46E-09,0.00047226331455614,0.33421183513159,0.816668506420258,0.482456671288668,1.77004046165222e-06,1.18671083688528e-08,0.0709564417734655,0.00127467366845477
PeriMac->Alpha,TGFB1_ITGB8,0.310979461366901,0.340689778870545,0.547189921492908,1.79347008754365e-08,0.479590374996815,8.47E-10,2.46972653009922e-07,0.131639364247628,0.81522235521782,0.683582990970191,6.06360600819398e-08,7.17203411131298e-09,0.545496770877977,1.39912189658771e-06
PeriMac->Alpha,FBLN1_ITGB1,0.449029725523376,0.726293155784214,0.786041310559001,1.57349655328658e-08,8.19759269169447e-07,1.32E-08,0.192710846140104,0.69374102992017,0.807794180472484,0.114053150552314,5.37837150936506e-08,8.65021803339076e-08,4.19422206955604e-06,0.259657196705892
PeriMac->Alpha,TGFB1_ACVR1B,0.309903210953093,0.351045190223717,0.539633775709481,1.39307647827289e-06,0.616005396421432,3.39E-08,1.96200496125035e-05,0.179839057817913,0.800162944518387,0.620323886700474,3.28229790081575e-06,2.0417085834139e-07,0.674266409037681,7.16585053975852e-05
PeriMac->Alpha,APP_TNFRSF21,0.489577044370927,0.611987208285425,0.845840889913466,2.15307166205334e-08,0.00344982715916104,1.22E-09,3.6863767466849e-05,0.321965584003414,0.788850390513323,0.466884806509909,7.16768467652876e-08,1.00676888720757e-08,0.00684098378840437,0.00012670052429284
PeriMac->Alpha,CD96_NECTIN1,0.335278067662014,0.184314909514726,0.279299907630414,8.22725470630252e-10,3.07392933038088e-09,0.111466176,1.19541814266989e-05,-0.863185331,-0.263543014,0.599642316334615,3.58114007934624e-09,0.156354358830965,3.08650299179687e-08,4.6077935681094e-05
PeriMac->Alpha,TGFB1_SDC2,0.363308539299906,0.475260054968286,0.625180438968903,1.36187539830362e-06,0.040523194677234,2.47E-09,0.00114474400172458,0.387521873392974,0.783077361810951,0.395555488417977,3.21646899489745e-06,1.89713270736972e-08,0.0615134841251812,0.00280487839455921
PeriMac->Alpha,CCL5_CXCR3,0.295719160615794,0.184437419856147,0.333849441616362,1.20673175504567e-09,2.54753168880505e-07,0.26793962,7.16882798199763e-08,-0.681096332,0.174969903242523,0.856066234975246,5.07501975250945e-09,0.334987370553601,1.51359080211296e-06,4.53361541803891e-07
PeriMac->Alpha,GCG_GIPR,0.769305590375711,0.948002976170595,1.30921114158665,3.16301937446493e-05,0.0627355397815243,9.94E-06,0.000502900752282436,0.301334795856635,0.767069087083942,0.465734291227307,5.9202490378125e-05,3.47929110838669e-05,0.0909114673111789,0.00134800523485361
PeriMac->Alpha,LAMB1_ITGB1,0.577604655442461,0.731517281425266,0.969348927006135,7.86015674175564e-09,0.00210090145150815,6.12E-11,7.55079337178002e-05,0.340809576322358,0.746933700607431,0.406124124285073,2.82868603731083e-08,6.55793290215331e-10,0.00438612550126858,0.000246444368691267
PeriMac->Alpha,PDGFB_LRP1,0.252936920787049,0.204092761642543,0.424030435595659,1.16740293736189e-11,0.000990851807336901,4.15E-09,2.76675552703321e-10,-0.309552622,0.745390178201202,1.05494280040447,7.25968973314115e-11,3.03975899452303e-08,0.00224227696720975,2.83919643082132e-09
PeriMac->Alpha,SPP1_ITGA4,0.4439701719838,0.498592498859679,0.738972980963405,2.70727870370145e-06,0.298668072519942,4.52E-07,1.96200496125035e-05,0.167398425067467,0.735058862088955,0.567660437021488,6.02996555590427e-06,2.11688642377747e-06,0.361309032458399,7.16585053975852e-05
PeriMac->Alpha,HLA-B_CANX,1.28017706246537,2.29227891048997,2.10178688052254,9.38874338942395e-12,3.67964602045089e-11,8.79E-09,0.485476118489787,0.840439228091652,0.715273023671852,-0.125166204,5.95561692453403e-11,5.93752993457144e-08,6.46398080579395e-10,0.562689020038858
PeriMac->Alpha,BGN_TLR1,0.297080575091149,0.301420206610916,0.486563816947505,2.04159262025508e-05,0.690041446011321,8.38E-06,3.6863767466849e-05,0.0209218593056103,0.711774760938162,0.690852901632552,3.93551890095875e-05,2.99476842538739e-05,0.740361928731723,0.00012670052429284
PeriMac->Alpha,GNAS_CRHR1,0.412340218725619,0.505307380460006,0.673897410506073,1.50314134952159e-06,0.0200011417749797,3.39E-08,0.000644939009410588,0.293326066022807,0.708693795544972,0.415367729522165,3.5203912967145e-06,2.0417085834139e-07,0.0328065149423264,0.00168798851845734
PeriMac->Alpha,LAMB1_CD44,0.44474479132546,0.459530335084696,0.726751299308704,6.01813816924149e-07,0.947006451616043,1.39E-07,1.96884205435771e-06,0.0471823922030209,0.708484035080936,0.661301642877915,1.52837443078368e-06,7.24287298132191e-07,0.956957662298174,9.03807021803579e-06
PeriMac->Alpha,GNAS_ADORA1,0.361659033842994,0.461895858453252,0.589045220736021,6.37094587736182e-05,0.0123648801967499,1.32E-05,0.0083195504868026,0.352937420547344,0.703748202775733,0.350810782228389,0.000113024311799222,4.47665269988063e-05,0.0213552309711689,0.0164034595098065
PeriMac->Alpha,GPI_AMFR,0.283907512969028,0.314387362431858,0.458299823533798,9.37892495880716e-06,0.3336515145033,9.98E-07,7.55079337178002e-05,0.147122198394733,0.690870701052996,0.543748502658263,1.91353044653878e-05,4.36927181133527e-06,0.397433447489055,0.000246444368691267
PeriMac->Alpha,ARF1_INSR,0.432253558210966,0.50266378768634,0.697169952770599,3.20536284698832e-07,0.0828878125035822,2.91E-08,1.29106468353303e-05,0.217715919522029,0.689632551178095,0.471916631656067,8.49904054482861e-07,1.78083394941348e-07,0.116547711039104,4.93770043788277e-05
PeriMac->Alpha,GCG_GCGR,0.497548367956646,0.574030211629136,0.794830689847542,0.000108235111721408,0.179786004732213,1.47E-05,0.00101650839839712,0.206289888036636,0.675810797068518,0.469520909031881,0.000185013216444438,4.94659777286039e-05,0.231943610937014,0.0025197954664492
PeriMac->Alpha,VIM_CD44,0.58620245939603,0.853944614534598,0.935235987690796,7.50031315404923e-07,6.01662498754229e-05,9.67E-08,0.130356257309395,0.542743480416527,0.673931423804408,0.13118794338788,1.87016629513422e-06,5.24235811850043e-07,0.000185961159323375,0.185432586350695
PeriMac->Alpha,PLA2G2A_ITGA4,0.2375430311728,0.190233765792766,0.377525976893494,3.99376589700567e-09,0.00784523679068515,6.28E-06,4.46679599425733e-09,-0.320415539,0.668387032031095,0.988802571396844,1.51808672727257e-08,2.30360136301493e-05,0.0141794940483455,3.58882627342226e-08
PeriMac->Alpha,TGFB1_TGFBR3,0.314672574345687,0.351389778871225,0.499324753873389,4.56412895229567e-05,0.457350927544012,5.27E-06,0.000232412407086175,0.159220782412136,0.666126983564208,0.506906201152073,8.30230009107137e-05,1.96293429876511e-05,0.524357110635515,0.000675161299688521
PeriMac->Alpha,ALOX5AP_ALOX5,0.291586939711656,0.296701777757393,0.462186262047756,1.61784275087621e-06,0.922981712753268,1.21E-06,2.324126672825e-06,0.0250874687399127,0.664548273914354,0.639460805174441,3.7605873860387e-06,5.19317229854826e-06,0.938884778251089,1.04985247477538e-05
PeriMac->Alpha,B2M_TFRC,0.554873261237484,0.800148927422257,0.878511030846312,3.43029302207352e-07,0.000389803550145343,5.33E-10,0.0707881133398131,0.528110262576578,0.662902117600475,0.134791855023897,9.05426522634459e-07,4.72190156394541e-09,0.000974299977426518,0.108283293085237
PeriMac->Alpha,EFEMP2_CATSPER1,0.327627049753752,0.202242416514043,0.352689944019782,4.18806170655999e-09,1.20228550750457e-07,0.469525459,8.82086445092975e-07,-0.695968865,0.106345966965052,0.802314831922043,1.58805852027608e-08,0.539774893202371,7.83164749581187e-07,4.42847274479401e-06
PeriMac->Alpha,HGF_CD44,0.336472103824416,0.280698741402068,0.531579151654112,4.8680235788572e-09,0.0569938463727775,1.06E-06,2.68228532437251e-09,-0.261464303,0.659797623098788,0.921261926205654,1.81926778620112e-08,4.62980885999747e-06,0.0834597486601678,2.26019489663476e-08
PeriMac->Alpha,GSTP1_TRAF2,0.360692381559221,0.432119973869808,0.567141515210104,5.77490600290479e-06,0.0136897889195942,1.66E-06,0.000587789251693854,0.260662966203981,0.65293981387899,0.392276847675009,1.22122700510306e-05,6.90606211240038e-06,0.0234051229915642,0.00155543209639724
PeriMac->Alpha,COL6A1_ITGB8,0.360592138618359,0.403244075173389,0.566700886762151,6.517379396721e-06,0.667915326788196,1.29E-07,8.68695446365426e-05,0.161285391264563,0.652219514025559,0.490934122760996,1.36584759143877e-05,6.78688302285976e-07,0.72093429394588,0.000278268925951123
PeriMac->Alpha,APP_LRP1,0.38289759734454,0.411638927377304,0.601520644115689,1.10521248702795e-05,0.38094907867766,2.90E-06,4.26397847358293e-05,0.104420812070999,0.65165564259406,0.547234830523061,2.22906423329659e-05,1.14210446683538e-05,0.446755469688862,0.000144634149823933
PeriMac->Alpha,GNAS_ADRB3,0.368555971383453,0.446435951494858,0.573081878107516,2.0658101682199e-05,0.00937044114257872,4.16E-06,0.00405145786985008,0.276569478108277,0.63685754162318,0.360288063514903,3.97645011332134e-05,1.5876843927166e-05,0.0166620310876917,0.00865399565146819
PeriMac->Alpha,MMP7_CD44,0.508598818178226,0.413020168415051,0.787665511475479,1.82503324321436e-08,0.0296101667241393,1.14E-06,3.20681161803752e-08,-0.300315877,0.631054996948407,0.931370873559775,6.16138620799985e-08,4.90271199579976e-06,0.0464051806456269,2.17791225343568e-07
PeriMac->Alpha,PKM_CD44,0.417174297937714,0.449775964300954,0.645627459118511,1.60792142602285e-05,0.865649257161016,6.75E-07,0.000110732414580675,0.108556290041663,0.630051661505001,0.521495371463339,3.15363563119031e-05,3.04790230002372e-06,0.890255575123813,0.000347314042773548
PeriMac->Alpha,CCL13_CCR1,0.319222052618969,0.203562642477656,0.371809032293625,6.60492417503333e-09,2.51346301088367e-06,0.129495748,1.03963385568725e-07,-0.649087493,0.220001497380099,0.869088990228197,2.41232312861045e-08,0.178293185649458,1.10176611680089e-05,6.34251445771791e-07
PeriMac->Alpha,GNAI2_C5AR1,0.33081919521414,0.400726019460028,0.510807967063091,2.65076267615031e-05,0.099029494556936,7.21E-07,0.00153352725629065,0.276573240555542,0.626738078535952,0.35016483798041,5.02465235584843e-05,3.23965397426873e-06,0.136709652986103,0.00364080993807054
PeriMac->Alpha,SPP1_ITGAV,0.496336483957168,0.647636013243535,0.765685613922215,0.000457794214450001,0.0524268070876089,5.27E-06,0.0734496393749329,0.383864705470172,0.625433644483712,0.24156893901354,0.000710296811774719,1.96293429876511e-05,0.0774405790203034,0.111622391021403
PeriMac->Alpha,CD14_ITGB1,0.693625079724212,0.927697301492632,1.06480650771009,1.84857614679446e-05,0.000870439650431353,2.13E-06,0.112210959808714,0.419498080706491,0.618363324081473,0.198865243374983,3.58642227481255e-05,8.61318159912907e-06,0.00199152834418044,0.16235517808216
PeriMac->Alpha,TGFB1_ITGAV,0.292018236007834,0.376893780010058,0.447322413253369,2.99536985304919e-05,0.0234573602080296,4.52E-07,0.0122674382056315,0.368099519261184,0.615256579601363,0.247157060340179,5.6320923179284e-05,2.11688642377747e-06,0.0378106542285294,0.0231734839169969
PeriMac->Alpha,TGFB3_ACVR1B,0.318550532744432,0.201323742179336,0.34270531199924,1.09677933361593e-08,2.71702043984506e-07,0.558711678,1.40829238689248e-06,-0.662004928,0.105446303554287,0.767451231305814,3.86357916313043e-08,0.624300734300812,1.60204593317792e-06,6.66830019539748e-06
PeriMac->Alpha,TIMP1_CD63,0.726560287006137,1.01383229214667,1.10780430896089,0.000271619658385874,0.00379989590344974,4.51E-05,0.187032327955542,0.480664604424652,0.608548637625389,0.127884033200737,0.000435263386604266,0.000137251324224526,0.00745278153645483,0.253176252382716
PeriMac->Alpha,PECAM1_PECAM1,0.303653378022367,0.310394496443712,0.458729362939699,3.96861143271733e-05,0.716945263553708,9.94E-06,8.10006457991071e-05,0.03167755876592,0.595217835968567,0.563540277202647,7.31460332827253e-05,3.47929110838669e-05,0.76395538250274,0.000262079092616743
PeriMac->Alpha,COL1A1_ITGB1,0.479725313644687,0.490193625925057,0.722433072074991,7.49362815942945e-05,0.767170581514482,2.28E-05,0.000135983541803025,0.0311431564679533,0.5906553699056,0.559512213437647,0.000131602422203567,7.36454974615673e-05,0.807420420215175,0.000418221909159084
PeriMac->Alpha,CALM2_GP6,0.347882251983552,0.374100330725914,0.523751694759129,3.58453345184959e-05,0.694499399235009,3.92E-06,0.000145542695298858,0.1048261626068,0.590283927292851,0.485457764686051,6.65933639491197e-05,1.50364665088553e-05,0.744802298926669,0.000444102800702566
PeriMac->Alpha,OXT_AVPR1A,0.31887542408259,0.207129842681122,0.479015197391644,8.90099700080207e-13,1.83508337767965e-05,6.32E-07,2.81622478309124e-11,-0.622457482,0.587078514071056,1.20953599619595,6.92481234557813e-12,2.87529413456602e-06,6.46681441140754e-05,3.58386695452593e-10
PeriMac->Alpha,GNAI2_ADRA2A,0.344065281133268,0.417843406245933,0.516492327949574,5.55681638106703e-05,0.130889987635964,7.70E-07,0.00344954148036097,0.280280048680784,0.586064597599637,0.305784548918853,9.9663011951545e-05,3.43615819184669e-06,0.174970164039592,0.00749006585866088
PeriMac->Alpha,CALR_ITGAV,0.453399114655369,0.667212969314842,0.677982500689095,4.65450884053898e-06,3.30833173980096e-05,3.92E-06,0.631923549769779,0.557365757248945,0.580466461633764,0.0231007043848184,1.0001672071999e-05,1.50364665088553e-05,0.000109783416822708,0.695936584681523
PeriMac->Alpha,PYY_NPY4R,0.372723244016817,0.217582408349167,0.337534755999954,1.69794625364103e-08,1.2843639270582e-07,0.725821198,6.14645606334793e-06,-0.776542871,-0.143068727,0.633474143302281,5.76572357261142e-08,0.773678452153574,8.29103578657363e-07,2.52798266279061e-05
PeriMac->Alpha,SST_SSTR3,0.476484945325519,0.493039146844575,0.71143868822193,0.000159966681200949,0.318765940893016,0.000214275,0.000140686668496548,0.0492715671748469,0.578308797162828,0.529037229987981,0.000266316116766455,0.000559248918801069,0.382142230645169,0.000430552901488123
PeriMac->Alpha,SLITRK6_PTPRS,0.286935772820063,0.223955977411786,0.427419097844663,2.24023681516797e-07,0.0178544280657075,0.000281698,7.51158214042701e-08,-0.357512669,0.574923527151361,0.932436196138552,6.12992930826835e-07,0.000716769951805749,0.0296361522670008,4.72474971044526e-07
PeriMac->Alpha,COL1A1_CD44,0.352356962727683,0.301707386782723,0.524420477189927,2.07465760125695e-06,0.0329272323347812,9.11E-05,2.324126672825e-06,-0.223887703,0.573686295986429,0.797573999131029,4.73395452654718e-06,0.00025899251381377,0.0509953882149824,1.04985247477538e-05
PeriMac->Alpha,NID1_ITGB1,0.508868503439114,0.533347751556767,0.755796504628658,3.90472882107489e-05,0.517931330997444,7.47E-06,0.000131428822590634,0.0677836026247633,0.570704947522133,0.502921344897369,7.20682834249833e-05,2.70229587622961e-05,0.58151943374388,0.000405681024859507
PeriMac->Alpha,CPAMD8_SCTR,0.311652490173959,0.233094403425522,0.462615721793175,1.36668309254225e-08,0.000699461890556001,0.000154596,4.26939014020171e-08,-0.419023873,0.569876054402363,0.988899927185333,4.73092470519823e-08,0.000417627672087022,0.00164141777622889,2.83451040767271e-07
PeriMac->Alpha,MIF_CD44,0.450726317292173,0.464228381386799,0.666855592658925,6.61912147773325e-05,0.790342503040196,2.67E-05,9.3138623409682e-05,0.042583037385995,0.56512268959746,0.522539652211465,0.000117181941818743,8.53425177673452e-05,0.826635256611885,0.000296821687449782
PeriMac->Alpha,COL1A1_GP6,0.279581673862788,0.208743256987635,0.412805043253985,4.54206807693667e-09,0.00387366901586571,1.64E-05,6.04581913637422e-09,-0.421540201,0.562190797229545,0.983730997802226,1.71185499077436e-08,5.47728117176158e-05,0.00757994222361976,4.70353635563792e-08
PeriMac->Alpha,TGFB3_TGFBR2,0.320534197960223,0.190158029421791,0.271664376869794,2.3657600108587e-08,3.69939757381848e-08,0.075796532,0.000155732043323542,-0.753279426,-0.238652888,0.514626538205997,7.83658003596943e-08,0.11097630652198,2.75183258122638e-07,0.000471186668868634
PeriMac->Alpha,SERPINA1_LRP1,0.497002321339018,0.5159174798812,0.729215970141972,8.07886968762755e-05,0.76256034361456,9.40E-06,0.000273826016900494,0.0538877372188068,0.553093566266969,0.499205829048162,0.000141070191774972,3.31481903992989e-05,0.803656410036902,0.000779447386526644
PeriMac->Alpha,EFNA1_EPHA2,0.278521328165853,0.208521831353937,0.406884566246865,6.29276336263888e-09,0.000715037104964191,9.56E-05,1.79583757161788e-08,-0.417589371,0.546831747973626,0.964421118802629,2.30462884360799e-08,0.000270991640031881,0.00167374306527126,1.27679671250393e-07
PeriMac->Alpha,IFNB1_IFNAR2,0.335152794055806,0.200710111590125,0.327432310874915,2.89806564586157e-08,8.33997431308665e-08,0.840013054,2.36667844847587e-05,-0.739705658,-0.033622268,0.706083390384686,9.4422481119793e-08,0.872274492281307,5.66195636044194e-07,8.50072259044395e-05
PeriMac->Alpha,LAMB1_ITGB8,0.38214793541013,0.35577567383945,0.556363389680084,7.57574973511729e-07,0.253447865800202,1.32E-05,3.08852672584549e-07,-0.103163366,0.541896252235198,0.645059618327286,1.88695843869624e-06,4.47665269988063e-05,0.313383045093357,1.70472055021815e-06
PeriMac->Alpha,HLA-B_LILRB2,0.81763641369431,0.986699452368594,1.17562344062054,4.80923082320691e-05,0.0593986856628369,7.70E-07,0.00647200016780952,0.271151259294554,0.523894675886438,0.252743416591883,8.72602706066408e-05,3.43615819184669e-06,0.0866954999003196,0.0132102445438353
PeriMac->Alpha,SRD5A1_AR,0.32714782613507,0.207075071616042,0.370535061968598,3.2583149504409e-08,1.51591553877778e-05,0.079442485,2.06268028321433e-07,-0.659788794,0.179667379670424,0.83945617368199,1.04950144536301e-07,0.115769332975468,5.45752996747169e-05,1.18726953047935e-06
PeriMac->Alpha,VCAN_ITGB1,0.498436949431833,0.470627251791298,0.715181194170876,8.23837978228357e-06,0.49473833580656,2.53E-05,4.83757685289142e-06,-0.082826157,0.520897780014929,0.603723937417944,1.69566651829526e-05,8.12451331739488e-05,0.559927104635233,2.02717506216402e-05
PeriMac->Alpha,TIMP2_ITGB1,0.508821971698334,0.604747338749501,0.724939682206611,0.00051081805552127,0.107992938543861,2.67E-05,0.0138034890211713,0.249171545337182,0.510699991742663,0.261528446405481,0.000788500880672249,8.53425177673452e-05,0.147728131798964,0.025772407043532
PeriMac->Alpha,VCAN_CD44,0.373490924325047,0.284636156562984,0.531996279026025,1.16919512513138e-07,0.00608338887894039,0.000308205,7.87018420522194e-08,-0.39195425,0.510342967333316,0.902297217511789,3.36508859217077e-07,0.000777831744117284,0.0112859688668966,4.92374770397788e-07
PeriMac->Alpha,NDP_LGR4,0.260456478086314,0.16031012035253,0.235546630522281,3.98952609393222e-08,1.46509060438238e-07,0.179000937,3.55404267772673e-05,-0.700176811,-0.145029625,0.555147186152391,1.2627858637326e-07,0.237108880419568,9.30951305018997e-07,0.000122785592954944
PeriMac->Alpha,HSD17B12_AR,0.312934251745569,0.277793828222943,0.445174850494064,7.38729144184468e-06,0.148700969709102,9.56E-05,4.11819043909632e-06,-0.171845027,0.508512515427183,0.680357542914877,1.53198431679696e-05,0.000270991640031881,0.195777367035498,1.75809979020094e-05
PeriMac->Alpha,UBA52_FSHR,0.44554503201159,0.556954603483311,0.63329317355557,0.00023696915818541,0.00873117680662318,2.16E-05,0.0864568212424326,0.32198848503202,0.507302272501752,0.185313787469733,0.00038375838672804,7.01482592168555e-05,0.0156263271780854,0.129035650693478
PeriMac->Alpha,GNAI2_CNR1,0.331503857548649,0.37455123366096,0.469567509259071,0.000190597740398425,0.213228913707055,6.66E-06,0.00364047734323257,0.176137414931767,0.502306927984376,0.326169513052608,0.000313230395073381,2.42518072077051e-05,0.269402587980416,0.00786255444725016
PeriMac->Alpha,AGRN_PTPRS,0.289976623993802,0.239499671237945,0.409825187247845,1.25107434001424e-06,0.0329272323347812,0.000116123,9.60992340713517e-07,-0.275912928,0.49907204716301,0.774984974896528,2.97704628664613e-06,0.000322092132123383,0.0509953882149824,4.77323565185074e-06
PeriMac->Alpha,SORBS1_ITGB5,0.299350758187306,0.26019418367265,0.422817054921374,1.06038292639232e-07,0.0282790392048874,2.82E-05,6.84124449066769e-08,-0.202248211,0.498196645359856,0.700444856190478,3.06895809413204e-07,8.94486774922085e-05,0.0445510686882604,4.34707960551419e-07
PeriMac->Alpha,SORBS1_INSR,0.312140901102406,0.245599073490883,0.438518167520971,3.70779925637841e-09,0.000478502093069451,8.88E-06,4.26939014020171e-08,-0.345892292,0.490439200596839,0.836331493006229,1.41341853140571e-08,3.14692285770747e-05,0.00117367013519638,2.83451040767271e-07
PeriMac->Alpha,NTN4_UNC5A,0.392092072043917,0.222179668843907,0.336865555246999,5.58496323764104e-08,1.32741055854048e-07,0.236880052,6.32763558932208e-05,-0.819465664,-0.219019551,0.600446112126287,1.71257518345548e-07,0.30181903062027,8.54526272606321e-07,0.000209454168833202
PeriMac->Alpha,APP_SORL1,0.537927295423612,0.61169205546048,0.753533734380327,0.000248047005105317,0.102795460685681,7.86E-05,0.00192847479318629,0.185394342633057,0.486260903628352,0.300866560995295,0.000400516265124181,0.000226928464118593,0.141239660815442,0.00444827222325463
PeriMac->Alpha,CD274_PDCD1,0.36570863949498,0.220065473991518,0.351654255524154,5.69499689403258e-08,1.14957194620201e-06,0.670741345,3.09889629809608e-06,-0.732761888,-0.056537033,0.676224854675041,1.7400239445639e-07,0.726169366640487,5.59374393018904e-06,1.35838837728573e-05
PeriMac->Alpha,CDH1_ITGB1,0.583898975798582,0.674033196602436,0.817832235690813,0.000248322277057422,0.0635935480605985,2.04E-05,0.00918198415707848,0.207100866017694,0.486086148032959,0.278985282015265,0.00040082225502923,6.68534634450957e-05,0.0918978491571283,0.017937078160676
PeriMac->Alpha,APP_FPR2,0.359907415980544,0.369658975229226,0.502933829049626,4.08449155420821e-05,0.932584416326709,2.67E-05,4.42125525186979e-05,0.0385691122846228,0.482742766489781,0.444173654205159,7.50002701134924e-05,8.53425177673452e-05,0.945765104967987,0.000149743699581033
PeriMac->Alpha,TGFB1_TGFBR2,0.307762967990654,0.335342070811882,0.42729484523877,0.00225669065863843,0.637421019699264,0.000214275,0.00663852305543623,0.123813841627546,0.473412263745895,0.349598422118349,0.00315882509960673,0.000559248918801069,0.692991057314072,0.013491098706124
PeriMac->Alpha,ALB_B2M,1.09355928001434,1.9745747125378,1.51691574161058,1.92194692540205e-11,3.53228108625421e-11,2.16E-05,0.00309475434530216,0.852510527315591,0.472109523121385,-0.380401004,1.14628650384593e-10,7.01482592168555e-05,6.2222061555185e-10,0.00681167261278399
PeriMac->Alpha,HLA-E_KIR3DL1,0.548510781685515,0.709527072052282,0.760733005819098,0.00169630243560092,0.00691405575218244,0.000521839,0.3422959630811,0.371337751928257,0.471870220750831,0.100532468822573,0.00241869598277061,0.00125343903022104,0.012670788223253,0.42012325573954
PeriMac->Alpha,TGFB3_TGFBR3,0.324580232444946,0.202665764816914,0.317208221211583,6.94287830430204e-08,5.13390436329947e-07,0.906963647,1.02402451229007e-05,-0.679472734,-0.033144977,0.646327756796006,2.08308680677161e-07,0.928157640989997,2.78262986059602e-06,4.00675362862489e-05
PeriMac->Alpha,GNAI2_ADCY7,0.320952434756211,0.399019357814761,0.44453584701209,0.0187279076375285,0.0756558982955459,0.004950736,0.184239845035576,0.314099232046294,0.469940254894302,0.155841022848008,0.0228926644532651,0.00964302819181682,0.107464324547107,0.249903922421383
PeriMac->Alpha,EFNB3_EPHB1,0.333532728748129,0.200820583158054,0.303414349736255,8.86805966765436e-08,2.89737541108592e-07,0.193307203,5.29369989736108e-05,-0.731921187,-0.136539018,0.595382169592676,2.59802954082537e-07,0.253325314949878,1.68811479291752e-06,0.000177114894700804
PeriMac->Alpha,HLA-DRA_CD4,0.42822847967793,0.703868013617758,0.457615819275092,8.9902805443077e-08,9.21871081508609e-08,0.551573389,0.000145542695298858,0.716924178268932,0.0957561786383346,-0.621168,2.62805819233163e-07,0.617656251257239,6.18648449518871e-07,0.000444102800702566
PeriMac->Alpha,A2M_LRP1,0.423380083168043,0.513495624813475,0.586185168994299,0.000271079239163056,0.0278469408319383,4.28E-05,0.0155069557543906,0.27839858061591,0.469403063028606,0.191004482412696,0.000434546682061004,0.000130956888673212,0.0439074144828127,0.0285078603226164
PeriMac->Alpha,CALM2_INSR,0.415581866151189,0.464228720124805,0.573746305647986,0.00315173176708584,0.22686219403014,0.000269248,0.0237813176082348,0.159703075473446,0.465280254240864,0.305577178767418,0.00431138787555019,0.000688095781076006,0.284164166229776,0.0417056083191603
PeriMac->Alpha,VEGFB_TYRO3,0.349168499543445,0.351221057318413,0.481750035103339,0.000693186212982732,0.794999942887348,0.00020461,0.000957502079068549,0.00845593245362377,0.464361359313424,0.4559054268598,0.00104968197965957,0.000537030030728485,0.83061821989843,0.00238876153879418
PeriMac->Alpha,CCL3L3_CCR1,0.328660717461612,0.2508930559488,0.451947351143691,6.21530657220408e-08,0.00524494861075324,0.000269248,3.88198914524618e-08,-0.389526489,0.459555685487878,0.849082174161864,1.88234999043895e-07,0.000688095781076006,0.00992793844178293,2.59021421651333e-07
PeriMac->Alpha,LAMB1_SV2C,0.360563547319925,0.309293862735262,0.492831975474225,1.66585107013657e-07,0.0278469408319383,6.77E-05,7.87018420522194e-08,-0.221275342,0.450842312765296,0.672117654392195,4.66918833600778e-07,0.000198142967476481,0.0439074144828127,4.92374770397788e-07
PeriMac->Alpha,COL6A1_ITGAV,0.337496884354171,0.440233677068213,0.461128129863332,0.00160554554125679,0.0206544709435116,7.11E-05,0.321364427440758,0.383395328175456,0.450293491162253,0.0668981629867966,0.0022984236968759,0.00020744686503598,0.0337475748749477,0.398681657024524
PeriMac->Alpha,CALM3_GP6,0.357603768878415,0.309700455397635,0.485102699998156,7.28197742731081e-07,0.274097299519721,4.07E-05,1.24991947511751e-07,-0.207488436,0.43992826675035,0.647416703244535,1.82059194430328e-06,0.000124890528167116,0.33553538187926,7.49578524046716e-07
PeriMac->Alpha,TGFA_ERBB2,0.286181701463874,0.181893574742152,0.307250654538144,1.21539652385999e-07,1.6911564186494e-05,0.121512752,1.0466709336613e-06,-0.653836844,0.102484654939731,0.756321499008644,3.48264481439109e-07,0.168721487840779,6.01414680639023e-05,5.15216172516762e-06
PeriMac->Alpha,OMG_RTN4R,0.306309411297218,0.197530496069407,0.305223741859568,1.23054964638156e-07,1.46612868826601e-06,0.932265629,6.92189589909172e-06,-0.632914288,-0.005122507,0.627791780815996,3.52103285320467e-07,0.948432084915678,6.90012533004307e-06,2.80728021507511e-05
PeriMac->Alpha,B2M_LILRB2,0.656680898210531,0.813235653702209,0.889333426820711,0.000626005240335187,0.040523194677234,2.16E-05,0.0669445708729144,0.308480976295532,0.437531921595449,0.129050945299917,0.000953367654179041,7.01482592168555e-05,0.0615134841251812,0.103335918765935
PeriMac->Alpha,HLA-DPA1_CD4,0.347371355743111,0.568356447465041,0.469767587336236,2.30220296635714e-07,6.8192729278233e-08,0.002228756,0.0532494364152656,0.710317210795198,0.435468379477751,-0.274848831,6.28473786074902e-07,0.00470358235389857,4.78992303243492e-07,0.0849804521610945
PeriMac->Alpha,CCL5_CCR1,0.319078646233833,0.190592043440072,0.430750549976402,5.15887863315264e-12,1.33866970118516e-06,0.001103953,8.71011915471556e-11,-0.743424166,0.43294057522299,1.17636474127747,3.44466856764838e-11,0.00248736045109713,6.37748262137648e-06,9.94467459916606e-10
PeriMac->Alpha,THBS4_ITGB1,0.413704565112956,0.384232898019141,0.552803907419322,2.57789338910186e-05,0.195985133033579,0.000478723,7.48993149890008e-06,-0.106619829,0.418166934985707,0.524786764275932,4.89149502309645e-05,0.00115837425255275,0.250088826393601,3.01667016501468e-05
PeriMac->Alpha,EFNA1_EPHB1,0.339715970383493,0.238431051021999,0.451437039751664,3.50486112860779e-09,5.02513916960508e-05,0.001705151,2.07788495650537e-08,-0.510756909,0.410195751031176,0.920952660462998,1.34464228925588e-08,0.00368822514183182,0.00015841330913848,1.45952642125618e-07
PeriMac->Alpha,CALM1_SCTR,0.28685624907685,0.289586256219498,0.381025853704609,0.0085912596383213,0.918184478931042,0.003001801,0.00734380755935352,0.0136651865997469,0.40956094381354,0.395895757213793,0.0110217672818403,0.00615537536226409,0.934945441114187,0.0147002225136587
PeriMac->Alpha,CD99_CD99,0.696865952583307,0.759532244653214,0.923285549178762,0.00120655674224921,0.217706037654562,0.000521839,0.00293013626497563,0.124230043507992,0.405895736427659,0.281665692919667,0.00176103290434997,0.00125343903022104,0.274279027450264,0.00648607287130818
PeriMac->Alpha,GNAI2_IGF1R,0.436452932334064,0.494437912801908,0.578203574416547,0.0041074868020756,0.173975082001426,0.000245859,0.0512118497732704,0.179963290830226,0.405751446591071,0.225788155760846,0.00551369073100607,0.00063274431035849,0.22530050880318,0.0821644538502005
PeriMac->Alpha,LGALS3BP_ITGB1,0.491354218945805,0.522043552366426,0.645978448547863,0.00898333508950983,0.748780689138819,0.001295614,0.0155069557543906,0.0874067274965652,0.394722589693524,0.307315862196959,0.0114805520913752,0.00288230086328637,0.791459067227977,0.0285078603226164
PeriMac->Alpha,PDGFB_ITGAV,0.27488786776708,0.247931201734895,0.361376541264001,9.61536186141677e-06,0.0234573602080296,0.000294677,1.44833688640086e-05,-0.14890339,0.394659620914158,0.543563011301686,1.95791520286609e-05,0.000746333328925524,0.0378106542285294,5.48521578414423e-05
PeriMac->Alpha,COL1A1_CD36,0.294546599422623,0.23479857837969,0.384548378094356,4.07015292703104e-06,0.00272620697398809,0.003867628,6.92189589909172e-06,-0.327072222,0.384669209652403,0.711741431929084,8.81299593856675e-06,0.00772862741673955,0.00553911101140512,2.80728021507511e-05
PeriMac->Alpha,HGF_SDC2,0.35132779729275,0.311618258425489,0.458082743897484,9.93325676734804e-06,0.0569938463727775,0.000544707,4.83757685289142e-06,-0.173037961,0.382790488122097,0.555828449008017,2.01560624593915e-05,0.00130517119273822,0.0834597486601678,2.02717506216402e-05
PeriMac->Alpha,GNAS_ADCY8,0.415588744820358,0.462078583535479,0.539595740618232,0.0113181841914762,0.208818631635065,0.002788739,0.0371453979305794,0.15298164153872,0.376722376407115,0.223740734868395,0.0142543852643605,0.00577048754446664,0.264500876226807,0.0619621373205373
PeriMac->Alpha,EFNB3_RHBDL2,0.282737325895966,0.16774288099383,0.232511982535931,2.4539111587798e-07,1.51397996538103e-07,0.067268895,0.00140571684095931,-0.753210812,-0.282157286,0.471053525459698,6.66766189603787e-07,0.100125139717424,9.58100754211279e-07,0.00337022905277505
PeriMac->Alpha,UBA52_TGFBR2,0.479276292239387,0.594367238191475,0.619738193513628,0.00302026672570148,0.00597236263488891,0.001640234,0.501386078125951,0.310497017707921,0.370801303716529,0.0603042860086089,0.00414553384598932,0.00356064770055855,0.0111153628607829,0.57711368913609
PeriMac->Alpha,LRFN5_PTPRS,0.270471084359347,0.168240807342553,0.248640846735567,2.49653815919226e-07,2.54753168880505e-07,0.249869073,0.000322080592660988,-0.684946684,-0.121411044,0.563535640822996,6.77165104650928e-07,0.315567114770411,1.51359080211296e-06,0.000901941689685289
PeriMac->Alpha,CDH1_CDH1,0.464390758253152,0.453877013773091,0.599583318371254,0.000707721451070736,0.856153932561194,0.000829591,0.000343524328260826,-0.033037836,0.368620982724072,0.401658818332366,0.00107099703043281,0.00192402357249335,0.882063605360152,0.000955110263492394
PeriMac->Alpha,LTF_GP9,0.280202411288667,0.200947360870562,0.30699862924946,2.73629235922289e-07,4.41401267137553e-05,0.14665964,1.0922217921166e-06,-0.479651739,0.131762842549843,0.611414581511433,7.34718915567966e-07,0.199248633792612,0.0001414911003388,5.34255106285454e-06
PeriMac->Alpha,CXCL12_ITGB1,0.482318079818892,0.554530699576551,0.622481196592774,0.037803021816251,0.231541881199763,0.008780664,0.112210959808714,0.201282440862422,0.368045366490523,0.166762925628101,0.0443946352136459,0.0162286578019567,0.28917159831723,0.16235517808216
PeriMac->Alpha,CD14_ITGA4,0.378080594325265,0.396599397468537,0.486655424456984,0.00845378393466667,0.65477537171414,0.002228756,0.0103717188031511,0.068988683307432,0.364206832881917,0.295218149574485,0.0108558502949574,0.00470358235389857,0.708555065817807,0.0200056643911897
PeriMac->Alpha,UCN3_CRHR1,0.279819964701744,0.165368939954065,0.254241504209399,3.04234213332786e-07,1.14957194620201e-06,0.565893974,4.42125525186979e-05,-0.758810608,-0.138299334,0.620511273389992,8.0944002908392e-07,0.630890282314096,5.59374393018904e-06,0.000149743699581033
PeriMac->Alpha,GNAI2_UNC5B,0.336542607752149,0.44852999675508,0.431058801746084,0.00933661715398607,0.00743320897645533,0.009071223,0.993294752319972,0.414415303908966,0.357095515384919,-0.057319789,0.0119043144904841,0.0167159951193148,0.0135186144145789,0.995322102228026
PeriMac->Alpha,COL1A1_ITGB8,0.314181836380131,0.241398138110465,0.402387705824391,7.99894972381149e-07,0.0012263166848615,0.004153058,1.35011222816657e-06,-0.380185227,0.356986448745989,0.737171675963484,1.98283824139552e-06,0.00823723716654879,0.00270299670046978,6.41888219385205e-06
PeriMac->Alpha,PYY_FAP,0.406196108575083,0.324872125512685,0.520218086084019,3.32880986435845e-07,0.00125250749799089,0.004302721,3.52903814262704e-07,-0.322304454,0.35694013816831,0.679244592020919,8.81133326184326e-07,0.00850334260958067,0.002754217336459,1.929593657352e-06
PeriMac->Alpha,TULP1_TYRO3,0.285595723893661,0.191790732722651,0.314277294362788,3.40723177196065e-07,5.84818830745723e-06,0.301650958,1.02402451229007e-05,-0.574441365,0.138063666188894,0.712505030973973,9.0035858268694e-07,0.370431824194327,2.33327205012665e-05,4.00675362862489e-05
PeriMac->Alpha,MAG_MAG,0.304658787077056,0.214168607470067,0.390009531705799,7.66601558026115e-07,0.000684202449387577,0.013276501,1.13967726462445e-06,-0.508447322,0.356315030687252,0.864762352967616,1.90587935321631e-06,0.0234373965528495,0.00160842753222967,5.55138878559626e-06
PeriMac->Alpha,CALM2_SELL,0.344672734736354,0.357646439582713,0.441163835794481,0.0190252554190826,0.818393714766867,0.004457186,0.0208291448201336,0.0533069000932156,0.356087351455353,0.302780451362137,0.0232317819805214,0.00877514350821991,0.849919457954279,0.0371357536089843
PeriMac->Alpha,CALM3_INSR,0.422921266693627,0.398255176227918,0.540199590742311,0.000509690776556902,0.628817065331259,0.000977574,0.000203593601229055,-0.086695995,0.353103437670024,0.439799432941364,0.00078689102345627,0.00222899250379457,0.685234297360979,0.000599091833521963
PeriMac->Alpha,IGFBP4_LRP6,0.37492607509344,0.522217961924123,0.476454798777679,0.00135664320238403,0.000870439650431353,0.004302721,0.859915686726938,0.478045914921102,0.345733186813905,-0.132312728,0.00196315407232903,0.00850334260958067,0.00199152834418044,0.89085889891036
PeriMac->Alpha,BMP5_BMPR2,0.27525200304118,0.170095133801069,0.240909104664975,3.60653952658983e-07,2.46666342833288e-07,0.272592377,0.000587789251693854,-0.694411191,-0.192264143,0.502147047833811,9.49528667909398e-07,0.339530203047709,1.47022597185234e-06,0.00155543209639724
PeriMac->Alpha,ALOX12_FPR2,0.279235399402384,0.177415238115452,0.257563198617935,3.65459662590768e-07,7.46989681977471e-07,0.632421601,9.98332775377449e-05,-0.654351917,-0.116555375,0.537796541773898,9.61367098885135e-07,0.691704681593385,3.84967942181539e-06,0.000316534606686637
PeriMac->Alpha,PODXL2_SELL,0.252212530101339,0.158812280973922,0.249661211492788,3.94649616884194e-07,8.45787976448471e-06,0.431146972,7.20055866116455e-06,-0.667317468,-0.014668257,0.652649211087377,1.03291010838826e-06,0.502591721289876,3.24181783234696e-05,2.91143524886619e-05
PeriMac->Alpha,HLA-C_LILRB2,0.463510297058374,0.46643100983523,0.587482737568682,0.00137284690568346,0.633112838348884,0.001018152,0.000929203727417281,0.00906231749011648,0.341945070660541,0.332882753170425,0.00198572118719419,0.00231190976093375,0.688788961525355,0.00232687580385192
PeriMac->Alpha,ALDH1A2_RXRA,0.337017144597424,0.224092647495219,0.308528311646963,4.66179989975984e-07,6.80463616186507e-07,0.212332732,0.000273826016900494,-0.588726669,-0.127419103,0.46130756583742,1.20291201839446e-06,0.274897948723447,3.54601374960209e-06,0.000779447386526644
PeriMac->Alpha,BTC_ERBB2,0.287988339862392,0.185658219500416,0.257961331086454,4.80376819113972e-07,1.60521424727952e-06,0.216292771,8.68695446365426e-05,-0.63336121,-0.158855581,0.474505628928931,1.23714935634874e-06,0.279443069896917,7.48297776043147e-06,0.000278268925951123
PeriMac->Alpha,APP_CD74,0.442245102153343,0.541301499656294,0.559151585269015,0.024118727473293,0.0257708237190897,0.013693619,0.596497149330572,0.291586219180868,0.338393282949248,0.0468070637683796,0.0290371050427048,0.0240962228337957,0.0410920545766543,0.665326486781726
PeriMac->Alpha,EFNB3_EPHB4,0.273971974808302,0.198398466875804,0.345595820128088,2.91271333624897e-07,0.00171264000994,0.007957595,1.369948642761e-07,-0.465627445,0.335057443269832,0.800684888228811,7.77390271832057e-07,0.0148724594417095,0.00365237906097858,8.14979651764962e-07
PeriMac->Alpha,ANGPT4_TIE1,0.311797836612526,0.211186921524137,0.346932320862783,5.98769865467978e-07,3.39679122209843e-05,0.32736699,3.09889629809608e-06,-0.562090422,0.154043332548667,0.716133754761688,1.52188700411044e-06,0.396684759941675,0.000112239704285278,1.35838837728573e-05
PeriMac->Alpha,SST_SSTR5,0.419125419019299,0.384199454812595,0.527056905297537,0.00179264459031314,0.124840034691087,0.015014204,0.000729195477000858,-0.125526548,0.330576714163796,0.456103262411255,0.00254749980780636,0.0261487106075991,0.167869085137446,0.00187639597502455
PeriMac->Alpha,LAMB1_ITGAV,0.363716940608305,0.411316725423595,0.456896998563488,0.042193850892359,0.50240713402026,0.00373161,0.120013265575885,0.177433614230742,0.329052841621122,0.15161922739038,0.0491709860607756,0.00748247111029686,0.567573422083201,0.172520225195232
PeriMac->Alpha,TGFB1_CD109,0.273962750943621,0.320899172151688,0.34337629887355,0.108953837660858,0.310046593331595,0.019660855,0.305234185730567,0.228140315012268,0.325810709451842,0.0976703944395741,0.120947447066582,0.0333326885683567,0.372935476801691,0.381767831120237
PeriMac->Alpha,COL1A2_ITGB1,0.711129828053657,0.794140680556552,0.889635896785174,0.00806097411192827,0.0861540973720025,0.001458706,0.0928064074922973,0.159281629758859,0.323102030734022,0.163820400975163,0.0103800064213234,0.00321521952428973,0.120848935381359,0.137434222747761
PeriMac->Alpha,CALM2_CACNA1C,0.385778730516579,0.43238154298905,0.481024969639098,0.0509900305655125,0.295867564785821,0.006966474,0.178747690149067,0.164531335675784,0.31833818021226,0.153806844536476,0.0588074932140332,0.0131545087152267,0.358375879018587,0.243908492350863
PeriMac->Alpha,CDH1_LRP5,0.358212458232756,0.360089280377674,0.446467412007626,0.011091479124024,0.894246415517436,0.011352889,0.00405145786985008,0.00753913852594688,0.317739361463718,0.310200222937771,0.0139944971282153,0.0204124413940893,0.914942477124783,0.00865399565146819
PeriMac->Alpha,ARF1_PLD2,0.369008989448672,0.371491914073223,0.459824082507934,0.0190174759013853,0.990357949177963,0.015954861,0.00753031769002965,0.00967484695954125,0.317426063684704,0.307751216725162,0.0232253227557112,0.027637314724402,0.992166142190102,0.015018773447209
PeriMac->Alpha,LTF_TFRC,0.289593227472656,0.216186137625968,0.360854897626377,2.73153102638795e-08,0.000309380063469843,0.000645683,1.14009423738741e-07,-0.421753845,0.317390971133811,0.739144815923186,8.94025312777079e-08,0.00152711234439193,0.000790731732927627,6.91020080984387e-07
PeriMac->Alpha,PSEN1_CD44,0.348317672309323,0.294930608660987,0.433356623021711,4.86461266828981e-05,0.0227273400193548,0.005125763,2.95731427651784e-05,-0.240028114,0.315151081173882,0.555179195255433,8.81965150044847e-05,0.0099569179316671,0.0367737428795388,0.00010392703994518
PeriMac->Alpha,TPH1_HTR5A,0.237317804929266,0.156832159546875,0.22249838372431,7.93656653072328e-07,5.82079217730331e-07,0.26793962,0.000729195477000858,-0.597598916,-0.093025487,0.504573428716541,1.96894395209007e-06,0.334987370553601,3.09557294355104e-06,0.00187639597502455
PeriMac->Alpha,SRD5A2_AR,0.282516926921432,0.184740497616781,0.350629242475549,7.67985211680411e-09,5.02513916960508e-05,0.002145998,5.67002539001472e-08,-0.612837147,0.311609012095051,0.92444615890995,2.77128280640421e-08,0.00454228862023357,0.00015841330913848,3.66528044615782e-07
PeriMac->Alpha,COL1A2_GP6,0.414688053240858,0.339595157355015,0.514627546040324,1.68844698931349e-05,0.0488584901367702,0.002402975,4.64720456806373e-06,-0.288210598,0.311502195196752,0.599712793500546,3.29701350561361e-05,0.00503734767221503,0.0728271006704686,1.95707107046946e-05
PeriMac->Alpha,TGFB3_ENG,0.325465519994894,0.223359072521314,0.350984470489103,8.96156527645351e-07,1.83508337767965e-05,0.573119738,9.11158834867156e-06,-0.543139854,0.108902487202469,0.652042340707016,2.20156652353854e-06,0.636947674314381,6.46681441140754e-05,3.60029397058817e-05
PeriMac->Alpha,PCSK9_VLDLR,0.29970682893153,0.197209366765327,0.309225174605296,9.59807078559616e-07,0.000112878764281251,0.388728513,1.35011222816657e-06,-0.603823878,0.0451058198541134,0.64892969753514,2.34128672301362e-06,0.460452009117482,0.000322293576129634,6.41888219385205e-06
PeriMac->Alpha,CALM1_GP6,0.275699350997743,0.263339448554668,0.342119233515127,0.0189026056946912,0.490927531158764,0.027745179,0.00663852305543623,-0.066172216,0.311403340662757,0.377575556671343,0.0230971320304008,0.0455325520367649,0.556491920117748,0.013491098706124
PeriMac->Alpha,GNAI2_ADORA1,0.321962855556155,0.394768737774227,0.399491863357283,0.0679552110456564,0.124840034691087,0.017461567,0.414971332464943,0.294113488628346,0.311271862465682,0.0171583738373361,0.077152654410161,0.0299414520018153,0.167869085137446,0.493920197681892
PeriMac->Alpha,ESAM_ESAM,0.258987105117483,0.165611454290775,0.230994281099138,1.22817305297448e-06,1.01706964484751e-06,0.382880504,0.000606293408913473,-0.645077807,-0.165023134,0.480054673394368,2.92852715699028e-06,0.454679737364685,5.03835668992966e-06,0.00159940749953192
PeriMac->Alpha,LRFN5_PTPRF,0.318700772094966,0.240711378394985,0.395055445366488,2.13005908497528e-07,0.000179467711901051,0.007447466,9.60992340713517e-07,-0.404898173,0.309852632204077,0.714750805550012,5.84559904226225e-07,0.0139919353526929,0.000488068459653938,4.77323565185074e-06
PeriMac->Alpha,HLA-A_ERBB2,0.427759298323205,0.44525927015512,0.529037390302895,0.00482179554086207,0.339729324989719,0.001842018,0.00753031769002965,0.0578464326346769,0.306570474045131,0.248724041410453,0.00641164772703655,0.00395906552635103,0.403847985663833,0.015018773447209
PeriMac->Alpha,VEGFB_NRP1,0.318243700493182,0.390818982688796,0.392888560065818,0.0103554800075782,0.0164473092348605,0.003599894,0.724116189339906,0.2963685852815,0.30398820303067,0.00761961774917,0.0131173163376819,0.00726049972509191,0.0275292482581694,0.778264294753156
PeriMac->Alpha,LAMA3_ITGB8,0.301860342176519,0.203793999196023,0.257951992026739,1.39086962835197e-06,7.46989681977471e-07,0.155860771,0.00187444994072733,-0.566769657,-0.226778642,0.339991014878825,3.27958339061355e-06,0.210279038994099,3.84967942181539e-06,0.00433975404495024
PeriMac->Alpha,SST_SSTR4,0.497938533593462,0.469586515983522,0.614664703869066,0.00867281062809511,0.181754686691709,0.040594014,0.00318018700500207,-0.084576682,0.30383197798254,0.388408659736681,0.0111126342773175,0.0641363417790602,0.234089076846829,0.00697666612950594
PeriMac->Alpha,VCAN_SELL,0.285518972173422,0.197279267398945,0.351827552107516,6.65390905065874e-08,9.25115062224693e-05,0.007203418,3.52903814262704e-07,-0.533347263,0.30128185272976,0.834629116104852,2.00412217063432e-07,0.0135716988196554,0.000272051491186379,1.929593657352e-06
PeriMac->Alpha,SLURP1_CHRNA7,0.289017312753514,0.19795577083288,0.31578900082243,1.49109215880446e-06,6.66359750098186e-05,0.172146345,8.4262818584598e-06,-0.545977788,0.127805005630178,0.673782793540442,3.49676715785186e-06,0.229135432259719,0.000203845310034988,3.36186301008182e-05
PeriMac->Alpha,RTN4_TNFRSF19,0.400701269070393,0.330621257793996,0.490104018919818,2.58351294566609e-06,0.0206544709435116,0.001196293,1.0029513358252e-06,-0.27734759,0.290560897466287,0.567908487799526,5.77775323835371e-06,0.00268052498148891,0.0337475748749477,4.95525956598381e-06
PeriMac->Alpha,COL6A2_GP6,0.335181640818162,0.279567801842747,0.408761622541369,0.000121432336203448,0.0115459536434324,0.016946205,0.000106980377832393,-0.261744915,0.28631662208125,0.548061537123162,0.000206061639458934,0.0291757474985156,0.0200971553621827,0.000337246692943753
PeriMac->Alpha,OLFM2_ROBO2,0.323199728976016,0.220486688764389,0.337190068024341,1.60256257411704e-06,8.79915086711619e-05,0.224369642,5.90698286481979e-06,-0.551734426,0.0611360536609802,0.612870479937947,3.72971648986122e-06,0.288320707841844,0.000259906520862761,2.43698965780801e-05
PeriMac->Alpha,VCAN_ITGA4,0.271186273979452,0.194642674070969,0.329907187537768,2.55668597139666e-06,0.00112653155768515,0.026977651,2.6301830646217e-06,-0.478456111,0.282776049939182,0.76123216075881,5.7218730185192e-06,0.0444528407955602,0.00251334282948745,1.17276996303973e-05
PeriMac->Alpha,CALR_MTNR1A,0.548130423337933,0.708493720897191,0.66534213532207,0.0024011628016929,0.00554628868793665,0.000702357,0.827038859950415,0.370235854552764,0.279577188292378,-0.090658666,0.00334949104444316,0.00165107780470445,0.0104179985664666,0.864028039800864
PeriMac->Alpha,F8_LRP1,0.287970148974516,0.186172478146172,0.250380581340521,1.82446036123911e-06,7.0197795063538e-07,0.159021942,0.00318018700500207,-0.629279451,-0.201796593,0.427482858906436,4.20626946357846e-06,0.213925105175138,3.6418522377791e-06,0.00697666612950594
PeriMac->Alpha,ARF1_CHRM3,0.407820780760107,0.403496409553091,0.493463373556001,0.0293445287996497,0.837226951907048,0.02408575,0.0116967260085579,-0.015379455,0.27500771591435,0.290387170548091,0.0349140005922362,0.0400698902501417,0.86639150292755,0.0222033089556019
PeriMac->Alpha,COL1A2_CD44,0.533891233646235,0.489394608154142,0.642985680218555,0.00387833124309446,0.31293537461957,0.014562216,0.00114474400172458,-0.125547653,0.26824074701031,0.393788400501175,0.00523118715247019,0.0254291937501728,0.376022307671177,0.00280487839455921
PeriMac->Alpha,HLA-B_KIR3DL1,0.929760853270804,1.1207730633193,1.11567904169214,0.0173007366520953,0.0151385545616434,0.012090899,0.853318943160565,0.269562598379219,0.262990463500194,-0.006572135,0.0212735659755794,0.0215647998424748,0.025600514313091,0.885795582216976
PeriMac->Alpha,MPZL1_MPZL1,0.374633066350282,0.290853440267574,0.44821015677356,3.16322054078661e-05,0.00666689654000484,0.047458121,1.24236335954433e-05,-0.365185872,0.258697098898551,0.623882971286639,5.9202490378125e-05,0.0735364368158267,0.0122539528916582,4.76903926659649e-05
PeriMac->Alpha,RARRES2_GPR1,0.33909506897589,0.301794954401949,0.405234690659204,0.00499889568690776,0.208818631635065,0.039534964,0.00117905991687372,-0.168121119,0.257067877320603,0.425188995867186,0.00662600808323798,0.0626265394087703,0.264500876226807,0.00288063669580882
PeriMac->Alpha,GDF1_ACVR1B,0.300124215612956,0.206971789648944,0.323789003084833,2.45456547101821e-06,5.86443523602453e-05,0.530427783,1.1501689057764e-05,-0.536125585,0.109494259643463,0.645619844277135,5.50918833341141e-06,0.598503732723284,0.000181823109832588,4.45732262280109e-05
PeriMac->Alpha,COL6A2_ITGB1,0.57950537508877,0.635690295255222,0.690237385902578,0.0398529419570633,0.479590374996815,0.00373161,0.11412299910194,0.133502020793899,0.252270574654278,0.118768553860379,0.0466375915914549,0.00748247111029686,0.545496770877977,0.164763865597105
PeriMac->Alpha,COL6A2_CD44,0.438047298475855,0.391901824096122,0.517067434109187,0.0024579380008176,0.152129423379785,0.006296529,0.00172060743448244,-0.160594366,0.239265789216512,0.399860155173166,0.00342408089480683,0.0119914305233836,0.199586956580399,0.00402150492329045
PeriMac->Alpha,GNAI2_CXCR3,0.374749321278887,0.42483656592311,0.440987826092133,0.147452677700509,0.22686219403014,0.043914461,0.414971332464943,0.180982079347178,0.234812963459768,0.0538308841125902,0.161474357547588,0.0686682544126086,0.284164166229776,0.493920197681892
PeriMac->Alpha,COL6A3_ITGB1,0.538913086772346,0.610810772030643,0.634075021081784,0.068854031516038,0.0797226057358056,0.027745179,0.534016064213057,0.180672883832311,0.234600922610517,0.0539280387782057,0.0781160795404527,0.0455325520367649,0.112610458669553,0.607994854995654
PeriMac->Alpha,AGRN_LRP4,0.321142609116377,0.236358941597095,0.359548835087953,2.64046678300161e-06,0.000324102878696663,0.061022541,6.3952033937265e-06,-0.442234649,0.162973640849505,0.605208289670853,5.89523076875037e-06,0.0918151169137052,0.000823768842638276,2.61642356388951e-05
PeriMac->Alpha,GNAI2_S1PR5,0.361018056578278,0.376075868911247,0.423939548542604,0.0516125398513762,0.60752850344059,0.009071223,0.0775948741624135,0.0589527416186199,0.231787562101925,0.172834820483305,0.0594739680955698,0.0167159951193148,0.666238640970353,0.117272356802818
PeriMac->Alpha,THBS4_CD36,0.274799396394422,0.189781628440668,0.30320198166383,2.70316430758366e-06,0.000137424419559335,0.232656973,7.79040481984981e-06,-0.534038492,0.141900346962612,0.675938838910354,6.0222394700598e-06,0.297168867710277,0.000383915838768935,3.12958209128161e-05
PeriMac->Alpha,MMP7_CD151,0.644274261782363,0.492104602585869,0.755231269913568,2.33614859648939e-06,0.00214386944232527,0.001842018,5.90698286481979e-06,-0.388709951,0.229243538109611,0.617953489010955,5.27386111037102e-06,0.00395906552635103,0.0044638424459844,2.43698965780801e-05
PeriMac->Alpha,CDH15_CDH15,0.270969332861515,0.178640278690536,0.253170215122314,2.79650689282712e-06,1.08815058374243e-05,0.77418661,8.99525080241273e-05,-0.601072173,-0.098021897,0.503050275735472,6.2123877819222e-06,0.816832111214045,4.05524116865737e-05,0.000287453578228523
PeriMac->Alpha,COL6A1_ITGA6,0.410506874487177,0.399129759700478,0.480247209336364,0.0463059535120557,0.49856489514425,0.031867197,0.0253889849762867,-0.04054853,0.226370847997592,0.26691937764406,0.0536507184648435,0.0515177144195235,0.563779044963701,0.0441844126602242
PeriMac->Alpha,RTN4_RTN4R,0.405005111644818,0.354162842539215,0.472232243037879,0.000721232933565332,0.0481698556559813,0.031867197,0.000265026740733076,-0.193527258,0.221556432012335,0.415083690355167,0.00108949972539229,0.0515177144195235,0.0718810452022066,0.000757636971363203
PeriMac->Alpha,CDH1_IGF1R,0.456439162596576,0.366242736924133,0.529091683900494,3.01098114037718e-05,0.0399352361620215,0.008498337,5.67645430911706e-06,-0.31762243,0.213095161115097,0.530717591600733,5.65802418965317e-05,0.0157756196764337,0.06070988965439,2.35019821551016e-05
PeriMac->Alpha,LTF_LRP1,0.278831021992645,0.206302693169997,0.322735515244943,1.30189826562337e-07,4.77164024338427e-05,0.029336066,8.45010877567847e-07,-0.434628424,0.210961265884613,0.645589689637277,3.70812428144574e-07,0.0479073576057285,0.000151291163121307,4.26068187348804e-06
PeriMac->Alpha,PROS1_TYRO3,0.322260274327343,0.21608017614762,0.284524677015807,3.61892122797458e-06,3.57756805731973e-06,0.249869073,0.000901681955746287,-0.576659632,-0.179672571,0.396987061220647,7.88353508046401e-06,0.315567114770411,1.50593659019307e-05,0.00226525431812587
PeriMac->Alpha,CCL13_CXCR3,0.307721251050812,0.198142664301166,0.287095745797793,3.92051475771899e-06,1.18274426848991e-05,0.647640094,0.000145542695298858,-0.63508452,-0.100092126,0.534992394110949,8.50082790795043e-06,0.705911053980635,4.37282542071895e-05,0.000444102800702566
PeriMac->Alpha,CALM3_SELL,0.356832383228237,0.305646881227884,0.411175904241517,0.00175746202799874,0.157384485002937,0.026977651,0.000378206997615815,-0.223380702,0.204509172999041,0.427889874736635,0.00250016864376579,0.0444528407955602,0.205931052897657,0.00104138730593138
PeriMac->Alpha,SST_SSTR2,0.422188878843113,0.433346516785825,0.48462034892029,0.043453520224202,0.301486222266356,0.046251436,0.0248429469194301,0.0376325320832451,0.198966407327837,0.161333875244592,0.050521555110477,0.0718456949902932,0.364094184528815,0.0434285998621522
PeriMac->Alpha,GNAI2_LPAR3,0.338657272357197,0.410626863295425,0.388710719572572,0.0330305072548282,0.0153927166568968,0.049949896,0.781528214813522,0.278002034543825,0.198870916583296,-0.079131118,0.039010961214616,0.0769754878849425,0.0260020392929253,0.825418386297615
PeriMac->Alpha,APOC3_SDC2,0.372584263347612,0.280403846886693,0.426290267710086,1.05991284784848e-05,0.00554628868793665,0.031867197,3.64716436842723e-06,-0.410060598,0.194269376992682,0.60432997495506,2.14279736556797e-05,0.0515177144195235,0.0104179985664666,1.57357767015214e-05
PeriMac->Alpha,VEGFA_ITGB1,0.614985072031905,0.706949069596551,0.698951109871805,0.117010774066569,0.170179818598671,0.041676686,0.382116301022304,0.201054891745833,0.184640154111426,-0.016414738,0.129398518137873,0.065624600208345,0.220906950722015,0.461289097442223
PeriMac->Alpha,SELPLG_ESAM,0.288727872951435,0.182152967142255,0.228993925001976,5.53515096900487e-06,2.82892917384879e-06,0.165487536,0.00326776394860928,-0.664559889,-0.334401061,0.330158828090458,1.17398563526324e-05,0.221536702117692,1.22565031740183e-05,0.00714694070636047
PeriMac->Alpha,LAMC1_ITGB1,0.536109542906218,0.588634602333072,0.591250577301591,0.173677722104575,0.428620057311461,0.036495697,0.321364427440758,0.134844536284343,0.141241871138627,0.0063973348542839,0.188489330051364,0.0582532268511536,0.49565296357811,0.398681657024524
PeriMac->Alpha,HLA-DPB1_CD4,0.355857254174152,0.544892058047264,0.413902491470136,5.89310510697192e-06,1.25969224501793e-06,0.102078599,0.0148045450528433,0.614671816277928,0.217992286569838,-0.39667953,1.24357987371715e-05,0.144486775198823,6.05691199047797e-06,0.0273947225258724
PeriMac->Alpha,PPY_NPY4R,0.316502959412248,0.493709293647922,0.345406111805014,1.26649610612215e-07,9.21871081508609e-08,0.029336066,0.00153352725629065,0.641442811762731,0.126074621133072,-0.515368191,3.61612356226121e-07,0.0479073576057285,6.18648449518871e-07,0.00364080993807054
PeriMac->Alpha,NECTIN1_CD96,0.311074663241136,0.192545961315182,0.26296958542109,5.60690668855536e-08,1.724713641539e-08,0.031867197,0.00354383966342127,-0.692058028,-0.242364943,0.449693085028433,1.71761003582412e-07,0.0515177144195235,1.4014049519404e-07,0.00767205810437262
PeriMac->Alpha,JAG2_NOTCH2,0.293407307431142,0.188884068091183,0.241844622495152,8.53661107676085e-06,2.51346301088367e-06,0.040594014,0.022262711677474,-0.635403781,-0.278824342,0.356579438546095,1.75240994991253e-05,0.0641363417790602,1.10176611680089e-05,0.0393531503747352
PeriMac->Alpha,LAMA1_RPSA,0.558023055697673,0.483381328402554,0.452649249449674,0.0331945168339255,0.0167206750303136,0.043914461,0.781528214813522,-0.207162983,-0.301931168,-0.094768185,0.03918978015781,0.0686682544126086,0.0279613195945027,0.825418386297615
PeriMac->Alpha,POSTN_ITGB5,0.326720907551222,0.232181122145643,0.354472319694248,7.206249447476e-06,0.000797861671280283,0.126791282,6.92189589909172e-06,-0.492808101,0.117614194453316,0.610422295081636,1.49710233510147e-05,0.175216159456476,0.00184447426758426,2.80728021507511e-05
PeriMac->Alpha,VCAN_TLR1,0.29079931812393,0.193888537179742,0.294578944504523,7.23118533019028e-06,4.41401267137553e-05,0.573119738,8.68695446365426e-05,-0.584796371,0.0186304287064195,0.603426799739872,1.50161390828172e-05,0.636947674314381,0.0001414911003388,0.000278268925951123
PeriMac->Alpha,HSPG2_CHRM3,0.343831566980627,0.272375814367764,0.276907799940602,0.0103263764232824,0.00418195143301863,0.031003711,0.730425853855322,-0.336103398,-0.312296311,0.023807087217703,0.0130840042483535,0.0502611423231428,0.00812015881915024,0.783601192037084
PeriMac->Alpha,JAG1_CD46,0.423267517451636,0.340541501881662,0.33938141304995,0.00402810974936617,0.00210090145150815,0.012475384,0.620015092649449,-0.313739146,-0.318662221,-0.004923076,0.00541337094685025,0.0221784604900159,0.00438612550126858,0.686061777489212
PeriMac->Alpha,CXCL9_CXCR3,0.285604641954797,0.191950577696345,0.261489535141431,7.96328436261896e-06,2.4038573218599e-05,0.41265214,0.00021046579021619,-0.573284523,-0.127266217,0.446018306571281,1.64266953857828e-05,0.484544204768096,8.24988267045958e-05,0.000616784445848766
PeriMac->Alpha,CSF2_SDC2,0.360627098982328,0.274850436018258,0.288956126555986,0.00191245559832722,0.000500616960133999,0.046251436,0.301287040361788,-0.391861042,-0.319657351,0.0722036904965677,0.0027058070409823,0.0718456949902932,0.00121766753693088,0.377793455100787
PeriMac->Alpha,PF4_THBD,0.324477252049653,0.228637804654916,0.25901618788838,0.000579387879455133,0.000222575974369717,0.042783371,0.0895863259790095,-0.505053369,-0.325075073,0.179978295880747,0.000886279130790009,0.0671631247557376,0.000590497351797703,0.133109469374355
PeriMac->Alpha,FARP2_PLXNA1,0.273492721228094,0.190325160418739,0.218153538019032,0.00035786399351621,0.000140824292232762,0.046251436,0.0644789351697359,-0.523036141,-0.326158565,0.196877576395861,0.000563021644715669,0.0718456949902932,0.000392560334664992,0.100081359877207
PeriMac->Alpha,CALM1_ADCY8,0.312026088928405,0.261767200058286,0.248487876122863,0.0210482004556432,0.0169980219087915,0.019660855,0.562003796158154,-0.253382323,-0.328491195,-0.075108872,0.0255149595646835,0.0333326885683567,0.0283372246316407,0.633595771158238
PeriMac->Alpha,ADAM15_ITGB1,3.01406734520159,3.37777331641831,2.396789188,1.00132816221455e-05,0.0324347081091857,0.005492444,1.73725500881337e-06,0.164360859215361,-0.330608632,-0.494969491,2.03096088217815e-05,0.0106029632137231,0.0503747847556584,8.06625919472927e-06
PeriMac->Alpha,JAM3_JAM3,0.329212526791089,0.23563042926312,0.260243727136975,0.000861326830854582,0.000309380063469843,0.027745179,0.181478349432614,-0.48249337,-0.339155842,0.143337528402784,0.0012867483469269,0.0455325520367649,0.000790731732927627,0.246732261114622
PeriMac->Alpha,BMP6_BMPR2,0.262556561850319,0.168626978592185,0.235923078399981,9.68537405609245e-06,2.4691671044805e-05,0.617355248,0.000256493081070488,-0.638792878,-0.154311699,0.484481178742635,1.97045080033218e-05,0.677732112154148,8.45535636952795e-05,0.000737517553712233
PeriMac->Alpha,GZMB_CHRM3,0.340452948793655,0.216611162763742,0.268359594899643,6.95610410637061e-06,1.01706964484751e-06,0.049949896,0.0454869200263217,-0.652347834,-0.343287957,0.309059877507125,1.45030261743909e-05,0.0769754878849425,5.03835668992966e-06,0.0739459724652368
PeriMac->Alpha,LAMA3_SV2C,0.28827976565022,0.175322610939149,0.226322814598563,3.29387336937034e-08,1.78625415852046e-08,0.007447466,0.00384097630525165,-0.717457505,-0.349087553,0.368369952729507,1.06022259453025e-07,0.0139919353526929,1.44511524637284e-07,0.00824784230556799
PeriMac->Alpha,WNT4_FZD5,0.23022185787562,0.160260640055621,0.180404201064117,1.23495966119071e-05,4.78267667662449e-06,0.014562216,0.0387007495546757,-0.522604667,-0.351791877,0.17081279023676,2.4691941277836e-05,0.0254291937501728,1.95670210699795e-05,0.0642442055864942
PeriMac->Alpha,LAMC2_ITGB8,0.298633420838823,0.202591396204969,0.23227507785726,1.08301239251312e-05,4.38537100916724e-06,0.017461567,0.0295100455581517,-0.559802722,-0.362541262,0.197261460362462,2.18760060575191e-05,0.0299414520018153,1.80763326440619e-05,0.0504896744252457
PeriMac->Alpha,RGMB_BMPR2,0.278424356374715,0.193578544097752,0.275215669568212,1.06908165028586e-05,1.25011322065767e-05,0.670741345,0.000707222232696267,-0.524366365,-0.01672281,0.507643555153971,2.16039723437316e-05,0.726169366640487,4.58735488681932e-05,0.00182944231463971
PeriMac->Alpha,LAMA5_ITGB8,0.309954783582425,0.190190918128555,0.240397044404656,2.50210132845352e-06,3.40028763207196e-07,0.040594014,0.0387007495546757,-0.704609409,-0.366638609,0.33797079993648,5.60913270651632e-06,0.0641363417790602,1.94230759534398e-06,0.0642442055864942
PeriMac->Alpha,SERPINE2_LRP1,0.307509863562538,0.207192710518838,0.315414059751343,1.08640643732066e-05,0.00019287928818399,0.523470673,2.95731427651784e-05,-0.569659437,0.0366142838523728,0.606273721249159,2.19350633059029e-05,0.59144070213217,0.000520444894469268,0.00010392703994518
PeriMac->Alpha,GAS6_AXL,0.330297790199433,0.23443030392069,0.255695173877166,2.9192609960809e-05,7.13878875521221e-06,0.009071223,0.181478349432614,-0.494608242,-0.369342386,0.125265856594862,5.50118516594801e-05,0.0167159951193148,2.78272551226993e-05,0.246732261114622
PeriMac->Alpha,LAMA1_ITGB8,0.312239166460679,0.210309471474073,0.241620196504647,1.36438480351585e-05,3.47452652359476e-06,0.049949896,0.0282776477053012,-0.57013769,-0.369910464,0.200227225955729,2.70205249448641e-05,0.0769754878849425,1.46985865814476e-05,0.048639848385589
PeriMac->Alpha,CALM1_PDE1B,0.30340680621591,0.260146010599799,0.233918794460245,0.0524952148295419,0.143669333519025,0.014122106,0.242750536682889,-0.221931865,-0.375245667,-0.153313802,0.0604239096655932,0.0247382173401835,0.189768839289927,0.315592614101461
PeriMac->Alpha,C1QL1_ADGRB3,0.227149493803024,0.175034053002798,0.269984188979334,1.14603895823687e-05,0.000202337604173216,0.104365153,7.0368747436047e-05,-0.376006462,0.249232830142982,0.625239291902661,2.30741450516588e-05,0.147286772126754,0.000542825761210168,0.000230963995806983
PeriMac->Alpha,GNAI2_TBXA2R,0.383226040801302,0.376717215286113,0.293146426878869,0.00989529211203086,0.76256034361456,0.003113728,0.00964242733975484,-0.024713634,-0.386574125,-0.36186049,0.0125805213058503,0.00636111535615758,0.803656410036902,0.0187228480901818
PeriMac->Alpha,IFNA14_IFNAR2,0.334674238121087,0.224074179773436,0.255702198399051,5.53423283212254e-06,1.51115043270674e-06,0.012870505,0.052222332814683,-0.578781085,-0.388292937,0.190488147750202,1.17398563526324e-05,0.0228113369301255,7.08698403031097e-06,0.0835414029318063
PeriMac->Alpha,CCL13_CCR2,0.262423045981448,0.185710464045888,0.200350994445987,0.00032545197803749,9.97045695820177e-05,0.014122106,0.282062914470656,-0.498839313,-0.389364751,0.109474562373101,0.000515418684403007,0.0247382173401835,0.000289823691200081,0.357629858119108
PeriMac->Alpha,WNT10A_FZD4,0.336563165871943,0.229529649822024,0.256871527066351,0.000448216534413342,0.00014430327393642,0.011352889,0.400690839780537,-0.552196764,-0.389830309,0.162366454968373,0.000696943462745066,0.0204124413940893,0.000401330035563185,0.479492514877851
PeriMac->Alpha,INHBB_ACVR1B,0.288361295229607,0.206029372321369,0.287759459769636,1.26773555093938e-05,5.71589608263818e-05,0.949172817,0.000131428822590634,-0.485027504,-0.003014178,0.48201332603424,2.52734285513197e-05,0.961960456418859,0.000177785524037509,0.000405681024859507
PeriMac->Alpha,LIPC_LRP1,0.287162235455347,0.178979333440244,0.262864706973411,1.28257275295373e-05,0.000110119179821737,0.733813339,6.55616912348751e-05,-0.68207302,-0.127545579,0.55452744110611,2.55355266403217e-05,0.780859095296318,0.000315573489824015,0.000216481223305811
PeriMac->Alpha,PDX1_SLC2A2,0.273374369854066,0.180174228870726,0.254059694250085,1.29488968534351e-05,7.37603151828135e-05,0.85666314,9.64311095872936e-05,-0.601485316,-0.105710475,0.495774841551705,2.57597163251956e-05,0.88591505163622,0.000222449473011731,0.000306685779144315
PeriMac->Alpha,WNT4_FZD9,0.255538033438031,0.215380397157815,0.195011621121068,0.00120562146410115,0.000797861671280283,0.004008069,0.69906827060782,-0.246651083,-0.389977932,-0.143326849,0.00176021865974887,0.00797510060229309,0.00184447426758426,0.756573712522305
PeriMac->Alpha,HGF_MET,0.304604994778217,0.215326996673786,0.324280330080264,1.36464079132992e-05,5.42944219178954e-05,0.573119738,0.000184220307924853,-0.500410388,0.090301917699268,0.590712305349757,2.70205249448641e-05,0.636947674314381,0.000170123737873741,0.000549187290611386
PeriMac->Alpha,FARP2_PLXNA3,0.287909759326375,0.177749850589993,0.219374679231632,7.6644491856472e-07,2.16729206364666e-07,0.013693619,0.0208291448201336,-0.695768343,-0.392219676,0.30354866720984,1.90587935321631e-06,0.0240962228337957,1.31020741216436e-06,0.0371357536089843
PeriMac->Alpha,CEL_CXCR4,2.73955819285309,3.01094399984331,2.08554502480447,0.00019139750457216,0.152129423379785,0.005306284,3.82338022638062e-05,0.136272626512815,-0.39351879,-0.529791417,0.000314489329337521,0.0102776194289306,0.199586956580399,0.00013102311077031
PeriMac->Alpha,TENM1_ADGRL2,0.292143237044494,0.19947502845772,0.305388315346923,1.64123008969342e-05,0.000457301179497468,0.371345238,2.45662573576764e-05,-0.550467738,0.063968971048939,0.614436708740239,3.21355883221248e-05,0.443578995538216,0.00112730058201701,8.7933249667078e-05
PeriMac->Alpha,WNT8A_FZD4,0.39854114090471,0.263480128793739,0.357274787587839,1.64328450766935e-05,1.43492570734518e-05,0.316916736,0.00167196502723662,-0.597034497,-0.157694551,0.439339946533357,3.21690616737454e-05,0.386230013988355,5.18396088230666e-05,0.00393046617289899
PeriMac->Alpha,COL1A2_ITGA2,0.447075913296675,0.323617639040961,0.340311630968891,0.00395989161854358,0.00154433445432819,0.035527299,0.293495147577689,-0.466229575,-0.39366336,0.0725662143312944,0.00533104084915705,0.0569315657682218,0.00332231360469866,0.369513124119947
PeriMac->Alpha,TCN2_CNR1,0.281645887838611,0.174521389405511,0.214157017885568,1.2523449541116e-06,4.97480248909133e-07,0.011352889,0.0177931694133203,-0.69047854,-0.395213451,0.295265088816603,2.97855016113028e-06,0.0204124413940893,2.70740709558016e-06,0.0322343531340943
PeriMac->Alpha,NCR3LG1_NCR3,0.271030661697742,0.172863192939618,0.205456202563371,1.59543273279707e-06,6.59585370343265e-07,0.002314386,0.0694873090745854,-0.648825355,-0.399625186,0.249200169222389,3.71590425256705e-06,0.00487107215533993,3.45846674230578e-06,0.106590629674023
PeriMac->Alpha,COL11A1_ITGB1,0.485722672228809,0.396402833072615,0.368053997819908,0.031192008085919,0.0291605912486537,0.022742097,0.490748880266774,-0.293165555,-0.400215386,-0.107049831,0.0369706545648606,0.0379767783662,0.0457852205297831,0.568094509199363
PeriMac->Alpha,WNT16_FZD4,0.285227862799715,0.198070753137184,0.215657751014338,5.78617467983106e-05,1.64561933598743e-05,0.005684394,0.325482427004241,-0.526099048,-0.403371349,0.122727699177219,0.000103496524282769,0.0109350439713278,5.86114439331453e-05,0.40281702537302
PeriMac->Alpha,SELPLG_SELL,0.275736014655178,0.183048996366156,0.248794488572786,1.95139470423876e-05,3.30833173980096e-05,0.709925787,0.000535383172067357,-0.591057848,-0.148333187,0.442724660840678,3.77334365695257e-05,0.75977371920667,0.000109783416822708,0.00142728043127874
PeriMac->Alpha,OMG_TNFRSF1B,0.297563485922256,0.16818207611791,0.224873834797924,2.23117773589634e-08,1.08986077295244e-08,0.014122106,0.00241493742861812,-0.823173541,-0.404081696,0.419091844277848,7.41711543850359e-08,0.0247382173401835,9.43063199452725e-08,0.00546362753678143
PeriMac->Alpha,WNT5B_FZD4,0.309524096897422,0.255228132332362,0.233804572559756,0.0158875399613039,0.010407722083633,0.019660855,0.705300871933122,-0.278264371,-0.404748583,-0.126484212,0.0196160122778349,0.0333326885683567,0.0183348879312803,0.762169431579259
PeriMac->Alpha,DKK1_LRP6,0.371626826163115,0.309389296896302,0.279783340811547,0.00370396722300541,0.00987695570276665,0.001705151,0.329634594987756,-0.264431358,-0.409544584,-0.145113226,0.00501314658389356,0.00368822514183182,0.0174702109834613,0.407262450602091
PeriMac->Alpha,TNFSF4_TRAF2,0.269699788752698,0.200924633429462,0.304699286752113,2.19531251341828e-05,0.000780616273655061,0.175549012,3.3027868007002e-05,-0.42469994,0.176031730759807,0.60073167066052,4.20835904750631e-05,0.233065923883293,0.0018081918551414,0.000114742626729726
PeriMac->Alpha,NDP_FZD4,0.307479312389934,0.187883085115531,0.230991401532895,1.86763539247699e-07,7.29359891041666e-08,0.003001801,0.0248429469194301,-0.710654156,-0.412650196,0.298003959524554,5.17389797818471e-07,0.00615537536226409,5.05083078220984e-07,0.0434285998621522
PeriMac->Alpha,THBS1_LRP1,0.385456645688063,0.25317334114178,0.288331076552741,4.32605196948038e-05,1.83508337767965e-05,0.013276501,0.0620887393266715,-0.606443101,-0.418842261,0.187600840682293,7.90468418634926e-05,0.0234373965528495,6.46681441140754e-05,0.096979866115069
PeriMac->Alpha,COL6A2_ITGA2,0.367898804666583,0.262072742297832,0.275133373767333,0.00216262773567855,0.000763717426057452,0.017461567,0.590681741772255,-0.489341678,-0.419177838,0.0701638399620733,0.00303764365583639,0.0299414520018153,0.00177389346371113,0.660261148861784
PeriMac->Alpha,SPX_GALR3,0.40825588381526,0.276440542462772,0.305245421832669,1.9703596159514e-05,1.15037327502275e-05,0.001842018,0.150699926258281,-0.562504461,-0.41950402,0.143000441591594,3.80764750312714e-05,0.00395906552635103,4.26158932065617e-05,0.209966977167625
PeriMac->Alpha,WNT4_FZD1,0.257422547203777,0.180997868100984,0.192128055289132,2.23563253443256e-05,7.77162031340956e-06,0.004781057,0.163002515830406,-0.508165715,-0.422070218,0.0860954973893878,4.28037362093328e-05,0.00933874113582382,3.00429648916222e-05,0.224691512881044
PeriMac->Alpha,CCL3_CCR1,0.392157632225032,0.276342662090612,0.417624460788722,2.71970155404986e-05,0.000833418079983379,0.26793962,3.3027868007002e-05,-0.504975373,0.0907725359981969,0.595747908849754,5.14696208078253e-05,0.334987370553601,0.00191528057405394,0.000114742626729726
PeriMac->Alpha,GDF6_BMPR2,0.326791165787776,0.194686541381802,0.243421506849337,4.23824414649963e-08,1.17006358172888e-08,0.002228756,0.0295100455581517,-0.747215826,-0.424912343,0.322303483160829,1.33381718618585e-07,0.00470358235389857,1.00500488861574e-07,0.0504896744252457
PeriMac->Alpha,CALM1_GLP2R,0.253102740758073,0.242212544120855,0.187805935481356,0.0132782923202756,0.672318282863214,0.005125763,0.0114203019073233,-0.063449546,-0.430480469,-0.367030923,0.0165389118391682,0.0099569179316671,0.724596758237789,0.0217360898166724
PeriMac->Alpha,C1QL2_ADGRB3,0.408064149226362,0.355978115086163,0.302541218518729,0.142302209460135,0.321707727170588,0.047458121,0.232731917241407,-0.197007417,-0.431664256,-0.234656839,0.156164118805192,0.0735364368158267,0.385297785850549,0.305119230362312
PeriMac->Alpha,SEMA3A_NRP1,0.257069622721265,0.188664075477747,0.264470266548492,3.02773749066313e-05,0.000870439650431353,0.502880272,2.45662573576764e-05,-0.446339401,0.0409463936723899,0.487285794278381,5.68493061853979e-05,0.571569047635545,0.00199152834418044,8.7933249667078e-05
PeriMac->Alpha,ADCYAP1_SCTR,0.237999032773915,0.169615597384862,0.258817395216621,3.09788488665723e-05,0.000171019232559237,0.400584408,0.000203593601229055,-0.488686866,0.120978873745224,0.609665739467739,5.80962408981476e-05,0.472216776830432,0.000467135403019785,0.000599091833521963
PeriMac->Alpha,THBS1_LRP5,0.391825824768926,0.281519091807103,0.290478004826992,0.000618622768363625,0.000275266593916043,0.007203418,0.439429460117369,-0.476979721,-0.43178356,0.0451961608420643,0.000943202547122572,0.0135716988196554,0.000714437058444309,0.517550253027124
PeriMac->Alpha,WNT8A_FZD1,0.412512029180669,0.276788787329011,0.304235075297372,7.51422374464947e-05,2.67537600444381e-05,0.011352889,0.124070583849741,-0.575650688,-0.439249698,0.136400989855471,0.000131901917745748,0.0204124413940893,9.0847860828001e-05,0.177722728217196
PeriMac->Alpha,VWF_ITGAV,0.311092717202072,0.238660887047825,0.229103954667815,0.00164417860893041,0.00065460755855462,0.010998901,0.730425853855322,-0.38238247,-0.441342258,-0.058959788,0.00234940227697655,0.0198563477637706,0.00155176094185451,0.783601192037084
PeriMac->Alpha,LAMA3_ITGAV,0.289279168658045,0.232452951573233,0.212901190074936,0.00221118248046361,0.00394874092061772,0.000938476,1,-0.315523691,-0.442278421,-0.12675473,0.00309977610125708,0.0021466662475468,0.00770582747019291,1
PeriMac->Alpha,SEMA4B_DCBLD2,0.300232183593066,0.21173224229014,0.332737087489584,3.16566681602336e-05,0.000256525298348747,0.354446457,0.000140686668496548,-0.503837656,0.148304044240489,0.652141700495751,5.92363892875947e-05,0.42546346066925,0.000671022990184271,0.000430552901488123
PeriMac->Alpha,LIPA_RORA,0.379590320635204,0.329417554019531,0.279347380018123,0.0782594626777759,0.195985133033579,0.022742097,0.239377844779356,-0.204525769,-0.442382914,-0.237857145,0.0882607021954169,0.0379767783662,0.250088826393601,0.311903413340108
PeriMac->Alpha,CRH_CRHR1,0.272647097116187,0.194822275017342,0.286704012267825,3.55634369900112e-05,0.000102217360371338,0.678511921,0.000378206997615815,-0.484876156,0.0725272990872379,0.557403454603469,6.61355144024769e-05,0.732880870135976,0.000296204888954286,0.00104138730593138
PeriMac->Alpha,MIF_CXCR4,0.578717252133636,0.504481675885284,0.425805118057816,0.0543372275482869,0.204474827932476,0.019089782,0.128234143734716,-0.198056785,-0.442665361,-0.244608577,0.0623978405232574,0.0324766528108188,0.259714214999201,0.182872357859262
PeriMac->Alpha,VWF_TNFRSF11B,0.325016656113527,0.18086513806447,0.239128796432434,6.90303549976016e-08,1.49850309553623e-08,0.015478331,0.010625501984128,-0.845599296,-0.442725779,0.402873517329295,2.07179907148529e-07,0.0268717419786695,1.24249216668106e-07,0.0204528853710166
PeriMac->Alpha,PF4_CXCR3,0.331800944352133,0.225516143792077,0.309294143159606,3.81897394816825e-05,4.8968348791891e-05,0.725821198,0.00101650839839712,-0.557087276,-0.101338478,0.455748798960382,7.05972829736692e-05,0.773678452153574,0.000154892084615381,0.0025197954664492
PeriMac->Alpha,WNT8A_FZD9,0.410947160916728,0.30384670819591,0.302019470156259,0.000403222425573862,0.000256525298348747,0.002228756,0.986589978179958,-0.435609242,-0.444311346,-0.008702104,0.000630132147051933,0.00470358235389857,0.000671022990184271,0.990625545367346
PeriMac->Alpha,ADAM28_ITGA4,0.256152258781817,0.174897287877293,0.188092993427052,0.00148339003575877,0.000398840049095094,0.030160119,0.391336669768208,-0.550493693,-0.445555503,0.104938190417768,0.00213304489803573,0.0490555514286207,0.000993691233429229,0.470289674774265
PeriMac->Alpha,EDIL3_ITGAV,0.271325953885766,0.221826416323118,0.198834234879568,0.00162133801781766,0.00182155909607962,0.001772388,0.840156629664503,-0.290595875,-0.448460876,-0.157865001,0.00231889620211639,0.00382085335770571,0.00386153618417404,0.874272762328256
PeriMac->Alpha,CTSG_F2RL2,0.289677441601144,0.17744650925026,0.212085271483958,9.03142982176768e-06,3.57756805731973e-06,0.006086279,0.068206197929805,-0.707063143,-0.449802904,0.257260239529697,1.84545843105036e-05,0.0116194863442667,1.50593659019307e-05,0.104953384079383
PeriMac->Alpha,PDGFB_ART1,0.285133803689083,0.201199207050813,0.281093733926299,4.0332128667316e-05,0.000107423330371843,1,0.00040311853475051,-0.503014465,-0.020587792,0.482426672501103,7.41608705319779e-05,1,0.000309177669147964,0.00110304772430412
PeriMac->Alpha,SEMA3A_PLXNA3,0.28641863156934,0.158910671880212,0.209463171310444,2.61521050677196e-09,3.70498798163455e-10,0.003599894,0.0170002605530732,-0.849909325,-0.451428736,0.398480589113491,1.03323522266704e-08,0.00726049972509191,4.78010067672021e-09,0.0309723496951302
PeriMac->Alpha,LAMC2_SV2C,0.280030872309483,0.171040351114782,0.204148346729347,5.31135528284902e-09,3.69299378278367e-09,0.000234883,0.0194767148767273,-0.711249164,-0.455968001,0.25528116298642,1.97545143853332e-08,0.000607594037537057,3.59585031375847e-08,0.034931512472623
PeriMac->Alpha,WNT4_FZD4,0.24376771221246,0.178813438685557,0.232650646992153,4.48189243339699e-05,3.58049436467865e-05,0.482720538,0.00228378019456747,-0.447051881,-0.06734185,0.379710031279427,8.16863865156841e-05,0.552492905792374,0.000117385127005329,0.00519714604901815
PeriMac->Alpha,GNAI2_TSHR,0.353355037858676,0.377447701305939,0.257502901350424,0.000603948263787596,0.274097299519721,0.001577567,0.000322080592660988,0.0951582819935074,-0.456529789,-0.551688071,0.000921581777296041,0.00344223244446918,0.33553538187926,0.000901941689685289
PeriMac->Alpha,THBS1_CD36,0.40700775011939,0.249521424847703,0.29618259663078,3.52931469832413e-07,1.05308156590187e-07,0.003113728,0.0473321623854282,-0.705892568,-0.458569393,0.24732317490361,9.29984392823939e-07,0.00636111535615758,6.96183192539519e-07,0.0765986139367236
PeriMac->Alpha,LAMA5_CD44,0.352806789309758,0.233092912345856,0.315303180402122,4.77658493410808e-05,3.22206346952602e-05,0.823433341,0.00234852056003735,-0.597973185,-0.162138601,0.435834583548119,8.66847942905841e-05,0.858594478578433,0.000107340743013352,0.00532628246633319
PeriMac->Alpha,SEMA3A_PLXNA1,0.271341545776709,0.165157065179086,0.196479691578811,1.93741414684322e-06,6.80463616186507e-07,0.002314386,0.0995250390802248,-0.716271268,-0.465729756,0.250541512440504,4.4458054518459e-06,0.00487107215533993,3.54601374960209e-06,0.14622295866126
PeriMac->Alpha,SELL_CD34,0.290832834995716,0.205297998745963,0.210583195250492,0.00138522298005906,0.000669252925270551,0.007957595,0.60233848939119,-0.502470592,-0.465799844,0.0366707482145891,0.00200144980761941,0.0148724594417095,0.00157725904166844,0.670879215407883
PeriMac->Alpha,COL9A1_GP6,0.276488966248819,0.184111000480652,0.216606398181916,4.93436183133746e-05,1.78585825926975e-05,0.118937899,0.0155069557543906,-0.586646077,-0.352146049,0.234500028036329,8.93048644988665e-05,0.165441801838872,6.32200601232192e-05,0.0285078603226164
PeriMac->Alpha,SLURP1_CHRNB2,0.279432083315639,0.184799346700795,0.228966518911077,4.95384183270895e-05,1.78585825926975e-05,0.053889685,0.0276782571471365,-0.596538016,-0.287361021,0.309176994685669,8.95902108408935e-05,0.0823530444275596,6.32200601232192e-05,0.0477408991620727
PeriMac->Alpha,COL1A1_ITGA2,0.293943373497555,0.200862449531363,0.273295304235477,5.33419632448494e-05,3.05589685518568e-05,0.694154015,0.00318018700500207,-0.54933037,-0.105077583,0.444252786815526,9.60011254385404e-05,0.746922211493225,0.000102426898545354,0.00697666612950594
PeriMac->Alpha,ADM_CALCRL,0.281701075802309,0.221476120072812,0.203550933779427,0.00260814988460546,0.00262007009189152,0.004008069,0.545126237435508,-0.347013919,-0.468775232,-0.121761313,0.00361928326742037,0.00797510060229309,0.00534909472907947,0.61822948848613
PeriMac->Alpha,COL1A1_TMPRSS6,0.299448330997014,0.19753095730357,0.216262153922999,5.46816695068096e-05,2.04521592031752e-05,0.002893506,0.405417872744357,-0.600228317,-0.469525875,0.13070244177352,9.82984415416304e-05,0.00596214373611014,7.12122960235977e-05,0.48409343535066
PeriMac->Alpha,WNT8A_FZD5,0.373900776538601,0.235521493583566,0.269941943143406,7.0745297630453e-06,3.00057980941927e-06,0.004008069,0.0790182470827903,-0.66679674,-0.470006308,0.196790431533079,1.4720324253778e-05,0.00797510060229309,1.29281332389205e-05,0.119172547904328
PeriMac->Alpha,LAMA1_SDC2,0.366764102039624,0.276532559930696,0.264700956951945,0.00208614596182632,0.00174826237576741,0.003472362,0.939709549359295,-0.407403079,-0.470489026,-0.063085948,0.00293640705174527,0.00703064810392874,0.00372154072139626,0.95444367121336
PeriMac->Alpha,NPFF_NPFFR1,0.316887049718211,0.203484792530874,0.228620898328782,7.01201424009661e-06,3.27691572418019e-06,0.002314386,0.110324273000541,-0.639047721,-0.471011413,0.168036307666572,1.46032750238047e-05,0.00487107215533993,1.39511957440223e-05,0.159898200520361
PeriMac->Alpha,CD34_SELL,0.269103492631144,0.178897587903224,0.192430303958801,9.24042119284351e-05,5.02513916960508e-05,0.002494612,0.297374034753258,-0.589027177,-0.4838251,0.105202076808463,0.00015976765317302,0.00521743142122076,0.00015841330913848,0.373640220390408
PeriMac->Alpha,PRSS3_F2RL2,3.07284426257807,3.18514079956091,2.19530863573547,0.000107963533953735,0.856153932561194,0.000121846,7.0368747436047e-05,0.0517824980607115,-0.485150869,-0.536933367,0.00018458281611445,0.00033656426105057,0.882063605360152,0.000230963995806983
PeriMac->Alpha,GAS6_TYRO3,0.328564159074017,0.24348192477812,0.352191220978643,7.64222350432373e-05,0.000217345373694673,0.523470673,0.000569811951159097,-0.432360437,0.100183832807892,0.532544270135911,0.000134073087922384,0.59144070213217,0.000578760389901203,0.00151171953367806
PeriMac->Alpha,ADM_MRGPRX2,0.288805827239069,0.188830663114677,0.205603910059182,1.12842333348668e-05,7.13878875521221e-06,0.000673474,0.285839620201737,-0.613006795,-0.490232149,0.122774645938421,2.2729287097309e-05,0.00158881344439851,2.78272551226993e-05,0.361582855606429
PeriMac->Alpha,RSPO4_LGR4,0.261100047153951,0.182551664296381,0.217581687335105,7.86362368301412e-05,7.01125849374555e-05,0.056655765,0.00791612887988383,-0.516297894,-0.263045579,0.253252314976954,0.000137594976017925,0.0859325158156179,0.00021310205027585,0.0156876248548027
PeriMac->Alpha,WNT10A_LRP6,0.324351038982289,0.267013891349126,0.230221186093452,0.0071321106039988,0.0178544280657075,0.002066027,0.454493106073965,-0.280641259,-0.494535455,-0.213894195,0.0092528967613492,0.00438695554883336,0.0296361522670008,0.532200815146616
PeriMac->Alpha,LAMA5_SV2C,0.298108481631799,0.165599141241773,0.211192853833371,1.15244755147144e-07,3.33716526748704e-08,0.004457186,0.0232654210173515,-0.848142227,-0.497276402,0.350865825557646,3.32098571520715e-07,0.00877514350821991,2.52466160706562e-07,0.0409008381548916
PeriMac->Alpha,LAMA1_SV2C,0.296480259470609,0.181938454696756,0.210006765370544,2.48411522761603e-07,1.24266923847945e-07,0.001577567,0.0321139366024661,-0.704485541,-0.497500242,0.206985299309163,6.74187571812694e-07,0.00344223244446918,8.05853738812895e-07,0.0544751410488822
PeriMac->Alpha,WNT11_FZD6,0.347580099029889,0.249301418283453,0.245168481020061,0.000772064837257259,0.000372301626483952,0.005492444,0.67434371448935,-0.47945439,-0.503571963,-0.024117573,0.0011627092027665,0.0106029632137231,0.00093380736000062,0.735017313479395
PeriMac->Alpha,PTHLH_PTH1R,0.273110727147594,0.200734118783582,0.275992517324855,9.50029494294248e-05,7.19145761810385e-05,0.848329745,0.00269815331972158,-0.444200127,0.0151431724210394,0.459343298946088,0.000163775182457526,0.879051306849927,0.000217600253532467,0.0060240244534138
PeriMac->Alpha,TFPI_LRP1,0.289764215695638,0.205771576437276,0.303745190501992,0.000101647788082316,0.00073093404669005,0.354446457,0.000265026740733076,-0.493835725,0.0679821241470315,0.561817848840037,0.000174617047372347,0.42546346066925,0.00170667153630157,0.000757636971363203
PeriMac->Alpha,TENM1_ADGRL1,0.296543419244639,0.231782411551179,0.31929762918569,0.000103278004047544,0.00065460755855462,0.322114565,0.000322080592660988,-0.355472261,0.106658483939725,0.462130745275928,0.000177156532135985,0.391336893002673,0.00155176094185451,0.000901941689685289
PeriMac->Alpha,BMP6_ACVR2A,0.303821454472361,0.178506194739273,0.213815284986235,3.19278638808835e-07,8.6234675380817e-08,0.003229391,0.0512118497732704,-0.767249605,-0.506858757,0.260390847885513,8.46810106001937e-07,0.00658155111955908,5.82474331609168e-07,0.0821644538502005
PeriMac->Alpha,HLA-DOB_CD4,0.225049857784515,0.186684403118117,0.158037710241162,0.00197521994087317,0.0117460411933293,0.000864531,0.132505520377041,-0.269643252,-0.509975802,-0.24033255,0.00279079848658966,0.00199909393168192,0.0203997527930321,0.187957952262324
PeriMac->Alpha,TENM4_ADGRL2,0.278708651429155,0.176239738975911,0.194697419127304,7.64871945006198e-05,1.93743820357724e-05,0.007957595,0.325482427004241,-0.66121852,-0.517524024,0.143694495897421,0.000134161818409511,0.0148724594417095,6.77631179713853e-05,0.40281702537302
PeriMac->Alpha,GDF15_TGFBR2,0.35387837326979,0.220733773186882,0.247071431551192,4.49942970893646e-06,1.60521424727952e-06,0.001914116,0.173378263386734,-0.680946209,-0.518325391,0.162620818385494,9.68628671243002e-06,0.00409816520574143,7.48297776043147e-06,0.237356013954639
PeriMac->Alpha,COL9A1_ITGB8,0.309005980782359,0.208109267471147,0.215449430487602,1.21275486987257e-05,7.55494191845899e-06,0.001149279,0.168130304983449,-0.570293547,-0.520285475,0.0500080723939542,2.42863405456663e-05,0.00258200193407002,2.92781463296159e-05,0.231076983186328
PeriMac->Alpha,CNTN1_NRCAM,0.307950420129883,0.190893892116594,0.2144482212325,2.02825234287385e-06,6.19665367829209e-07,0.001149279,0.256574860470421,-0.689927151,-0.522068745,0.167858405890072,4.63600535514023e-06,0.00258200193407002,3.27677922398575e-06,0.33116511671068
PeriMac->Alpha,NRG1_ERBB2,0.302419618243179,0.186361337428172,0.20998287299363,1.2413118430118e-05,5.68314169219629e-06,0.006296529,0.0597723296116189,-0.698449139,-0.526280069,0.17216907094905,2.47943401961757e-05,0.0119914305233836,2.27520797016339e-05,0.0938646953900978
PeriMac->Alpha,GZMB_IGF2R,0.330095888569004,0.259332426551745,0.358386036478081,0.000123154774821103,0.00105667862567783,0.204568316,0.000311834812845305,-0.348082558,0.118629257991836,0.466711816353313,0.000208832528545946,0.266064313426382,0.00237385640559007,0.000877464595541782
PeriMac->Alpha,CEL_RORA,2.00084467834238,2.10065761716388,1.38639163294005,8.66424120177325e-05,0.533700011247655,0.000336997,2.95731427651784e-05,0.0702318605755835,-0.529274325,-0.599506185,0.000150362868707239,0.00084389413202224,0.595995894279675,0.00010392703994518
PeriMac->Alpha,WNT16_LRP6,0.286430530665676,0.225748992070667,0.197000034716088,0.00427269641957221,0.0127933201562505,0.001914116,0.267295505178463,-0.34346573,-0.539989392,-0.196523661,0.00572557279151983,0.00409816520574143,0.0220177288593182,0.343006490984838
PeriMac->Alpha,ITGB3BP_ITGB5,0.354766605860333,0.249972107716466,0.331792119644585,0.000138815285009457,0.000268881390592407,1,0.00098659686851909,-0.505103088,-0.096590594,0.408512494327002,0.000233393831753464,1,0.000700398104285386,0.00245412682387895
PeriMac->Alpha,KISS1_KISS1R,0.260024885405885,0.164321974966965,0.178817160041659,6.27862649027806e-07,2.99183516557358e-07,0.000499854,0.148326624257048,-0.662124272,-0.540164509,0.121959763036573,1.58632253253829e-06,0.00120699974236392,1.72911018738973e-06,0.207031385765337
PeriMac->Alpha,DAGLB_CNR1,0.288870092902723,0.203069898112849,0.266780777910571,0.000156336930688692,9.02247742130798e-05,0.443736015,0.00599473981055442,-0.508444447,-0.114766126,0.39367832064642,0.000260925190456989,0.514630056986466,0.000265913647349007,0.0123250899168728
PeriMac->Alpha,LAMC1_ITGA6,0.427600570343732,0.291117513072887,0.293129189186078,0.000610257440882963,0.000398840049095094,0.0026874,0.879762850703402,-0.554662144,-0.54472714,0.00993500382817081,0.000930904563950332,0.00557935968724445,0.000993691233429229,0.907288874666814
PeriMac->Alpha,HLA-DRB1_CD4,0.570821332676783,0.812901424224222,0.600453117483169,0.00016981696879488,9.48528992494676e-05,0.443736015,0.00647200016780952,0.510041162936272,0.0730123545736912,-0.437028808,0.000281960250074518,0.514630056986466,0.000277536964930688,0.0132102445438353
PeriMac->Alpha,THBS1_SCARB1,0.391550272846895,0.262175243297745,0.26828142087005,3.1294951520811e-05,1.83508337767965e-05,0.000864531,0.49605226642722,-0.57866609,-0.545450404,0.0332156867681633,5.8641885854987e-05,0.00199909393168192,6.46681441140754e-05,0.572812025406425
PeriMac->Alpha,CALM1_CALCR,0.30216258673974,0.292268463766344,0.206333149805867,0.0107331130101322,0.418122704706906,0.00198876,0.0232654210173515,-0.048030871,-0.550349412,-0.502318541,0.0135719275101713,0.00424123250975842,0.485649183103726,0.0409008381548916
PeriMac->Alpha,COL6A3_ITGA2,0.358258336855892,0.254162992372523,0.243512730758866,0.00735026450625097,0.00451232933986862,0.012090899,0.879762850703402,-0.495246295,-0.557003077,-0.061756783,0.0095121070080895,0.0215647998424748,0.00867498105570784,0.907288874666814
PeriMac->Alpha,SEMA3C_PLXND1,0.323701881761086,0.226079016961052,0.288848191357272,0.000195403378876004,0.000124582953744898,0.456529695,0.00569443107289666,-0.517838653,-0.164354291,0.353484362128088,0.000320225354559973,0.52697797183184,0.000352047801433628,0.0117725294875842
PeriMac->Alpha,VCAN_SELP,0.30589406806043,0.20454782112407,0.246465963368357,0.000222202442163863,9.48528992494676e-05,0.116405454,0.0232654210173515,-0.580593958,-0.311643703,0.268950255344303,0.000361350136071219,0.162379255099249,0.000277536964930688,0.0409008381548916
PeriMac->Alpha,TENM4_ADGRL1,0.29007555545599,0.207798986777581,0.19688599941803,0.000150039921597479,8.16009238090263e-05,0.001772388,0.775083438387839,-0.481240104,-0.559068198,-0.077828095,0.000251134467730357,0.00382085335770571,0.000242721115207461,0.820469622478639
PeriMac->Alpha,LAMA1_ITGAV,0.291993084349945,0.235447413475776,0.197943698605035,0.00032995361102603,0.00351739866811708,2.04E-05,0.539556830926063,-0.310529325,-0.560844057,-0.250314732,0.000522104713087499,6.68534634450957e-05,0.00696438422175297,0.613255284376546
PeriMac->Alpha,LAMA3_CD44,0.346967054815124,0.249968575145799,0.33891673000077,0.000246931345404363,0.00052368181179671,0.686316387,0.00121432419200573,-0.473051943,-0.033867828,0.439184115487499,0.000398852916005523,0.740025344831061,0.00126683193476134,0.0029551829019122
PeriMac->Alpha,PSEN1_NOTCH2,0.303857426542805,0.219073913898092,0.205806897159874,8.2367357707659e-05,9.02247742130798e-05,0.000384856,0.813969175904971,-0.471976845,-0.562103219,-0.090126374,0.000143531237193544,0.000952996768383947,0.000265913647349007,0.852538117318838
PeriMac->Alpha,LAMA5_ITGAV,0.290717521217303,0.219430681875503,0.19679514656355,0.000117362094404366,0.000188307466813458,0.000269248,0.787988029069367,-0.405852758,-0.562923381,-0.157070623,0.000199517699399294,0.000688095781076006,0.000509435049430376,0.831017788033811
PeriMac->Alpha,CD55_CR1,0.316540472932251,0.231309741842556,0.304660110255372,0.000265703164283465,0.00024470318415668,0.573119738,0.00364047734323257,-0.452563945,-0.055189357,0.397374588194851,0.000426515077686485,0.636947674314381,0.000642802394202622,0.00786255444725016
PeriMac->Alpha,INS_INSR,1.08173357707933,1.41067206325629,1.03357201530188,0.000269199229440743,0.000447032532226927,0.394629878,0.00182181853557909,0.383037427650706,-0.065706304,-0.448743732,0.000431681349875065,0.466435314154864,0.00110402951035551,0.00423366300445484
PeriMac->Alpha,HSPG2_ITGA2,0.326431877583521,0.247181888050379,0.220795504477677,0.000129552349989911,0.000908981128039229,5.53E-05,0.297374034753258,-0.401208913,-0.56407115,-0.162862236,0.00021908345190462,0.000165135324719681,0.00207259251096307,0.373640220390408
PeriMac->Alpha,ADCYAP1_VIPR2,0.254413970908779,0.142427588660729,0.171876571676161,8.07833815813354e-07,8.33997431308665e-08,0.003472362,0.301287040361788,-0.836949265,-0.565804988,0.271144276334337,2.00145387354767e-06,0.00703064810392874,5.66195636044194e-07,0.377793455100787
PeriMac->Alpha,WNT11_FZD4,0.339932062515987,0.261375010734337,0.354003446877551,0.00029939470282081,0.00185925689009283,0.400584408,0.00047226331455614,-0.379125226,0.0585169636902394,0.437642190169396,0.000476579144694968,0.472216776830432,0.00392928819764072,0.00127467366845477
PeriMac->Alpha,LAMC2_ITGAV,0.282049767621408,0.221438310413127,0.190258367614086,0.000109385367487451,0.00052368181179671,3.86E-05,0.724116189339906,-0.349044907,-0.567989841,-0.218944934,0.000186705710507401,0.000119035543460547,0.00126683193476134,0.778264294753156
PeriMac->Alpha,GDF1_ACVR2A,0.336960692321204,0.185062966454512,0.226576632535147,1.49542296118658e-08,1.3012217548461e-08,0.000352304,0.0144639710113261,-0.86456408,-0.572581224,0.291982856589473,5.13786570237511e-08,0.000878451900861041,1.09766564448046e-07,0.0268497356405274
PeriMac->Alpha,WNT10A_FZD5,0.299029332446849,0.208589238390831,0.200852693724757,9.84500433745352e-07,3.68353590765405e-06,5.27E-06,0.67434371448935,-0.519622279,-0.574149196,-0.054526917,2.39525822795426e-06,1.96293429876511e-05,1.54705191114799e-05,0.735017313479395
PeriMac->Alpha,COL4A1_ITGA2,0.369354912973455,0.28056982982481,0.247762971140619,0.00131715886879596,0.00730024313281662,0.000257309,0.355264110510296,-0.396647885,-0.576047177,-0.179399292,0.00191139669074809,0.000660477404130722,0.0133001304576003,0.433870597386756
PeriMac->Alpha,CXCL12_CXCR4,0.454042953403288,0.363790502357359,0.303561195851422,0.0025471775724982,0.00873117680662318,0.000977574,0.309215487529865,-0.319720907,-0.580841401,-0.261120494,0.00353993927238725,0.00222899250379457,0.0156263271780854,0.38581622093079
PeriMac->Alpha,EFNB2_EPHB1,0.315742803607149,0.200764677174252,0.211008061775819,1.10238399304908e-05,5.52255908168707e-06,0.000977574,0.301287040361788,-0.653244388,-0.581451731,0.0717926574783164,2.22384037352115e-05,0.00222899250379457,2.21853708501193e-05,0.377793455100787
PeriMac->Alpha,COL9A1_MAG,0.295607105158142,0.186185319487681,0.196621496431461,2.08435572815222e-06,1.75693707015986e-06,0.000544707,0.0819287010348682,-0.666941621,-0.588259885,0.0786817358673001,4.75004717569993e-06,0.00130517119273822,8.06530954254488e-06,0.123084381261596
PeriMac->Alpha,FLRT2_ADGRL1,0.337702167496391,0.259997496429132,0.299066449367283,0.00047907645716422,0.00025054885166411,0.249869073,0.0148045450528433,-0.377253707,-0.175285367,0.201968339422379,0.000741836851332643,0.315567114770411,0.000656678754797082,0.0273947225258724
PeriMac->Alpha,CCL24_CCR2,0.305518858978827,0.249959266522955,0.202671686271554,0.000171022160740218,0.00451232933986862,1.11E-05,0.187032327955542,-0.289568424,-0.59211688,-0.302548456,0.000283759287688501,3.83875231507655e-05,0.00867498105570784,0.253176252382716
PeriMac->Alpha,LAMC1_ITGA2,0.357955830519038,0.247740693095946,0.237005481223041,0.00411700768904711,0.0033182165174676,0.005684394,0.906341555654119,-0.530950717,-0.594861152,-0.063910436,0.00552567593142898,0.0109350439713278,0.00661091919584319,0.928437736782519
PeriMac->Alpha,CCL8_CCR1,0.333160950362951,0.235604884468307,0.307059540380699,0.000533253266967306,0.000489443059670575,0.530427783,0.00500213679145125,-0.499849862,-0.117700884,0.382148978212741,0.000820146162287062,0.598503732723284,0.00119516357607516,0.010471259423397
PeriMac->Alpha,INHBB_ACVR2A,0.309683857775086,0.184117999679096,0.204110363286247,1.23930528226912e-07,6.59345536860831e-08,0.000177983,0.153102064019476,-0.750165508,-0.601446748,0.148718759525487,3.54391161036369e-07,0.000472728939059459,4.64529846513432e-07,0.212773547850666
PeriMac->Alpha,THBS1_ITGA4,0.368440623703072,0.225046664219819,0.242389434321974,3.89620202769408e-05,1.51591553877778e-05,0.005882287,0.143665803473919,-0.711207957,-0.604105324,0.107102632738673,7.19251385599256e-05,0.0112677435989508,5.45752996747169e-05,0.20136958900146
PeriMac->Alpha,SEMA3G_PLXNA1,0.29592185301479,0.203253222501009,0.19106314542121,3.65558831039258e-05,5.86443523602453e-05,0.000127829,0.933025577905332,-0.541938011,-0.631166716,-0.089228705,6.78863781790603e-05,0.000351220207325928,0.000181823109832588,0.949395611327507
PeriMac->Alpha,IFNA16_IFNAR2,0.304604414618791,0.200095149553065,0.196590786794709,1.94919901345446e-05,1.28515579397736e-05,0.000438904,0.711553312696054,-0.606250653,-0.631741137,-0.025490484,3.7698794106372e-05,0.00107063165192005,4.69930742697797e-05,0.767325930731652
PeriMac->Alpha,LTBP3_ITGB5,0.30992347996041,0.261940903281287,0.358309246281213,0.000619504371311551,0.0190549775446805,0.109058527,0.000240193066352658,-0.242670697,0.209293214218921,0.451963910969963,0.000944110414111945,0.153253681400833,0.0313870440644145,0.000695166280774928
PeriMac->Alpha,LAMC2_CD151,0.445136411481622,0.300688158754243,0.287282905585359,3.10526469049878e-05,5.71589608263818e-05,9.11E-05,0.919672259660628,-0.565979459,-0.631775364,-0.065795905,5.82112319794467e-05,0.00025899251381377,0.000177785524037509,0.938588931959993
PeriMac->Alpha,WNT4_FZD6,0.250870728422681,0.170042173751255,0.161010901189512,2.78742528025054e-07,8.4549866706155e-07,3.08E-06,0.781528214813522,-0.561051537,-0.639785775,-0.078734238,7.46300316135965e-07,1.20448869285874e-05,4.30737933716556e-06,0.825418386297615
PeriMac->Alpha,BMP5_ACVR2A,0.330609321910264,0.178050564597605,0.211572006326638,1.51728827297597e-08,6.14383065189971e-09,0.000402151,0.0454869200263217,-0.892840389,-0.643978648,0.24886174136312,5.20723510313461e-08,0.000992659782944043,5.70245296725577e-08,0.0739459724652368
PeriMac->Alpha,LAMA3_ITGA2,0.287212211442716,0.172764787334419,0.182260240984073,6.75727337719506e-08,6.16335046558364e-08,2.67E-05,0.285839620201737,-0.733307887,-0.656117207,0.0771906802204263,2.03131956372786e-07,8.53425177673452e-05,4.3786544663339e-07,0.361582855606429
PeriMac->Alpha,HLA-E_KLRC2,0.487579836262281,0.607970972337788,0.407038861429873,0.000758440370167396,0.0187484051337462,0.111466176,0.00033264080417002,0.318363978131026,-0.260471924,-0.578835902,0.00114329860583734,0.156354358830965,0.0309148175866333,0.000928725956689
PeriMac->Alpha,THBS1_ITGAV,0.394379674000994,0.292897265597852,0.249258636534888,4.74227253974654e-06,5.29136803005977e-05,2.73E-06,0.405417872744357,-0.429190472,-0.661941703,-0.232751231,1.01715148886539e-05,1.08002688119053e-05,0.000166020454034301,0.48409343535066
PeriMac->Alpha,ADAM9_ITGAV,0.342709421169112,0.305366825519972,0.216442272559659,2.49549942725261e-05,0.0399352361620215,2.44E-07,0.00734380755935352,-0.166442513,-0.663003556,-0.496561043,4.74383913947674e-05,1.21691770916232e-06,0.06070988965439,0.0147002225136587
PeriMac->Alpha,WNT11_FZD5,0.308452133395358,0.232696311182979,0.270945649724042,0.000808213709063042,0.000309380063469843,0.224369642,0.030788363036064,-0.406598283,-0.18704314,0.219555142059784,0.00121284064963643,0.288320707841844,0.000790731732927627,0.0524459186268088
PeriMac->Alpha,B2M_HFE,0.528126664813701,0.693961933325804,0.516362581852889,0.000843976741584687,0.00133421056868375,0.966102628,0.00269815331972158,0.393972542451009,-0.032499524,-0.426472067,0.00126345932362413,0.975303605642728,0.00291433150460581,0.0060240244534138
PeriMac->Alpha,WNT16_FZD9,0.292290781490857,0.23527388110902,0.183960852478507,0.00010473858847717,0.00251772345915933,1.73E-05,0.122028743724004,-0.313063159,-0.668005538,-0.354942379,0.000179496886517552,5.75290704046981e-05,0.00515594389177567,0.175093696578604
PeriMac->Alpha,WNT16_FZD5,0.269154321941036,0.183708872217052,0.167718519580308,7.65492059939333e-06,2.3401932137738e-05,2.16E-05,0.724116189339906,-0.551012286,-0.682391587,-0.131379301,1.58326162641111e-05,7.01482592168555e-05,8.05510047899706e-05,0.778264294753156
PeriMac->Alpha,LAMC2_CD44,0.34408091045415,0.251083978443725,0.302256366883416,0.000968273124636456,0.00056014224920958,0.496111942,0.0122674382056315,-0.454577878,-0.186975124,0.267602754669726,0.0014347977294057,0.565046666236841,0.00134630427740968,0.0231734839169969
PeriMac->Alpha,LTBP1_ITGB5,0.305023248545947,0.229205893594718,0.300399546307153,0.001080759489874,0.00442758928143944,0.670741345,0.00104725742428095,-0.412275065,-0.022036574,0.390238491724869,0.0015916205433446,0.726169366640487,0.00852719922520743,0.00258845184252589
PeriMac->Alpha,ALDH1A2_CRABP2,0.60641158240378,0.467380207778375,0.525274915006544,0.00117827805639905,0.000500616960133999,0.152746897,0.0403110945358299,-0.375700667,-0.20722462,0.168476047165054,0.00172380453420488,0.206466171887433,0.00121766753693088,0.0666232972767933
PeriMac->Alpha,COL9A1_CD44,0.358572494035081,0.249634831640327,0.272258503867607,0.00118460280061587,0.000380958658172624,0.056655765,0.134682126549884,-0.522445574,-0.397287711,0.125157863056125,0.00173224250260932,0.0859325158156179,0.000953725808758517,0.190639586715829
PeriMac->Alpha,PROS1_AXL,0.329524540370242,0.20539180072744,0.205278191595389,1.35847873998813e-07,1.725793906641e-07,1.18E-05,0.643928269873742,-0.682007317,-0.682805541,-0.000798224,3.85632674577277e-07,4.04394302833905e-05,1.07321370407648e-06,0.706980623812765
PeriMac->Alpha,EFNB2_RHBDL2,0.263463088193372,0.164898885133261,0.16379477092665,9.8005028643038e-07,7.0197795063538e-07,7.86E-05,0.906341555654119,-0.676019203,-0.685711547,-0.009692344,2.38567564504765e-06,0.000226928464118593,3.6418522377791e-06,0.928437736782519
PeriMac->Alpha,COL1A2_ITGB8,0.465584828634772,0.390613041744844,0.495972903309074,0.00123271714700067,0.0206544709435116,0.083227821,0.000775056905106568,-0.253303929,0.0912172553102977,0.344521184060431,0.00179584344014092,0.120626027373253,0.0337475748749477,0.00197749748655199
PeriMac->Alpha,CCL8_CCR2,0.27868802871923,0.225072063936341,0.173146145106375,0.000333136606304064,0.0213263295594124,2.82E-05,0.0419779063709174,-0.308264031,-0.68666076,-0.37839673,0.00052678390635774,8.94486774922085e-05,0.0347479479703405,0.0690721309980451
PeriMac->Alpha,PODXL2_SELP,0.2672086679485,0.158844626174518,0.165891945262898,2.49300929120113e-06,1.55749981623587e-06,0.000352304,0.26011472760499,-0.750350521,-0.687722965,0.0626275553345456,5.59009391065485e-06,0.000878451900861041,7.27873661615641e-06,0.335131240207092
PeriMac->Alpha,PTGES3_PTGER4,0.389931387443076,0.216058854779214,0.242072670581174,3.38500260884484e-08,1.9157969008609e-08,6.12E-05,0.210504932604814,-0.851795927,-0.687780075,0.164015852661532,1.08655555179989e-07,0.000181200381372565,1.53791338134514e-07,0.280232626136393
PeriMac->Alpha,WNT5B_FZD9,0.315177667264222,0.310194221532124,0.194274567057553,0.000243379387034405,0.26106071841155,6.28E-06,0.00450412272768625,-0.022993501,-0.698068263,-0.675074762,0.000393609392646637,2.30360136301493e-05,0.321942673366332,0.00951629825681933
PeriMac->Alpha,LAMA5_BCAM,0.434188984905885,0.33162830132348,0.428169366675362,0.00138664758285958,0.000500616960133999,0.790513206,0.0212977950071642,-0.388755993,-0.020141544,0.368614448598721,0.00200319787097942,0.830601580429621,0.00121766753693088,0.0378699641301616
PeriMac->Alpha,IAPP_CALCRL,0.430935628044498,0.375112325214056,0.264785750667697,0.000790433273999595,0.133999035985213,0.000105419,0.0083195504868026,-0.200149712,-0.702646891,-0.502497179,0.00118797093844683,0.000295743178384113,0.178410363641174,0.0164034595098065
PeriMac->Alpha,COL6A3_GP6,0.328478272989235,0.261090753380319,0.372483632889717,0.00153646401394623,0.0387810112725176,0.083227821,0.000569811951159097,-0.331246581,0.181379086282753,0.512625667590182,0.00220596218594589,0.120626027373253,0.0592061003518893,0.00151171953367806
PeriMac->Alpha,WNT5B_FZD5,0.288578333097982,0.226974745968662,0.176895929865113,0.000136682719666094,0.00477543863031048,1.64E-05,0.0880103570060072,-0.346431196,-0.706062127,-0.359630931,0.00023005709293492,5.47728117176158e-05,0.0091281335130197,0.131163918043991
PeriMac->Alpha,CXCL10_CXCR3,0.285443523133182,0.190458686792743,0.174351491626084,1.23515938033951e-05,2.4691671044805e-05,5.26E-05,0.879762850703402,-0.583727234,-0.711206617,-0.127479383,2.4691941277836e-05,0.000157760215629526,8.45535636952795e-05,0.907288874666814
PeriMac->Alpha,LAMA3_ITGA6,0.354928639945747,0.211343155553867,0.216652554691856,2.85022217038308e-09,9.12020621107081e-09,5.53E-07,0.20444606613199,-0.7479416,-0.712145742,0.0357958575257288,1.11335311580123e-08,2.54615885574399e-06,8.02055574013645e-08,0.273415470233577
PeriMac->Alpha,ANGPTL7_LILRB3,0.30820987247949,0.206335342107696,0.186113920687273,1.8516983072934e-05,3.67584622368217e-05,6.12E-05,0.953089771843883,-0.578922118,-0.727727103,-0.148804985,3.59173254531771e-05,0.000181200381372565,0.000120141182811868,0.965091336491505
PeriMac->Alpha,RSPO4_LGR5,0.319085989795785,0.200971893065752,0.192447187935754,5.05653806565531e-07,1.55749981623587e-06,4.41E-06,0.512144155517185,-0.666951515,-0.729482672,-0.062531157,1.29794681002842e-06,1.67885451704111e-05,7.27873661615641e-06,0.587033753092197
PeriMac->Alpha,WNT5B_FZD1,0.327452995512608,0.262514281487975,0.19735311969811,0.000881842073611255,0.021669339858255,0.000127829,0.0694873090745854,-0.318891916,-0.730508501,-0.411616585,0.00131507959434785,0.000351220207325928,0.0352514130097318,0.106590629674023
PeriMac->Alpha,IL24_IL22RA1,0.358646394841012,0.270593499288567,0.348397621049044,0.00188863920827778,0.00486617962454424,0.609880747,0.00248306940271095,-0.406434947,-0.041827356,0.364607591109095,0.00267535710475553,0.67110624129237,0.00928256105066435,0.00560011397207151
PeriMac->Alpha,MMP1_ITGA2,0.246808759609683,0.167437309624075,0.147911951443746,1.88625587614507e-05,7.37603151828135e-05,2.82E-05,0.550724036420933,-0.55977256,-0.738654966,-0.178882406,3.65572300284255e-05,8.94486774922085e-05,0.000222449473011731,0.623138502151196
PeriMac->Alpha,F8_LDLR,0.294169738720081,0.197283604783613,0.175256269165797,2.22439898846568e-07,9.56458333545234e-07,2.00E-06,0.596497149330572,-0.576377775,-0.747182788,-0.170805013,6.09016547238271e-07,8.13737352390257e-06,4.7838302066005e-06,0.665326486781726
PeriMac->Alpha,VWF_GP1BB,0.30997783813232,0.239757643063415,0.300423761770662,0.00202273428283996,0.00197669227041863,0.848329745,0.00734380755935352,-0.370588266,-0.045166147,0.325422118303378,0.00285360940567622,0.879051306849927,0.00415458789862576,0.0147002225136587
PeriMac->Alpha,EFNB2_PECAM1,0.262897501300266,0.197841106808662,0.217659230727612,0.00206845313974068,0.000815460083204782,0.058081917,0.124070583849741,-0.410158212,-0.272429224,0.137728988205204,0.00291326149592346,0.0877816137721173,0.00187863957918849,0.177722728217196
PeriMac->Alpha,SEMA3G_PLXNA3,0.320398334695896,0.193869952347305,0.190275391844039,3.45591636133135e-07,2.31230117817723e-07,5.53E-05,0.743099678292182,-0.724777427,-0.751777655,-0.027000228,9.11673863645329e-07,0.000165135324719681,1.39245612589007e-06,0.794638748035019
PeriMac->Alpha,ADM_CALCR,0.286883950530596,0.213298475702565,0.170365449318677,3.43376283452195e-05,0.000780616273655061,8.38E-06,0.139118135483623,-0.427593603,-0.751834475,-0.324240872,6.4009072183095e-05,2.99476842538739e-05,0.0018081918551414,0.195701096032459
PeriMac->Alpha,CD40LG_ITGB1,0.533187312906294,0.426591746367297,0.315494008266081,2.47389836338684e-05,0.0119491983652374,5.27E-06,0.00344954148036097,-0.321786399,-0.757029844,-0.435243445,4.70565333068362e-05,1.96293429876511e-05,0.0207294257673302,0.00749006585866088
PeriMac->Alpha,CLSTN1_NRXN3,0.312058646704139,0.225364438427698,0.295526156059791,0.00222700072983311,0.00185925689009283,0.983047537,0.00918198415707848,-0.469557303,-0.078531363,0.391025940599699,0.00312101304204976,0.988345271202697,0.00392928819764072,0.017937078160676
PeriMac->Alpha,LAMC1_SV2C,0.347666586039703,0.259417270587348,0.30556667052479,0.0022418799138877,0.00120063249675539,0.537430933,0.0190432782489805,-0.422429886,-0.186217226,0.236212660585999,0.00313997835386553,0.605065766752457,0.00265139676366815,0.0342595370311457
PeriMac->Alpha,SELPLG_SELP,0.288605500118381,0.177762451395258,0.170447392054941,3.17037349625564e-06,3.68353590765405e-06,6.43E-05,0.827038859950415,-0.699148174,-0.759772265,-0.060624091,6.98470570927554e-06,0.000189346388063625,1.54705191114799e-05,0.864028039800864
PeriMac->Alpha,WNT4_LRP5,0.22761220393557,0.204085444858297,0.252258951593641,0.00231773012864758,0.0127933201562505,0.132244201,0.00255295583618279,-0.157404618,0.148327551682703,0.305732169309327,0.0032398901004083,0.181675097033751,0.0220177288593182,0.00573692412428646
PeriMac->Alpha,DAGLB_CNR2,0.287637005476718,0.214914819056869,0.259127964467164,0.0023816324869206,0.00073093404669005,0.332673977,0.0532494364152656,-0.420484329,-0.150584579,0.269899750371807,0.0033249688715633,0.402592482934965,0.00170667153630157,0.0849804521610945
PeriMac->Alpha,ADAM15_ITGAV,1.88810383437091,1.8786011209973,1.11089593509703,2.84259725956168e-09,0.450068520611596,9.76E-12,1.50109274099896e-07,-0.007279331,-0.76521443,-0.757935098,1.1113054164791e-08,1.23336894475463e-10,0.51727934453733,8.85654211767127e-07
PeriMac->Alpha,LAMA3_SDC2,0.35450700211029,0.277728514300465,0.299749719843708,0.00245229895416372,0.000640260684789584,0.132244201,0.132505520377041,-0.352138816,-0.242055717,0.110083099052959,0.00341724598811461,0.181675097033751,0.00152239400145736,0.187957952262324
PeriMac->Alpha,THBS1_TNFRSF11B,0.430125223223901,0.226010565000435,0.253011553692779,7.84795491942349e-09,6.36961746563085e-09,2.16E-05,0.145981977461377,-0.928366519,-0.765553467,0.162813052088268,2.82647581036225e-08,7.01482592168555e-05,5.86284151184797e-08,0.204002979140034
PeriMac->Alpha,COL9A1_ITGAV,0.289863692789828,0.222006160611553,0.170145283837269,3.1739771777912e-06,0.000309380063469843,1.06E-06,0.0314451584074277,-0.384774925,-0.768607472,-0.383832547,6.99099388770634e-06,4.62980885999747e-06,0.000790731732927627,0.0534356589259207
PeriMac->Alpha,CALM3_MYLK,0.402309613573555,0.32531003601303,0.401050377181318,0.00259565558658488,0.00514783846490178,0.940715926,0.00335753265562577,-0.306490881,-0.004522743,0.301968137535025,0.00360301715947378,0.954943404154332,0.00976393599036271,0.00731582915479495
PeriMac->Alpha,POSTN_ITGAV,0.314510067914768,0.235490550468467,0.2643592178991,0.00259562322751089,0.000969767354071369,0.224369642,0.0542933602226738,-0.417437029,-0.250606567,0.166830462066466,0.00360301715947378,0.288320707841844,0.00220005362833092,0.0864541591254868
PeriMac->Alpha,WNT16_FZD1,0.30368825400414,0.205777526313917,0.178014852883699,9.56563193303638e-06,3.58049436467865e-05,2.40E-05,0.469843485939086,-0.561505678,-0.770593487,-0.209087809,1.94906541440287e-05,7.74118368755838e-05,0.000117385127005329,0.546880463793336
PeriMac->Alpha,CGN_TGFBR2,0.276626857521688,0.21090447793017,0.26298320357528,0.00267357890406451,0.00193681123660909,0.717858421,0.0125619404798197,-0.391351505,-0.072970574,0.31838093108644,0.00370291670632721,0.766592255144919,0.00407823368286447,0.0236627182543937
PeriMac->Alpha,WNT8A_LRP5,0.370140491436651,0.301295164128119,0.38449384306431,0.00299511978072784,0.0134606187593157,0.296671588,0.00234852056003735,-0.296895449,0.0548875286425433,0.351782977867802,0.00411586289254999,0.365037933780328,0.0230682806883882,0.00532628246633319
PeriMac->Alpha,NTN4_NTRK2,0.326655396798427,0.231683682009219,0.190888435607971,4.68787838388042e-05,0.000715037104964191,2.28E-05,0.122028743724004,-0.495613038,-0.775039768,-0.27942673,8.51412180000713e-05,7.36454974615673e-05,0.00167374306527126,0.175093696578604
PeriMac->Alpha,PF4_FGFR2,0.32671418732216,0.212457137895822,0.190583031378181,7.12080701770851e-07,3.18219789273657e-06,2.90E-06,0.775083438387839,-0.620857287,-0.777609427,-0.15675214,1.78268620132005e-06,1.14210446683538e-05,1.35975913620919e-05,0.820469622478639
PeriMac->Alpha,TFPI_VLDLR,0.302749074890285,0.224691225303047,0.300472786493211,0.00315673721519364,0.0056501543462265,0.647640094,0.00474722205307515,-0.430178765,-0.010888218,0.419290546712475,0.00431633608081593,0.705911053980635,0.0105747672033709,0.00999370058927669
PeriMac->Alpha,COL4A1_GP6,0.346913344914288,0.297532157305024,0.379192651187078,0.00316143908696964,0.0468170323254483,0.172146345,0.000901681955746287,-0.221529735,0.128355665829426,0.34988540033686,0.00432086502611763,0.229135432259719,0.0700865475095139,0.00226525431812587
PeriMac->Alpha,PF4_SDC2,0.37882127583915,0.305565883405469,0.403685278682735,0.00326578800571729,0.0159123320572963,0.301650958,0.00222067847040569,-0.310033884,0.0917136167885019,0.401747500727787,0.00445109154256734,0.370431824194327,0.0267827920300361,0.00506342917916018
PeriMac->Alpha,PODXL_SELL,0.310033500790644,0.250224330815001,0.335445901651705,0.0036184822819035,0.0245905298226676,0.186053772,0.00215917825554795,-0.309202036,0.113656002258167,0.422858037812085,0.00490527579212263,0.245163100406884,0.0394259990006607,0.00493163926732401
PeriMac->Alpha,CALM1_PTH2R,0.30923788201553,0.243180742870208,0.179375717781935,3.99437496940348e-05,0.0113488965296077,8.38E-06,0.00584284636158829,-0.346688072,-0.785732454,-0.439044381,7.35337077454029e-05,2.99476842538739e-05,0.0197984864088611,0.0120393352906772
PeriMac->Alpha,IL24_IL20RA,0.339811315997863,0.241855654438029,0.196510307794427,0.000112489164172506,0.00148138442515625,7.86E-05,0.0775948741624135,-0.490587627,-0.790128903,-0.299541276,0.00019166312345453,0.000226928464118593,0.00320091589480136,0.117272356802818
PeriMac->Alpha,NRG1_ITGAV,0.303541339336259,0.228648284204335,0.174423782600276,6.97411242563263e-08,5.3663254425743e-06,1.12E-08,0.232731917241407,-0.408762916,-0.799296243,-0.390533327,2.09044089673204e-07,7.45409955278245e-08,2.16416272063697e-05,0.305119230362312
PeriMac->Alpha,LAMC2_ITGA6,0.343248118441361,0.208224360042113,0.196984814839317,3.22295958266738e-09,2.71303146259018e-08,3.66E-08,0.939709549359295,-0.721112951,-0.801167389,-0.080054439,1.24901400029586e-08,2.18055823917265e-07,2.09150061843316e-07,0.95444367121336
PeriMac->Alpha,LAMA5_ITGA6,0.351565781645529,0.193206118953438,0.200879500318431,5.65787366463937e-10,6.115526437489e-10,8.77E-07,0.686664085448659,-0.863653869,-0.80746431,0.0561895588690534,2.52761712374311e-09,3.87814704140335e-06,7.54571833451023e-09,0.745831694115637
PeriMac->Alpha,WNT8A_FZD6,0.421379026760324,0.247155379075645,0.24021102561613,1.73019158746244e-06,5.21432854362767e-06,8.88E-06,0.886396034251837,-0.769700201,-0.810816134,-0.041115934,4.00278450591508e-06,3.14692285770747e-05,2.11151878699652e-05,0.912616137693282
PeriMac->Alpha,LAMC2_ITGA2,0.287441896790134,0.171439713227042,0.163431125738205,5.29946012536627e-08,1.46509060438238e-07,1.56E-06,0.959785082203396,-0.745569015,-0.814587583,-0.069018568,1.63578305921299e-07,6.53744193183996e-06,9.30951305018997e-07,0.970027535307497
PeriMac->Alpha,PF4_LDLR,0.299723887374216,0.216346280899132,0.23810217050938,0.00437961703922471,0.00117544605330085,0.081317515,0.267295505178463,-0.470291746,-0.332053295,0.138238451162034,0.00586043146491007,0.118114260698542,0.00260812578144394,0.343006490984838
PeriMac->Alpha,CD46_JAG1,0.3580415067802,0.28853277571106,0.324184623043357,0.00439690125802042,0.00117544605330085,0.277299392,0.0978100474804907,-0.311391634,-0.143311183,0.168080450711913,0.00588102881198946,0.344289728796692,0.00260812578144394,0.144020856021786
PeriMac->Alpha,INS_IGF1R,1.18133914423396,1.42108421198828,1.03472723754849,0.00444405352592774,0.0134606187593157,0.848329745,0.00255295583618279,0.266568849855711,-0.191172688,-0.457741538,0.00594154096171048,0.879051306849927,0.0230682806883882,0.00573692412428646
PeriMac->Alpha,HLA-DMB_CD4,0.420248029795176,0.376772253865251,0.238798392236984,1.05461962970994e-05,0.266222959285392,2.12E-07,0.00029225212336456,-0.157548329,-0.81544793,-0.657899601,2.13302079486868e-05,1.06740898984002e-06,0.327176042023764,0.000826099335377157
PeriMac->Alpha,NGF_MAGED1,0.380044414424731,0.296990621191607,0.31276031984352,0.00499785308835248,0.00133421056868375,0.129495748,0.189855946483127,-0.355750658,-0.281110542,0.0746401159245741,0.00662592006937918,0.178293185649458,0.00291433150460581,0.256403108266195
PeriMac->Alpha,EDN2_EDNRA,0.316595318308155,0.161457849804941,0.178833155160353,4.48359245432692e-10,8.62141192957128e-10,1.66E-06,0.0804627856400735,-0.971482333,-0.824025685,0.147456647997696,2.03716270891191e-09,6.90606211240038e-06,1.02839553042252e-08,0.121116163377538
PeriMac->Alpha,RARRES2_CMKLR1,0.346763851564681,0.292681685846131,0.38823418086107,0.00504080973649451,0.0376552538993825,0.200763462,0.00222067847040569,-0.244621038,0.162973628262857,0.407594666077787,0.00667528012805519,0.261736069387516,0.0575911146701819,0.00506342917916018
PeriMac->Alpha,OXT_AVPR1B,0.301929380405316,0.239356719581471,0.252630852933742,0.00529028744744709,0.00214386944232527,0.118937899,0.10662613730658,-0.335048841,-0.257180309,0.077868532803157,0.00698921679117931,0.165441801838872,0.0044638424459844,0.155359045422645
PeriMac->Alpha,SELL_PODXL,0.287304517311666,0.235681893642402,0.323732302301399,0.00532094593307701,0.0220171422527931,0.296671588,0.00344954148036097,-0.285739748,0.172220648921027,0.45796039726777,0.00702530554334641,0.365037933780328,0.0357361933067782,0.00749006585866088
PeriMac->Alpha,PTDSS1_SCARB1,0.289684150539062,0.239748730888141,0.295672710102296,0.00585152298420668,0.0109637187344007,0.749882553,0.00569443107289666,-0.272957573,0.0295203394000927,0.302477912750345,0.00768233728313581,0.795508296483703,0.0192055527426272,0.0117725294875842
PeriMac->Alpha,CDH1_ITGA2,0.368699716846742,0.277937413638871,0.334950763516204,0.00603387192363396,0.00205872459857119,0.489391895,0.057528062304685,-0.407686256,-0.138497268,0.269188988307117,0.00790727132672908,0.558757355903496,0.00430578095414171,0.0908912203892449
PeriMac->Alpha,NTN4_UNC5B,0.300056040567281,0.231998877198973,0.282710827504723,0.0063534061774565,0.00338343922561808,0.694154015,0.0282776477053012,-0.371114149,-0.085904836,0.28520931351591,0.00830036033939976,0.746922211493225,0.00672793031263386,0.048639848385589
PeriMac->Alpha,WNT10A_FZD1,0.355955024379328,0.243871631122022,0.200102584238121,1.33999787701046e-05,0.000212230351910332,3.27E-06,0.325482427004241,-0.54557302,-0.830955163,-0.285382143,2.65946812696884e-05,1.27326524605054e-05,0.000565947605094219,0.40281702537302
PeriMac->Alpha,LAMA1_CD44,0.353834782015073,0.263623579907602,0.312442789160695,0.00720076172885824,0.00272620697398809,0.580388415,0.0502177885454943,-0.424596452,-0.179483827,0.245112625295025,0.00933287556020421,0.643588104742516,0.00553911101140512,0.0807640571642019
PeriMac->Alpha,JAG1_NOTCH2,0.348825337814421,0.210658862396952,0.195411062049147,2.81138137943603e-08,1.84217583002847e-07,2.62E-07,0.69906827060782,-0.727596224,-0.835992695,-0.108396471,9.18227083591711e-08,1.29339359261763e-06,1.1380010690401e-06,0.756573712522305
PeriMac->Alpha,THBS4_ITGAV,0.265576917668224,0.222860500262068,0.259983573305029,0.00766002640808913,0.00338343922561808,0.725821198,0.0387007495546757,-0.252988824,-0.03070929,0.22227953420382,0.00988965070375854,0.773678452153574,0.00672793031263386,0.0642442055864942
PeriMac->Alpha,LAMA1_ITGA6,0.361717045925832,0.209368360971215,0.201801146880299,2.08365730295798e-09,9.45167589032369e-09,1.04E-07,0.959785082203396,-0.78881814,-0.84192721,-0.05310907,8.35253774043492e-09,5.58962057414091e-07,8.27239606502512e-08,0.970027535307497
PeriMac->Alpha,WNT8A_LRP6,0.393342008053489,0.30411793620788,0.331370874481551,0.00824860590639473,0.00319119456373822,0.079442485,0.207459453036099,-0.371153364,-0.247337467,0.123815897611448,0.0106084373217772,0.115769332975468,0.00638649708014376,0.276731270973936
PeriMac->Alpha,RSPO2_LGR4,0.262924422301926,0.163431064523977,0.146452644895299,1.17194896411147e-07,4.67074278604275e-07,1.37E-06,0.762240672156345,-0.68596592,-0.844213904,-0.158247984,3.3719740707069e-07,5.8288472608316e-06,2.57346064431227e-06,0.810461756511386
PeriMac->Alpha,B2M_CD1B,0.603390852529361,0.699311786144994,0.543673461459156,0.00846266018103171,0.0287169024396047,0.382880504,0.00474722205307515,0.212842994894469,-0.150352418,-0.363195413,0.0108642573862736,0.454679737364685,0.0451706953480999,0.00999370058927669
PeriMac->Alpha,COL6A2_ITGB8,0.402517579597651,0.318786342107054,0.394672749262697,0.00849404330069918,0.0156506272456962,0.377086024,0.00940969377815292,-0.336461971,-0.028394883,0.308067088201419,0.01090004621116,0.449171042500319,0.0263899224417668,0.0183132074532021
PeriMac->Alpha,SEMA3C_PLXNA1,0.338292103704989,0.23375721165164,0.187978386927993,3.20971025668763e-06,5.02513916960508e-05,1.06E-06,0.43447267391887,-0.533258626,-0.847702704,-0.314444077,7.05803330372047e-06,4.62980885999747e-06,0.00015841330913848,0.512877891965986
PeriMac->Alpha,VWF_SELP,0.309980045203111,0.18263370944869,0.171890695718474,2.81188514766081e-06,5.06645889192945e-06,3.30E-05,0.662110047831206,-0.763222269,-0.850683887,-0.087461618,6.24209058957165e-06,0.000103281816650416,2.05656782175448e-05,0.723373451179373
PeriMac->Alpha,CDH1_ITGAE,0.359108431006042,0.280345357352083,0.323448971609238,0.00871039913156276,0.00278073546728014,0.437415763,0.0804627856400735,-0.357214345,-0.150881398,0.206332946783272,0.0111577318180744,0.508945271038971,0.00564130066089368,0.121116163377538
PeriMac->Alpha,RIMS1_CACNA1C,0.27047409584858,0.20972038914686,0.231530767226788,0.00875118944229522,0.00232392045953271,0.058081917,0.656026612916628,-0.3670233,-0.224286508,0.142736791768691,0.0112069048761298,0.0877816137721173,0.00479697500476236,0.718241343343463
PeriMac->Alpha,GAST_ADGRG1,0.451917362758791,0.321017295908471,0.249710605661616,1.28610755528371e-08,3.27691572418019e-06,3.32E-10,0.207459453036099,-0.493407956,-0.855801888,-0.362393932,4.46975084787126e-08,3.06546568281535e-09,1.39511957440223e-05,0.276731270973936
PeriMac->Alpha,COL1A2_CD36,0.445924435741523,0.38529365253115,0.475743347121692,0.00928193107568251,0.077667575278723,0.143685546,0.00344954148036097,-0.210840839,0.0933842229997377,0.304225062321919,0.0118394438772004,0.19543580823175,0.110000032052361,0.00749006585866088
PeriMac->Alpha,GZMA_F2RL2,0.272702307438305,0.158110152763639,0.150099311343832,4.25102523653152e-08,1.24266923847945e-07,3.69E-06,0.173378263386734,-0.786396893,-0.861409545,-0.075012652,1.33738831050138e-07,1.42086546529161e-05,8.05853738812895e-07,0.237356013954639
PeriMac->Alpha,CALM3_ADCY8,0.398251125234067,0.318360345524768,0.346608171367699,0.00960571832252986,0.00338343922561808,0.245485937,0.10662613730658,-0.32301779,-0.200372771,0.122645019202781,0.0122307044106686,0.310873312144995,0.00672793031263386,0.155359045422645
PeriMac->Alpha,LAMA1_ITGA2,0.301327108478108,0.183261056757106,0.164949538194663,1.30747080303544e-07,5.46695643315882e-07,1.14E-06,0.966483230293598,-0.717430222,-0.869305726,-0.151875504,3.72172342102977e-07,4.90271199579976e-06,2.93921109805588e-06,0.975160148423871
PeriMac->Alpha,WNT11_FZD1,0.358825120267868,0.268019626020946,0.292457486367881,0.0101058759577132,0.00241904613434885,0.301650958,0.165551471927551,-0.420942244,-0.295053972,0.125888271988776,0.0128325089754355,0.370431824194327,0.00496804542959183,0.227969313572513
PeriMac->Alpha,LAMB1_ITGA6,0.445527172046098,0.369699711339683,0.471542406850282,0.0101610471984499,0.0245905298226676,0.456529695,0.00698317222087203,-0.269159505,0.0818740990317885,0.351033603569891,0.0128955439819239,0.52697797183184,0.0394259990006607,0.014081168011001
PeriMac->Alpha,IHH_PTCH1,0.296824905622023,0.181704341432039,0.161112787008531,1.4305325961166e-08,1.78306712379693e-07,5.77E-08,0.60233848939119,-0.708019256,-0.881541144,-0.173521888,4.93126683539382e-08,3.27942083506673e-07,1.10514618809154e-06,0.670879215407883
PeriMac->Alpha,GDF6_ACVR2A,0.392853872672741,0.203388220258223,0.211979667565552,5.31984824209896e-11,1.44574679572602e-10,5.77E-08,0.400690839780537,-0.949756655,-0.890066887,0.0596897679954184,2.8935011313294e-10,3.27942083506673e-07,2.09734465171576e-09,0.479492514877851
PeriMac->Alpha,LAMC1_CD44,0.40878101799338,0.349284068342293,0.45011809172343,0.010659485136896,0.14202146145688,0.085173831,0.00335753265562577,-0.226927365,0.138975346844553,0.365902712050837,0.0134840896876819,0.123159431961913,0.18788486632673,0.00731582915479495
PeriMac->Alpha,RSPO4_LGR6,0.323755351618849,0.200534241797863,0.173814061806889,5.27059059483968e-08,2.89737541108592e-07,4.84E-07,0.768654118871087,-0.691055436,-0.897359234,-0.206303798,1.62848854152582e-07,2.2551110112501e-06,1.68811479291752e-06,0.815236568599147
PeriMac->Alpha,ADAM9_ITGA6,0.428363999590123,0.275682769535077,0.226874724297816,2.33678013456917e-08,1.46612868826601e-06,3.66E-08,0.0775948741624135,-0.635828137,-0.916941346,-0.281113209,7.74608567706512e-08,2.18055823917265e-07,6.90012533004307e-06,0.117272356802818
PeriMac->Alpha,EFNB2_EPHB4,0.256877568659054,0.201214688577121,0.236327441058293,0.0112390710201304,0.00743320897645533,0.815172087,0.027089855547948,-0.352345289,-0.120293758,0.232051530838215,0.0141749668031066,0.851947886236657,0.0135186144145789,0.0468472696609675
PeriMac->Alpha,EDIL3_ITGB5,0.28638309262864,0.228638884028585,0.263475937134418,0.0112710722147603,0.00608338887894039,0.840013054,0.0349123085840745,-0.324875541,-0.120275113,0.204600427987965,0.0142103074554389,0.872274492281307,0.0112859688668966,0.0586778404454499
PeriMac->Alpha,ADAM2_ITGA6,0.332043780756019,0.209586365576776,0.175663220637412,6.10574675746317e-09,1.16317294326603e-07,2.49E-08,0.373030386741242,-0.663828607,-0.918561313,-0.254732706,2.24495095599592e-08,1.5406226988624e-07,7.59809328766496e-07,0.452172795151303
PeriMac->Alpha,WNT4_LRP6,0.236341812906807,0.206131455513894,0.219265524799765,0.0113425591740272,0.00214386944232527,0.338035482,0.223010216659682,-0.197310212,-0.108195894,0.0891143180273627,0.0142823153314424,0.408339157281307,0.0044638424459844,0.294234696039818
PeriMac->Alpha,ALDH1A1_RXRA,0.507585860046785,0.426854992959087,0.493573687565613,0.0127660110515493,0.0092068273392548,0.991523296,0.0253889849762867,-0.249905825,-0.040386394,0.209519431249427,0.0159626475990418,0.993653771813764,0.0163926866616852,0.0441844126602242
PeriMac->Alpha,LAMA5_ITGA2,0.299554932990726,0.162520984422529,0.158423999797818,2.99590687105379e-08,7.05257436671267e-08,1.56E-06,0.979886151019647,-0.882194579,-0.91902968,-0.036835101,9.74061320780401e-08,6.53744193183996e-06,4.90943385766386e-07,0.985698049898767
PeriMac->Alpha,CXCL12_CXCR3,0.327267116045957,0.263982915956247,0.308846453768048,0.0145186939849567,0.00631103524949097,0.489391895,0.0644789351697359,-0.310024079,-0.083578881,0.22644519823461,0.0180165461609254,0.558757355903496,0.0116711611433885,0.100081359877207
PeriMac->Alpha,SEMA3C_PLXNA3,0.369406721200135,0.219703269227311,0.194889645982156,2.01282764948609e-07,1.18520707562182e-06,8.77E-07,0.768654118871087,-0.749653776,-0.922552667,-0.172898891,5.55000186651086e-07,3.87814704140335e-06,5.74615987598772e-06,0.815236568599147
PeriMac->Alpha,COL6A3_CD44,0.411344402820296,0.371125873770672,0.467843739552216,0.0164879441381853,0.26363312185161,0.065660608,0.00462422598390695,-0.148438228,0.185679934892274,0.33411816247928,0.0203243338881537,0.0980442049901697,0.324814391841476,0.00974797287635798
PeriMac->Alpha,IHH_BOC,0.313600298565024,0.180850339000665,0.163764422879536,1.80797619249256e-09,2.53137894505959e-08,1.43E-08,0.584892560463631,-0.794130627,-0.937304957,-0.14317433,7.32297087432504e-09,9.2886817829072e-08,1.95631340509659e-07,0.6547315257416
PeriMac->Alpha,NEGR1_NEGR1,0.316100278518304,0.298715716913955,0.164963852039875,2.68626413353631e-06,0.137164899201748,1.82E-08,0.00029225212336456,-0.081609159,-0.938232376,-0.856623217,5.98744846777221e-06,1.1485285474373e-07,0.182131555836855,0.000826099335377157
PeriMac->Alpha,THBS1_ITGA6,0.499708691862426,0.267381619211897,0.258493508253738,3.30252899725365e-10,2.46355233538098e-09,1.32E-08,0.913003847853359,-0.902187017,-0.95095926,-0.048772243,1.52883327475841e-09,8.65021803339076e-08,2.52805458574629e-08,0.933519663792188
PeriMac->Alpha,IFNA6_IFNAR2,0.333360181853756,0.178341008333799,0.172312439462535,9.58017639788494e-09,3.69939757381848e-08,4.23E-07,0.608205463225818,-0.902443309,-0.952054933,-0.049611624,3.40693425236259e-08,1.99372057448728e-06,2.75183258122638e-07,0.675646280894676
PeriMac->Alpha,WNT10A_FZD6,0.340933249192723,0.225927715996132,0.175906391057944,1.85203503268671e-07,2.4691671044805e-05,3.39E-08,0.0748107811070781,-0.593628035,-0.9546814,-0.361053364,5.1354883427175e-07,2.0417085834139e-07,8.45535636952795e-05,0.113395347118431
PeriMac->Alpha,MMP1_CD44,0.29182832670833,0.241388359694988,0.271630175285271,0.019657732395073,0.0109637187344007,0.709925787,0.0464018199343475,-0.273763818,-0.10347617,0.170287648544427,0.0239476724280058,0.75977371920667,0.0192055527426272,0.0752889504866226
PeriMac->Alpha,CADM1_CADM1,0.260566463981205,0.233360613499202,0.27620978819924,0.0199269556932124,0.042331281887238,0.496111942,0.0111496920285385,-0.15909033,0.0841130309420729,0.243203360963177,0.0242376636727455,0.565046666236841,0.0639977629569134,0.0212905480536759
PeriMac->Alpha,ALB_FCGRT,0.64503657850816,0.803916490957266,0.648469650146131,0.0207777333442681,0.0136897889195942,0.509696462,0.0419779063709174,0.317664670118753,0.00765807993713888,-0.31000659,0.0252198694385599,0.578681669789066,0.0234051229915642,0.0690721309980451
PeriMac->Alpha,LAMB1_ITGA2,0.364984794854425,0.312372232176655,0.387621098879437,0.0209522456778765,0.0461526988611355,0.338035482,0.0134833468340739,-0.224570149,0.0868107379709223,0.311380887210441,0.0254085475407218,0.408339157281307,0.0692030822981308,0.0252201041243716
PeriMac->Alpha,WNT5B_FZD6,0.318805129640173,0.244205815291305,0.16319005706067,1.4126644377441e-06,0.00182155909607962,4.60E-08,0.00791612887988383,-0.384577286,-0.96612168,-0.581544394,3.32592980193765e-06,2.67682788557002e-07,0.00386153618417404,0.0156876248548027
PeriMac->Alpha,LAMC1_ITGB8,0.361446930285277,0.293545407264009,0.340435828635127,0.0212379783321171,0.0151385545616434,0.991523296,0.0334881249375804,-0.300200152,-0.086400959,0.21379919368866,0.0257383216684408,0.993653771813764,0.025600514313091,0.0565695815678649
PeriMac->Alpha,PRSS2_F2RL2,2.27024728146919,2.70014546698635,2.15221896428757,0.0217906300996074,0.0371028810173872,0.424929926,0.0162385290694016,0.250187684355982,-0.077024585,-0.327212269,0.0263806615923605,0.496399041977884,0.0568394932058117,0.029712239929262
PeriMac->Alpha,TNFSF18_TNFRSF18,0.40327913340059,0.232972112236839,0.206002145715153,3.17164826947164e-09,6.16335046558364e-08,4.91E-09,0.67434371448935,-0.791621488,-0.969119391,-0.177497903,1.23117499199465e-08,3.53143144214821e-08,4.3786544663339e-07,0.735017313479395
PeriMac->Alpha,COL1A1_ITGAV,0.295236192810415,0.26554615626861,0.32715627984457,0.024532093293845,0.105368772436903,0.132244201,0.012862685347333,-0.152906944,0.148110372097428,0.301017315987021,0.0294966958294645,0.181675097033751,0.144456188902327,0.024180396799662
PeriMac->Alpha,COL11A1_DDR1,0.35726825234687,0.296607281091199,0.333999738719217,0.0256677600359786,0.00586316555742861,0.496111942,0.207459453036099,-0.268453704,-0.097160744,0.171292960179328,0.0307670092027253,0.565046666236841,0.0109339480847049,0.276731270973936
PeriMac->Alpha,GNAS_TSHR,0.387859867451354,0.444224246050538,0.367731370922056,0.0261585132009151,0.0245905298226676,0.966102628,0.0265122822335032,0.195752632426715,-0.076883248,-0.27263588,0.0313029648669835,0.975303605642728,0.0394259990006607,0.0459421453973839
PeriMac->Alpha,VEGFA_TYRO3,0.400511124556396,0.320445899019644,0.41425430419365,0.0270130845949189,0.0474893938670396,0.463002484,0.0170002605530732,-0.321761508,0.0486743719832617,0.370435879672694,0.0322676467027024,0.533591200008793,0.0709564417734655,0.0309723496951302
PeriMac->Alpha,AANAT_MTNR1B,0.31740842850311,0.179148746341681,0.161786755754196,1.3052780227025e-09,9.12020621107081e-09,7.21E-08,0.338041382622943,-0.825182487,-0.972246924,-0.147064437,5.44284014115733e-09,4.01683286654377e-07,8.02055574013645e-08,0.415941170967789
PeriMac->Alpha,HLA-C_KIR2DS1,0.371911345447952,0.433251222880468,0.332591753640826,0.0308883195100932,0.0644612276342921,0.443736015,0.0155069557543906,0.220245061777416,-0.16120636,-0.381451422,0.0366339789434392,0.514630056986466,0.0929932464232411,0.0285078603226164
PeriMac->Alpha,DLK1_NOTCH2,0.282622160260455,0.188805576160623,0.143837331478511,1.13233879851344e-07,1.93743820357724e-05,6.86E-09,0.128234143734716,-0.581973215,-0.974436425,-0.39246321,3.26505604715096e-07,4.74873951500872e-08,6.77631179713853e-05,0.182872357859262
PeriMac->Alpha,B2M_KIR3DL1,0.744966427612874,0.929136975009551,0.836892647977561,0.0321604058098397,0.0123648801967499,0.121512752,0.338041382622943,0.31871588547932,0.167867162315587,-0.150848723,0.0380411191217581,0.168721487840779,0.0213552309711689,0.415941170967789
PeriMac->Alpha,AANAT_MTNR1A,0.403797176419995,0.248823693783151,0.204719909396672,4.58702935933047e-07,1.25011322065767e-05,1.72E-07,0.329634594987756,-0.69850695,-0.979979405,-0.281472455,1.18492965560329e-06,8.80131248953229e-07,4.58735488681932e-05,0.407262450602091
PeriMac->Alpha,EDN3_EDNRA,0.27441311207983,0.165531975094339,0.138348399566717,2.45044414629365e-09,7.79981115804726e-08,8.79E-09,0.23603833595107,-0.729239492,-0.988043458,-0.258803967,9.71842814482446e-09,5.93752993457144e-08,5.34582207805032e-07,0.308352088250764
PeriMac->Alpha,IAPP_CALCR,0.427106406557172,0.367737358193943,0.213776917744765,6.88159103265816e-08,0.0314685703194936,3.81E-09,1.06452749035821e-05,-0.215919791,-0.998489447,-0.782569655,2.06669288965342e-07,2.80914708352313e-08,0.0489884552637243,4.14783309526372e-05
PeriMac->Alpha,COL6A3_ITGB8,0.356688468835162,0.299102210753979,0.355176733459156,0.0380462982825934,0.0278469408319383,0.686316387,0.0473321623854282,-0.254026002,-0.006127498,0.247898503597207,0.0446578420007589,0.740025344831061,0.0439074144828127,0.0765986139367236
PeriMac->Alpha,WNT16_FZD6,0.29911460858065,0.189605347644601,0.148703172390875,1.02007223726448e-07,1.08815058374243e-05,3.95E-08,0.0694873090745854,-0.657698715,-1.008262942,-0.350564227,2.96055812980805e-07,2.32470262118757e-07,4.05524116865737e-05,0.106590629674023
PeriMac->Alpha,RIMS1_SLC18A2,0.272092852379836,0.202134698862889,0.134017225116329,9.08489296750343e-08,0.000489443059670575,6.86E-09,0.00136534563140602,-0.428782058,-1.021680612,-0.592898554,2.65488350879925e-07,4.74873951500872e-08,0.00119516357607516,0.00328245980663797
PeriMac->Alpha,CALR_TSHR,0.446459956136439,0.510910602859441,0.416378056562376,0.0423805687536803,0.0895235808308765,0.360025325,0.0208291448201336,0.194540092678681,-0.100636743,-0.295176836,0.0493663767900012,0.431493798216525,0.125067539612164,0.0371357536089843
PeriMac->Alpha,ADAM2_CD9,0.4181934749426,0.236701293870617,0.205329007222212,9.70383050891741e-10,1.8499248029889e-08,3.81E-09,0.807453461960571,-0.821102957,-1.026233094,-0.205130137,4.15026735383684e-09,2.80914708352313e-08,1.49145190685225e-07,0.847079875243703
PeriMac->Alpha,LAMA3_ITGB1,0.463993580569919,0.416588896228358,0.456298599501148,0.0436720016410405,0.0502605682958149,0.573119738,0.0327948681480073,-0.155480459,-0.02412662,0.131353839224783,0.0507502717463094,0.636947674314381,0.0747021321005994,0.0555090782225752
PeriMac->Alpha,SEMA6D_PLXNA1,0.278168399955053,0.171021257926728,0.135140919711593,3.61683765531947e-08,3.18219789273657e-06,1.22E-08,0.136886268016668,-0.701782872,-1.041493954,-0.339711082,1.15540622085e-07,8.05379911665762e-08,1.35975913620919e-05,0.193144018765614
PeriMac->Alpha,NRG1_ITGA6,0.382075622448072,0.208775410995863,0.180708550764458,2.60835391867463e-10,8.49082700022007e-09,7.04E-10,0.608205463225818,-0.871906404,-1.080193435,-0.208287031,1.23380960209924e-09,6.08257305158309e-09,7.56470241242147e-08,0.675646280894676
PeriMac->Alpha,THBS1_ITGB1,0.633745476019356,0.514850077366708,0.537811893852832,0.0511267069001989,0.0159123320572963,0.343451446,0.267295505178463,-0.299751158,-0.236801882,0.0629492755831742,0.0589485370327008,0.413970162167425,0.0267827920300361,0.343006490984838
PeriMac->Alpha,CNTN1_NOTCH2,0.30136830939055,0.159741989407568,0.14002267680327,1.56656966835345e-10,2.37402687137014e-09,8.10E-09,0.195597169617626,-0.915784127,-1.10586722,-0.190083093,7.70725836835497e-10,5.53710178478595e-08,2.44965958585627e-08,0.263090179984602
PeriMac->Alpha,UBA52_AGTR1,0.453548886400432,0.563390120076575,0.490120530562649,0.0517532952907609,0.0161778772146015,0.338035482,0.270936542016287,0.312876201373785,0.11187851850961,-0.200997683,0.059621432440684,0.408339157281307,0.0271588384900192,0.346394745604156
PeriMac->Alpha,CD34_SELP,0.282695399187655,0.183444489928525,0.130637649753273,3.41907725420936e-07,7.56507950031912e-05,7.76E-08,0.027089855547948,-0.62390483,-1.113677657,-0.489772827,9.0297714120229e-07,4.28846287010253e-07,0.000227195948419114,0.0468472696609675
PeriMac->Alpha,SEMA3C_NRP1,0.328228131921432,0.250560010615995,0.249383598834943,0.0533485220666458,0.0230898447288685,0.081317515,0.711553312696054,-0.389542715,-0.396332307,-0.006789592,0.0613379777933776,0.118114260698542,0.0372697822514077,0.767325930731652
PeriMac->Alpha,COL9A1_ITGA2,0.304982050414857,0.174114498591464,0.140912421743681,1.18001649383491e-08,2.99183516557358e-07,4.26E-08,0.198515056714573,-0.808687991,-1.113925536,-0.305237546,4.13804280244061e-08,2.49531173551569e-07,1.72911018738973e-06,0.266361974832212
PeriMac->Alpha,LAMA5_ITGB1,0.462845615551874,0.384776003349436,0.409435474692253,0.0563113736952527,0.0184461560768556,0.406591901,0.232731917241407,-0.266512227,-0.176894948,0.08961727900665,0.0645218638778182,0.478331346767855,0.0304864889944914,0.305119230362312
PeriMac->Alpha,WNT11_FZD9,0.346809492526082,0.306647426103288,0.29516712343718,0.0580667980786016,0.0257708237190897,0.095454443,0.545126237435508,-0.177562545,-0.232611348,-0.055048803,0.0663783201565191,0.136037779719272,0.0410920545766543,0.61822948848613
PeriMac->Alpha,CELA3B_CHRM3,1.48793268982926,1.74100456522817,1.64008047963741,0.061029611256484,0.0223697908163492,0.149679971,0.501386078125951,0.226610721675916,0.140457346133565,-0.086153376,0.0696031561071626,0.202849740669415,0.0362612337673102,0.57711368913609
PeriMac->Alpha,NID1_ITGAV,0.31220678314999,0.286258062916623,0.348297750384111,0.0636226426087391,0.324667180918573,0.109058527,0.0253889849762867,-0.125185552,0.15781927195057,0.283004824255084,0.0723922920534665,0.153253681400833,0.388119372498841,0.0441844126602242
PeriMac->Alpha,PTHLH_PTH2R,0.300085459211385,0.173886142191991,0.13843593942244,1.67254433943294e-09,1.12529291604192e-07,1.12E-08,0.0464018199343475,-0.787230449,-1.116154878,-0.32892443,6.81725354856813e-09,7.45409955278245e-08,7.38166829876161e-07,0.0752889504866226
PeriMac->Alpha,COL11A1_ITGA2,0.308846397874105,0.17164068606616,0.139481078228571,4.67672446492457e-11,4.1210114004586e-09,2.05E-10,0.120013265575885,-0.847497928,-1.146820077,-0.299322149,2.56614622404802e-10,1.9900753940099e-09,3.95793458074143e-08,0.172520225195232
PeriMac->Alpha,WNT16_LRP5,0.272028285296014,0.221853994676971,0.228225109889456,0.077536658503064,0.0278469408319383,0.241156316,0.382116301022304,-0.294146138,-0.253299139,0.04084699865459,0.0875090079269911,0.306305299527354,0.0439074144828127,0.461289097442223
PeriMac->Alpha,CSF2_CSF1R,0.285710261407396,0.178319651091329,0.127976640003828,3.96947338818719e-10,6.80463616186507e-07,7.72E-10,0.00172060743448244,-0.68008715,-1.158672352,-0.478585201,1.81862710044254e-09,6.59680059034905e-09,3.54601374960209e-06,0.00402150492329045
PeriMac->Alpha,WNT10A_LRP5,0.317499069314546,0.253095023373591,0.270677749311248,0.0934999741892854,0.0329272323347812,0.30668493,0.368538030907081,-0.327073222,-0.230176064,0.0968971574062379,0.104827855677603,0.375525994936821,0.0509953882149824,0.447445366692861
PeriMac->Alpha,GNAI2_MTNR1B,0.326507061609436,0.3944757793305,0.309885641756557,0.0942213693510297,0.0941804178315925,0.456529695,0.068206197929805,0.272822526904872,-0.075378283,-0.34820081,0.105560525258997,0.52697797183184,0.130851643335233,0.104953384079383
PeriMac->Alpha,GNAI2_MTNR1A,0.418825047209468,0.527823539496637,0.418800132527118,0.0967211554523445,0.0411184756243628,0.371345238,0.23603833595107,0.333707968587593,-8.58E-05,-0.333793793,0.108168450700784,0.443578995538216,0.0623562251055204,0.308352088250764
PeriMac->Alpha,RSPO2_LGR5,0.318748862661022,0.175086411579398,0.133516798922371,5.11829596317136e-12,1.40862184778697e-09,2.36E-11,0.0314451584074277,-0.86435307,-1.255398916,-0.391045847,3.42001896450304e-11,2.78352355419251e-10,1.5792818024227e-08,0.0534356589259207
PeriMac->Alpha,COL6A1_ITGA2,0.344041729077896,0.335023129408188,0.393521748095153,0.111765846223589,0.525785446067734,0.091230377,0.052222332814683,-0.038322861,0.193859807276805,0.232182668122258,0.123950994361388,0.130681350208013,0.588566739579962,0.0835414029318063
PeriMac->Alpha,CSF2_ITGB1,0.454632247782208,0.404945865165698,0.43661145283871,0.113505799438737,0.0618871259759122,0.782338075,0.128234143734716,-0.166970965,-0.058350046,0.108620918715671,0.125740649849121,0.823662479375918,0.0898215514397555,0.182872357859262
PeriMac->Alpha,IL1F10_IL1R1,0.343678596904069,0.23985518011811,0.142965850286329,4.8271228195012e-07,0.0107755215447385,1.12E-08,0.000416141413259445,-0.518896409,-1.265389426,-0.746493016,1.24213521821537e-06,7.45409955278245e-08,0.0189007267712149,0.00113468784065598
PeriMac->Alpha,ADAM2_ITGB1,0.426539028245724,0.417148693768156,0.352282491613249,0.12246440329889,0.100272386270239,0.053889685,0.820497787384313,-0.032116026,-0.275944978,-0.243828952,0.135237120157695,0.0823530444275596,0.138241327095594,0.858123484776418
PeriMac->Alpha,COL4A1_ITGB8,0.383568193015384,0.336311260179286,0.366763762181406,0.133944250954129,0.0593986856628369,0.717858421,0.195597169617626,-0.189686008,-0.06463199,0.12505401806137,0.147373433934904,0.766592255144919,0.0866954999003196,0.263090179984602
PeriMac->Alpha,ADAM9_ITGB5,0.370303242651078,0.317891513442032,0.299906889401598,0.13556579760582,0.112025882367623,0.072286523,0.584892560463631,-0.22017268,-0.304192518,-0.084019838,0.149052069786314,0.106522699859377,0.152573723277148,0.6547315257416
PeriMac->Alpha,CALM3_PDE1B,0.405821096381952,0.312743717822405,0.33281029528699,0.135918542492947,0.0509741581925749,0.343451446,0.405417872744357,-0.375862959,-0.286143801,0.089719157966694,0.149404685879592,0.413970162167425,0.0756181532475093,0.48409343535066
PeriMac->Alpha,LAMA1_TMPRSS6,0.311027627852246,0.17781295836594,0.125869651686254,3.28305823397952e-09,1.22190376069499e-06,7.04E-10,0.0445872698739363,-0.806682267,-1.305112252,-0.498429985,1.27072063097763e-08,6.08257305158309e-09,5.8883416581676e-06,0.0727878987371504
PeriMac->Alpha,COL4A1_CD44,0.433517623071827,0.416822825178063,0.48035936740713,0.143149760180468,0.428620057311461,0.140757326,0.068206197929805,-0.05665636,0.148023479203731,0.204679839572611,0.157057276283628,0.192041002600991,0.49565296357811,0.104953384079383
PeriMac->Alpha,RSPO2_LGR6,0.324245509961889,0.169996440364031,0.11557040402302,1.01633113342712e-12,1.63633755463964e-09,7.78E-12,0.00204083741041484,-0.931582055,-1.488314598,-0.556732542,7.80917365124231e-12,1.00781614361499e-10,1.78942048179116e-08,0.00468543720510696
PeriMac->Alpha,HSPG2_PTPRS,0.307256008398011,0.257955247836953,0.322112162807207,0.150138457030991,0.17589626030121,0.537430933,0.0748107811070781,-0.252320425,0.0681219142271993,0.320442339185613,0.164222740054536,0.605065766752457,0.227408615332627,0.113395347118431
PeriMac->Alpha,LAMC2_ITGB1,0.445116789095101,0.389934988005007,0.417763326439725,0.15254893865594,0.0671230646302542,0.609880747,0.232731917241407,-0.190950307,-0.091498067,0.0994522396370499,0.166800668125966,0.67110624129237,0.0964603215022357,0.305119230362312
PeriMac->Alpha,HLA-DQA2_CD4,0.265457930138488,0.255761074076126,0.223616991202403,0.152762752999085,0.287571799173679,0.065660608,0.223010216659682,-0.053686532,-0.247453426,-0.193766894,0.167014880447194,0.0980442049901697,0.349553002696388,0.294234696039818
PeriMac->Alpha,CXCL12_DPP4,0.329492140967804,0.2757963149697,0.252907330673092,0.169520573700845,0.14700901933022,0.097623665,0.459578252182405,-0.256640873,-0.381635198,-0.124994325,0.184191952414849,0.138858423789133,0.193741188515442,0.537076664539899
PeriMac->Alpha,HLA-A_LILRB2,0.507488680853644,0.509254018631077,0.568815697465855,0.171359046773678,1,0.067268895,0.110324273000541,0.00500981538897161,0.164585634449066,0.159575819060094,0.186081162782872,0.100125139717424,1,0.159898200520361
PeriMac->Alpha,CD40LG_TRAF3,0.352518228375084,0.215728702031593,0.119862724495088,8.96806142886985e-12,1.04874531408341e-06,6.14E-13,9.98332775377449e-05,-0.708479722,-1.55631478,-0.847835058,5.70628083277612e-11,1.06790277621493e-11,5.16466058141841e-06,0.000316534606686637
PeriMac->Alpha,CALM2_MYLK,0.400437672530899,0.385599113290395,0.433491703817187,0.173726471892562,0.321707727170588,0.316916736,0.072108820168348,-0.054475973,0.114426676093835,0.16890264893542,0.188520303607936,0.386230013988355,0.385297785850549,0.109878152772919
PeriMac->Alpha,CALM1_MYLK,0.315369925717681,0.266902595139753,0.283091842350536,0.174626456724216,0.0756558982955459,0.26793962,0.490748880266774,-0.240731755,-0.155774911,0.0849568433317123,0.189430816179031,0.334987370553601,0.107464324547107,0.568094509199363
PeriMac->Alpha,LYZ_ITGAL,0.443457752712974,0.497697123219596,0.556549389692768,0.176194157170883,0.804336616632242,0.058081917,0.139118135483623,0.166471379091404,0.327713052681491,0.161241673590087,0.191020350777545,0.0877816137721173,0.838494854710052,0.195701096032459
PeriMac->Alpha,CALM1_INSR,0.323022590159728,0.315726044928039,0.375739228950089,0.178188130008546,0.818393714766867,0.143685546,0.068206197929805,-0.032961785,0.21809668596626,0.251058470678153,0.193047488585333,0.19543580823175,0.849919457954279,0.104953384079383
PeriMac->Alpha,DKK1_LRP5,0.363861027674652,0.312798764434963,0.327602138244755,0.18137728720923,0.0766563568119456,0.286876531,0.501386078125951,-0.218152721,-0.151442762,0.0667099592429816,0.196320182767197,0.35452891964345,0.108769470085462,0.57711368913609
PeriMac->Alpha,COL9A1_ITGB1,0.467806751349719,0.406143637494928,0.376657372211074,0.198347115233338,0.110668573220886,0.137874611,0.913003847853359,-0.203922638,-0.312659915,-0.108737276,0.213745597377146,0.188493971925593,0.150879340982816,0.933519663792188
PeriMac->Alpha,HMGB1_THBD,0.497638484390994,0.564120225861529,0.45705251790731,0.244304017142591,0.250944946602416,0.544479636,0.126138984675989,0.180904604439019,-0.12273811,-0.303642715,0.260650562953917,0.611400751719248,0.310823856314877,0.180325586062471
PeriMac->Alpha,ADAM9_ITGB1,0.555589105404914,0.548928629402589,0.46792602642639,0.252836045430773,0.804336616632242,0.137874611,0.134682126549884,-0.017399725,-0.247737834,-0.23033811,0.269414511283785,0.188493971925593,0.838494854710052,0.190639586715829
PeriMac->Alpha,HSPG2_ITGB1,0.525371006596539,0.578001624250398,0.579552376964873,0.253462141969891,0.191838447368332,0.132244201,0.662110047831206,0.13773696128555,0.141602464895825,0.00386550361027533,0.270019970339783,0.181675097033751,0.245570061349225,0.723373451179373
PeriMac->Alpha,CALM1_PTPRA,0.317826572024758,0.323195983064866,0.266323999680481,0.254812739661393,0.956631092516778,0.168792626,0.112210959808714,0.024169520314524,-0.255057304,-0.279226824,0.271303873480365,0.225346732092124,0.964802122499352,0.16235517808216
PeriMac->Alpha,COL4A1_ITGB1,0.58337502061993,0.689563876195329,0.652923657290182,0.255240716530021,0.135574830116771,0.193307203,0.807453461960571,0.241260585168895,0.16249070192793,-0.078769883,0.271728532731344,0.253325314949878,0.180174101058448,0.847079875243703
PeriMac->Alpha,GCG_GLP2R,0.43915838206335,0.514926256183974,0.447541951411103,0.265886245471345,0.133999035985213,0.348921799,0.424656584612964,0.229624494575298,0.0272815828747205,-0.202342912,0.282384936554333,0.419696007451646,0.178410363641174,0.503456611752634
PeriMac->Alpha,CALM1_SELL,0.273636942108161,0.24929605132768,0.294794117131047,0.286050412557988,0.26363312185161,0.573119738,0.157993559458744,-0.134402981,0.10744472101437,0.241847701866562,0.302834893694349,0.636947674314381,0.324814391841476,0.218659335701953
PeriMac->Alpha,LAMC1_ITGAV,0.343592445772117,0.312327352843381,0.286151647508575,0.305544216987082,0.367950752096678,0.106691657,0.506750111067251,-0.137639395,-0.263918404,-0.126279009,0.322630343678458,0.150221853257052,0.433254811355442,0.582281970440418
PeriMac->Alpha,GPHA2_TSHR,0.243957744502976,0.224324423386246,0.245848578549807,0.307360022895774,0.157384485002937,0.865012339,0.289650352895715,-0.121044579,0.0111387310203774,0.132183310414589,0.324437512003144,0.892887681549801,0.205931052897657,0.3652640924444
PeriMac->Alpha,LAMA1_ITGB1,0.473580340599508,0.413918046954101,0.425103356208544,0.348232202586806,0.189789464865163,0.87337644,0.297374034753258,-0.19426404,-0.155795543,0.0384684971803994,0.365677134496198,0.89980731522736,0.243180786849209,0.373640220390408
PeriMac->Alpha,COL4A1_ITGAV,0.358615693735383,0.370635286776856,0.310457961735648,0.364415850854064,0.961445873323143,0.124130414,0.285839620201737,0.0475616164950521,-0.208040694,-0.25560231,0.38164040156806,0.172099956353759,0.968610768588214,0.361582855606429
PeriMac->Alpha,VEGFA_ITGAV,0.379412214574117,0.384533557838715,0.327563608787247,0.407261456870715,0.823092659577478,0.189655271,0.274611421485592,0.0193433813333758,-0.211991037,-0.231334418,0.424319766524073,0.249268295749088,0.854009067022373,0.350229059285973
PeriMac->Alpha,COL6A2_ITGAV,0.376209002554409,0.35180629745753,0.32806987551611,0.435678645816262,0.195985133033579,0.502880272,0.736753815217303,-0.096753064,-0.197531245,-0.100778181,0.452663222117854,0.571569047635545,0.250088826393601,0.788485496597866
PeriMac->Alpha,CXCL12_CD4,0.276375840988819,0.260721688357969,0.241909431482011,0.478406147987503,0.377673349203717,0.236880052,0.736753815217303,-0.08412091,-0.192164492,-0.108043582,0.494577474058232,0.30181903062027,0.443583102665861,0.788485496597866
PeriMac->Alpha,HLA-C_KIR3DL1,0.524111342071786,0.529907177228283,0.565579252943513,0.497068671382876,0.985537363793555,0.322114565,0.26011472760499,0.0158663377290369,0.109855868689923,0.0939895309608863,0.512847756515814,0.391336893002673,0.988398293674473,0.335131240207092
PeriMac->Alpha,C1QA_CR1,0.373925395213255,0.410967653070383,0.388622196528433,0.511426435524073,0.241105996494343,0.670741345,0.643928269873742,0.136274389247537,0.0556178486103376,-0.080656541,0.526612848059229,0.726169366640487,0.300071612448197,0.706980623812765
PeriMac->Alpha,COL6A3_ITGAV,0.342117083645277,0.346926142809148,0.297803848755356,0.526479851057993,0.70793625706243,0.245485937,0.429548337732549,0.0201384127332053,-0.200127747,-0.22026616,0.541754445743956,0.310873312144995,0.755650464112409,0.508158134986584
PeriMac->Alpha,ALDH1A1_CRABP2,0.930153185271326,0.849128426554991,0.831898986203574,0.550482642155418,0.324667180918573,0.41265214,0.768654118871087,-0.13148556,-0.161059972,-0.029574412,0.565642441730088,0.484544204768096,0.388119372498841,0.815236568599147
PeriMac->Alpha,CALM1_CACNA1C,0.296883739444267,0.30442195788417,0.323908507497673,0.551590699165064,0.698967944577305,0.26793962,0.449439822949807,0.0361743457807958,0.12568828284473,0.0895139370639338,0.566656172005696,0.334987370553601,0.748304026973155,0.527608188834105
PeriMac->Alpha,TGFB1_CXCR4,0.434387516445661,0.450425275756852,0.468423443214199,0.591486548195671,0.698967944577305,0.236880052,0.60233848939119,0.0523051437102762,0.108830636894021,0.0565254931837448,0.605707160123968,0.30181903062027,0.748304026973155,0.670879215407883
PeriMac->Alpha,MIF_CD74,0.438904296415934,0.477993054113163,0.44957763767488,0.616965264001991,0.330639079145258,0.632421601,0.730425853855322,0.123083261026969,0.0346638837956402,-0.088419377,0.630759752587743,0.691704681593385,0.394197511537189,0.783601192037084
PeriMac->Alpha,CALM2_ADCY8,0.394919850544756,0.366299623146382,0.375256456433777,0.65368315754005,0.361556419992749,0.890145714,0.608205463225818,-0.108535669,-0.073682992,0.0348526773120905,0.666545309743505,0.91425668552846,0.42631756866292,0.675646280894676
PeriMac->Alpha,COL1A2_ITGAV,0.443677187225349,0.444149430971612,0.403039584144569,0.708521396559821,0.457350927544012,0.537430933,0.781528214813522,0.00153476762146765,-0.138588836,-0.140123604,0.719395622848591,0.605065766752457,0.524357110635515,0.825418386297615
PeriMac->Alpha,CALM1_CRHR1,0.3061644584579,0.277186430351962,0.305026290843288,0.71284665238535,0.450068520611596,0.87337644,0.579129894131396,-0.143450183,-0.005373218,0.138076964272965,0.723629728311084,0.89980731522736,0.51727934453733,0.649293708228085
PeriMac->Alpha,CALM2_PDE1B,0.384189263759814,0.365922357348188,0.359813352682217,0.724704025320296,0.676732506138698,0.400584408,0.686664085448659,-0.070279638,-0.094568477,-0.024288839,0.735106475444511,0.472216776830432,0.728260361936061,0.745831694115637
PeriMac->Alpha,CALM1_GRM4,0.348843284747785,0.33622670714803,0.353800109945986,0.810899900323063,0.903811329177215,0.602446203,0.539556830926063,-0.053144737,0.0203554343471775,0.0735001709158147,0.818888629448255,0.664209559007379,0.92250268941515,0.613255284376546
PeriMac->Alpha,GNAI2_OPRD1,0.373130524924218,0.400201768669156,0.374041198703541,0.82738106252171,0.557799299606497,0.702024065,0.859915686726938,0.101047154459798,0.00351679580694626,-0.097530359,0.834628587780091,0.752958546101511,0.619087936170307,0.89085889891036
PeriMac->Alpha,HLA-C_LILRA3,0.389396193000762,0.377247164958484,0.367771529397608,0.831652736829666,0.599104061380557,0.617355248,0.933025577905332,-0.04572872,-0.08242898,-0.036700259,0.838665592340229,0.677732112154148,0.657850816310517,0.949395611327507
PeriMac->Alpha,HLA-A_KIR3DL1,0.590652366155765,0.576233173504701,0.545892724216085,0.967851760954929,0.856153932561194,0.831713957,0.833591954560314,-0.035656551,-0.1136918,-0.078035249,0.969202493417883,0.865294198982112,0.882063605360152,0.869055471529612
PeriMac->Alpha,VEGFA_NRP1,0.363787776490365,0.368165046436512,0.33214201091653,0.969858686579075,0.947006451616043,0.890145714,0.79446245897226,0.0172555954797107,-0.131296855,-0.14855245,0.97089953084456,0.91425668552846,0.956957662298174,0.835861247156919
PeriMac->Alpha,GNAI2_EDNRA,0.354615611412035,0.40802351235982,0.360593811612609,0.983666741357937,0.990357949177963,0.906963647,0.846732441296053,0.202396239292917,0.0241185877916009,-0.178277652,0.984616736064689,0.928157640989997,0.992166142190102,0.880035678262907
PeriMac->Alpha,GNAI2_ADCY8,0.379506859474079,0.398619966513457,0.378024441268552,0.988596081757272,0.922981712753268,0.865012339,1,0.0708880129318688,-0.005646447,-0.07653446,0.989126273799403,0.892887681549801,0.938884778251089,1
PeriMac->Beta,ALB_B2M,1.01115350781149,1.91652241219907,1.40870729351806,2.60213574944613e-15,9.82101569735578e-14,3.78479263793894e-07,1.05136831323416e-05,0.92248883276771,0.478369837838889,-0.444118995,3.33416514709251e-14,1.80125233299461e-06,4.20231350573095e-12,4.10685243963493e-05
PeriMac->Beta,RPS19_C5AR1,0.50040159025723,0.636069874308939,1.20954405289771,2.77122487463162e-15,0.0051017041573692,2.49888449243129e-18,4.17110682221158e-12,0.346098883921273,1.27330503363868,0.927206149717406,3.50746073684718e-14,2.06279597746894e-16,0.0096902252860802,6.18260054245778e-11
PeriMac->Beta,OXT_AVPR1A,0.2404979358487,0.157093255941491,0.480567373232708,4.4519371686879e-15,0.000525342255150489,6.61774944918817e-11,8.38595571635354e-14,-0.614403262,0.998714189430624,1.61311745124763,5.38620880797934e-14,7.07106149622305e-10,0.00127018987974177,1.77262277171024e-12
PeriMac->Beta,PDCD1LG2_PDCD1,0.36199248417661,0.18995005240543,0.423466874394725,5.4525223037865e-15,1.49747987052411e-09,0.0246205625459772,6.70147225660517e-13,-0.93033963,0.226289375037826,1.15662900524439,6.51230832902951e-14,0.0408939828042869,1.6629157419344e-08,1.18392676533358e-11
PeriMac->Beta,HLA-B_CANX,1.46744231847733,2.76352582864834,2.13084222544486,6.14584744611257e-15,4.84402878428202e-13,8.57565823526235e-08,1.05136831323416e-05,0.913206300284695,0.538119979209691,-0.375086321,7.22931462513721e-14,4.69171495709837e-07,1.61138755248978e-11,4.10685243963493e-05
PeriMac->Beta,UBA52_ERBB2,0.365904224990835,0.452068290005216,0.816184006691576,9.09691382365083e-15,0.0147717357008796,1.52023061434394e-18,1.23976171584801e-11,0.30507464952337,1.15742836460748,0.852353715084109,1.02731249572657e-13,1.36956655978741e-16,0.0250392059999645,1.68578677630179e-10
PeriMac->Beta,PLA2G2A_ITGA4,0.188981278597891,0.133389971945665,0.346600489285409,1.35233856683747e-14,0.000204372376051346,1.18892896102443e-11,1.63622259197037e-12,-0.502593107,0.875030366480201,1.37762347346542,1.47539346800701e-13,1.48464917649745e-10,0.000547149886333189,2.6449411366888e-11
PeriMac->Beta,EFNA1_EPHA2,0.21684758719529,0.155064694506073,0.402094683115989,1.45087699302529e-14,0.00383780825154245,1.17726465598839e-10,6.13784877277669e-14,-0.483811141,0.890853865681865,1.37466500627585,1.57552742618625e-13,1.20016663508849e-09,0.00751449944802435,1.33148496168514e-12
PeriMac->Beta,PLA2G2A_ITGB1,0.393675731522585,0.406717960346413,0.816107989511313,1.85223072410031e-14,0.719313999117701,1.95506600138972e-16,3.89466347207268e-13,0.0470209213041705,1.05175228498764,1.00473136368347,1.96783692419222e-13,9.11842783048166e-15,0.765954450202045,7.19394472623643e-12
PeriMac->Beta,CPAMD8_SCTR,0.301594006886108,0.186099604178947,0.477444378311216,2.14274668531027e-14,1.78797143205269e-05,3.11103382706814e-07,2.70424186564201e-13,-0.696532771,0.662724908528567,1.35925767910413,2.25225341846756e-13,1.51380926128803e-06,6.3246862033324e-05,5.09599356014317e-12
PeriMac->Beta,GNAS_ADCY7,0.264560826378355,0.363421671122141,0.63509080741075,3.43571933539066e-14,0.00190358076324548,3.18181752654187e-18,6.53064290341367e-10,0.458044992671871,1.26336342779105,0.805318435119178,3.45721574547186e-13,2.51525371928666e-16,0.00401369831816317,6.12855503048719e-09
PeriMac->Beta,C5AR1_RPS19,0.574168540604442,0.58342292460507,1.07879045499233,6.20494826745797e-14,0.945793586457499,2.84868192528618e-15,8.51491338507365e-13,0.023067789854562,0.909868469975812,0.88680068012125,5.88807298462339e-13,9.48575594664042e-14,0.956353666609816,1.47087244548087e-11
PeriMac->Beta,SRD5A1_AR,0.270135376893648,0.156014910243219,0.35783239390323,8.4820596934262e-14,1.06574995179627e-06,0.000101520682256918,1.14695821510532e-12,-0.79199867,0.405601409127018,1.19760007949339,7.83372800200788e-13,0.000286271137875613,5.22896954184807e-06,1.92771643792836e-11
PeriMac->Beta,GNAS_ADORA1,0.305491324406454,0.36641351723582,0.624595658147413,2.4094012537979e-13,0.0765643786657197,2.49888449243129e-18,4.08250953885519e-10,0.262341315813975,1.03179112835474,0.769449812540767,2.06760762607423e-12,2.06279597746894e-16,0.108662626409689,4.03407298500437e-09
PeriMac->Beta,BGN_TLR1,0.246443650843096,0.235658128267902,0.518390070406196,6.58095650851788e-13,0.356152322480929,1.4675982055247e-13,8.3223424130319e-12,-0.06456237,1.07278026789513,1.13734263746338,5.22888946434879e-12,3.08327839214739e-12,0.420956521046896,1.16562777820963e-10
PeriMac->Beta,SPP1_ITGB5,0.430491627750015,0.492825110434838,1.00639189616291,8.41450139440943e-13,0.1986752592584,2.14810752547351e-13,1.55459978768873e-11,0.19509058550992,1.22513512303778,1.03004453752786,6.56274824473672e-12,4.20074360537043e-12,0.253209839918343,2.08053182490107e-10
PeriMac->Beta,NID1_PTPRF,0.333005979229699,0.300362058400457,0.636109889992996,1.03881770865049e-12,0.0516776457647583,1.8531632171157e-12,1.94733703421045e-11,-0.148845497,0.933727933517667,1.08257343085483,7.96882531767416e-12,2.81535936307089e-11,0.0764914439374271,2.55481854502322e-10
PeriMac->Beta,CEL_CXCR4,2.81177360287823,3.37885948087572,2.13289589374446,1.30068359307289e-12,0.000189231134368286,6.41990600831141e-06,1.84096136416288e-12,0.265055916422572,-0.398666887,-0.663722803,9.82411057180882e-12,2.34842679394231e-05,0.000511340678269806,2.95059924483013e-11
PeriMac->Beta,GNAS_ADRB3,0.268378789478822,0.31184757798545,0.562183925709559,1.31796491955451e-12,0.14071951956937,7.09470034022189e-15,2.05181548586507e-10,0.216570396365475,1.06677154419895,0.850201147833472,9.93051435347698e-12,2.121133486333e-13,0.186347484177042,2.1650831280712e-09
PeriMac->Beta,CD40LG_TRAF3,0.297012355358829,0.186101702904254,0.106869007172808,1.54773103123459e-12,2.89178175406091e-06,1.47099231332691e-14,1.58771389114066e-05,-0.674431687,-1.474679417,-0.80024773,1.15590352757055e-11,4.01211002886356e-13,1.25055819202041e-05,5.95265079443732e-05
PeriMac->Beta,GNAI2_ADRA2A,0.279201942429436,0.416252547310749,0.563916802252987,1.94853110174581e-12,1.54465587410735e-05,9.52810304530127e-15,4.16293058545259e-06,0.576150120743514,1.01417334845868,0.438023227715164,1.40919759142583e-11,2.79491022662171e-13,5.53323732475937e-05,1.77476309420026e-05
PeriMac->Beta,C1QB_LRP1,0.41767555232677,0.636205960728621,0.865955683964362,2.46306147180428e-12,2.0383161980892e-06,1.29060438496717e-13,1.64770182263018e-05,0.607111186473086,1.05191049272718,0.444799306254096,1.74718155201448e-11,2.72987703015278e-12,9.18522391100292e-06,6.14790504059773e-05
PeriMac->Beta,EFEMP2_CATSPER1,0.282006563084723,0.171254431938233,0.352895661055539,2.66381992417847e-12,2.41723601637184e-07,0.00748998291320086,5.5956154958893e-11,-0.719587411,0.323512952306024,1.04310036313911,1.87958489052472e-11,0.014054830137666,1.44353249428403e-06,6.70037244488515e-10
PeriMac->Beta,TGFB1_ITGB8,0.25163179414197,0.284798356668527,0.526562540616695,3.17047202808293e-12,0.336264137730489,2.97286443024995e-14,2.16417984082807e-10,0.178626600165028,1.06529066855393,0.886664068388902,2.20209702739818e-11,7.55609793061895e-13,0.400341018091895,2.26825500620722e-09
PeriMac->Beta,POSTN_ITGB5,0.263375279356353,0.169497215496279,0.354572947470477,4.52087848703779e-12,0.000115255190669728,0.000201322271319272,2.07077219383216e-12,-0.635858363,0.428962527757579,1.06482089106923,3.04481982145043e-11,0.00052974164932755,0.00032867637375947,3.29627355359494e-11
PeriMac->Beta,AGRN_PTPRS,0.220817665488608,0.213929138900441,0.44584133393486,6.33634839960854e-12,0.540597243313031,1.8531632171157e-12,6.24454389350246e-11,-0.04572259,1.01367477887994,1.05939736873332,4.15650196002451e-11,2.81535936307089e-11,0.602544041776073,7.39201845667397e-10
PeriMac->Beta,HSD17B12_AR,0.263550630596601,0.197432054290197,0.42213318267942,7.03036144638229e-12,0.0167294301733404,7.45123018137869e-08,4.17110682221158e-12,-0.416723903,0.679618093815684,1.09634199689354,4.58275412801216e-11,4.13616413280804e-07,0.0279613195945027,6.18260054245778e-11
PeriMac->Beta,SRD5A2_AR,0.23273665704518,0.140088972849744,0.327258633603177,7.06164839980379e-12,1.49993905293005e-05,5.72743704391076e-05,6.59605509805692e-11,-0.732355057,0.49173279202927,1.22408784935564,4.59672409444311e-11,0.000170470749028716,5.4062718260168e-05,7.76868711548926e-10
PeriMac->Beta,CCL5_CCR1,0.267347566612045,0.168431462863757,0.385602930337956,8.32429472617673e-12,4.70761866618562e-05,5.4550962806912e-05,2.88090566394508e-11,-0.666554884,0.528399468085022,1.1949543524855,5.3293768844047e-11,0.000163145681648886,0.000149617263775739,3.65620245350744e-10
PeriMac->Beta,SORBS1_ITGB5,0.245911345028543,0.195337525931966,0.421602714275233,8.42790551836729e-12,0.0173290715330533,4.59504521509833e-09,2.43672129339675e-11,-0.332169164,0.777745857951401,1.1099150217673,5.38831409700686e-11,3.32784019925755e-08,0.0288498267464432,3.13946632939294e-10
PeriMac->Beta,TGFA_ERBB2,0.242335183956832,0.14616727085195,0.324160317430419,1.24937928436651e-11,2.71460345284941e-06,0.000476570990049978,2.28254757858998e-10,-0.729383572,0.41970360970264,1.14908718120656,7.70781082312882e-11,0.00115496341781922,1.18073529934244e-05,2.37629506842492e-09
PeriMac->Beta,LAMB1_ITGB1,0.553242538221528,0.660627432550209,0.957023288321387,1.29842163924754e-11,0.00986908566453155,1.04006665806346e-12,7.67858676154831e-09,0.255924790328982,0.790641942737818,0.534717152408836,7.98396641456892e-11,1.71106557079647e-11,0.0174684688953985,5.81850993596447e-08
PeriMac->Beta,B2M_TFRC,0.493181658906601,0.766872294781856,0.885334210232395,1.44984738593384e-11,6.532124514134e-08,3.5332932575719e-13,0.0161255703418457,0.636867200608085,0.844103020623119,0.207235820015034,8.86250092791015e-11,6.53939672750609e-12,4.6090512456764e-07,0.0295420741335492
PeriMac->Beta,PYY_NPY4R,0.304192078140657,0.181572235445551,0.357582869409472,2.01945159578719e-11,1.03131162106657e-06,0.0134843865708136,1.65665690466879e-10,-0.744438965,0.233295040345686,0.977734005344645,1.20136763300401e-10,0.0237683971905799,5.08998666735922e-06,1.77624087433913e-09
PeriMac->Beta,GSTP1_TRAF2,0.339599272778733,0.360153771778475,0.605012371563195,2.15491565619251e-11,0.128902616288807,9.43154530277379e-10,2.30413323090888e-11,0.0847796435300343,0.833131272205039,0.748351628675005,1.27544754067029e-10,7.92589680939405e-09,0.172635119130221,2.9976227026385e-10
PeriMac->Beta,COL6A1_GP6,0.265996278619792,0.273006672275142,0.560497497423237,2.20576168417177e-11,0.793130879246303,6.47928630221633e-13,5.58731433567373e-10,0.0375301487980512,1.07530186661306,1.03777171781501,1.30223702468065e-10,1.11923671531618e-11,0.828945761216653,5.35647154400458e-09
PeriMac->Beta,APP_FPR2,0.288208939752548,0.24118267847711,0.515389338148359,2.29119066530695e-11,0.298676452539313,1.27548071406371e-08,5.25663237242375e-12,-0.256988787,0.838547604128432,1.09553639141348,1.34585809357577e-10,8.39046833623855e-08,0.361309032458399,7.63767395170853e-11
PeriMac->Beta,LAMA3_ITGA6,0.341234153356515,0.177648604295115,0.203484895984798,2.50143984368035e-11,8.87600734427054e-11,6.46796573920922e-08,0.0745819911305249,-0.941735692,-0.745840335,0.195895356812157,1.45561015981599e-10,3.64992041230149e-07,1.35286595600254e-09,0.113195706681669
PeriMac->Beta,CCL5_CXCR3,0.310370188323309,0.175565910852043,0.362507420589438,2.505696654655e-11,1.68083385957225e-06,0.052244669957374,5.29637290492142e-11,-0.821977239,0.224020536539029,1.04599777545441,1.45717820415348e-10,0.0800560418372507,7.78491471801883e-06,6.37478276865897e-10
PeriMac->Beta,COL1A1_GP6,0.228728467442334,0.16707202734106,0.396614322102698,2.54299727698085e-11,0.00198861972840968,1.21353373221615e-07,1.33619516032295e-10,-0.453165727,0.794100838762026,1.24726656552971,1.47519145520382e-10,6.40624937980319e-07,0.00417601189252712,1.46981467635525e-09
PeriMac->Beta,PDGFB_LRP1,0.243403754613807,0.200151323112164,0.424008293564379,2.69381941996561e-11,0.041703915790378,2.20130285055383e-09,9.14924783253633e-11,-0.282260268,0.800741059074478,1.08300132746729,1.54953430772262e-10,1.70829891763446e-08,0.0631516439111438,1.03951502779414e-09
PeriMac->Beta,SLITRK6_PTPRS,0.232178355219428,0.210737409697991,0.453184287914465,3.47810808789502e-11,0.250409653509335,1.17726465598839e-10,1.57012687624253e-10,-0.139787042,0.964864356648609,1.10465139820596,1.95562340228359e-10,1.20016663508849e-09,0.310243225917795,1.69124058909819e-09
PeriMac->Beta,EFNB3_EPHB4,0.313602070879907,0.181582337043721,0.333343632,3.81317998729396e-11,1.11775638264862e-07,0.24230706858853,7.62872711959478e-10,-0.788311208,0.0880750812374253,0.876386289261154,2.12481140510622e-10,0.307348427494399,7.34255742066644e-07,7.07363484806959e-09
PeriMac->Beta,GNAS_GCGR,0.46594562919503,0.599761530873095,0.871812742867079,4.05676405274597e-11,0.00383780825154245,1.66757528964104e-13,3.48838902290336e-07,0.364227371181873,0.903856671757621,0.539629300575749,2.24845484753502e-10,3.44786309529944e-12,0.00751449944802435,1.910727704383e-06
PeriMac->Beta,HLA-C_DDR1,0.479253904815281,0.753212350753799,0.885396371411497,5.29009840654899e-11,2.97298224451441e-07,1.16885273959594e-12,0.0114378778384701,0.652266468973147,0.885533272938786,0.233266803965639,2.87899871273564e-10,1.8896114999915e-11,1.72347349667349e-06,0.0217651008725519
PeriMac->Beta,LAMB1_SV2C,0.330690373762736,0.243844993250221,0.496089709600952,5.53025368375365e-11,0.0179474798349897,2.91296534490533e-07,3.59826251880855e-11,-0.439516698,0.585119980249982,1.02463667815232,2.99745533771377e-10,1.42710823199984e-06,0.0297466403519517,4.4693199434682e-10
PeriMac->Beta,THBS1_ITGA6,0.469221613025509,0.23546145255287,0.241881871862208,5.81502089972419e-11,4.78669982741949e-10,4.59504521509833e-09,0.284702186362949,-0.994778569,-0.955966816,0.0388117533916215,3.13359416248569e-10,3.32784019925755e-08,6.02568636844386e-09,0.360486221581864
PeriMac->Beta,SPP1_ITGA4,0.381257486918575,0.344387737092427,0.669527424034399,6.6990003745948e-11,0.700032403523097,8.01002494996831e-09,1.94733703421045e-11,-0.146731896,0.812377479662188,0.959109375548326,3.55450941377817e-10,5.48586730787844e-08,0.748756135771523,2.55481854502322e-10
PeriMac->Beta,EFNB3_EPHB1,0.37958740084988,0.195790882046773,0.287426559729252,7.93950930567227e-11,1.27483525752856e-09,0.0147400741440128,1.46302497394244e-06,-0.955118524,-0.401238726,0.553879797827232,4.16299847123726e-10,0.0257000769374488,1.44843645337715e-08,6.89944234425435e-06
PeriMac->Beta,SPP1_ITGB1,0.785681549369861,1.08696325178338,1.59657319363027,9.25942689903467e-11,0.000476926773261994,4.47010667638165e-11,4.5172209115066e-07,0.468286579581592,1.02296210645118,0.55467552686959,4.7768666340482e-10,4.92703726174032e-10,0.00117042171559797,2.4023167994603e-06
PeriMac->Beta,CDH1_PTPRF,0.398603443328594,0.392606958611121,0.685542959970777,1.02031989274099e-10,0.82322751305676,8.84280346494128e-11,5.03375326933348e-10,-0.021868429,0.782292901767866,0.804161331113874,5.21223656050817e-10,9.24727250235115e-10,0.854009067022373,4.88096159005641e-09
PeriMac->Beta,IFNB1_IFNAR2,0.286682256551632,0.173044850713043,0.319050656186035,1.04440714551605e-10,1.33974073671701e-06,0.035801562723302,7.62872711959478e-10,-0.7283066,0.154332885172697,0.882639485435761,5.32362287069599e-10,0.057262856152771,6.37932699953868e-06,7.07363484806959e-09
PeriMac->Beta,SLURP1_CHRNA7,0.224665238206951,0.146192508419768,0.301776334318703,1.05488143264175e-10,1.18407705965705e-05,0.0003547834924647,1.34196906904655e-09,-0.619907532,0.425702752877204,1.0456102844269,5.37407646296137e-10,0.000883454462816531,4.37601854694176e-05,1.19673876444228e-08
PeriMac->Beta,VCAN_SELL,0.218969814446273,0.159671527259103,0.329049876857971,1.2100246936575e-10,0.000805388482089996,9.21114492444526e-07,8.9061822252848e-10,-0.455624929,0.587574275455232,1.04319920403607,6.08797753098015e-10,4.05971223265255e-06,0.00185773090033024,8.18491308349327e-09
PeriMac->Beta,EFNA1_EPHB1,0.378140876553087,0.232980465002819,0.429899747247547,1.220448081074e-10,4.63169304220372e-07,0.0679115665911787,2.01358289038372e-09,-0.698714816,0.185076450379328,0.883791266736107,6.13050064634263e-10,0.100856407126654,2.55496349483597e-06,1.72002758255488e-08
PeriMac->Beta,NRG1_ITGA6,0.357545279664542,0.183993953523285,0.167704950467749,1.25351588203999e-10,1.75785670174742e-09,1.57444091653881e-09,0.493647990626177,-0.958467596,-1.092200676,-0.13373308,6.28644954175753e-10,1.27154847354754e-08,1.91110574754078e-08,0.570604667285823
PeriMac->Beta,SORBS1_INSR,0.292014939599294,0.219696657845356,0.423906014781865,1.28500407937167e-10,0.00231445487450464,1.45178470281295e-05,7.77075897081e-11,-0.410529255,0.537702255491218,0.948231510901217,6.43744256303916e-10,4.88713378124834e-05,0.00478272819436847,9.02685425650258e-10
PeriMac->Beta,TGFB1_TGFBR3,0.308183140882662,0.434352105081554,0.661606062313446,1.51371521183666e-10,0.00425222598212356,5.13181052791091e-14,4.50345957600807e-06,0.495077086611995,1.10218450994814,0.607107423336144,7.47482027316694e-10,1.20275197498374e-12,0.00823091179938753,1.90600140313082e-05
PeriMac->Beta,VCAN_TLR1,0.245736960063053,0.15934171543355,0.32168948217076,1.64459723726478e-10,5.71302033624267e-05,0.000717933474270005,3.67513796937091e-10,-0.624990848,0.388553903060441,1.01354475060531,8.04510761150915e-10,0.00168475055295361,0.000177785524037509,3.66649058591357e-09
PeriMac->Beta,LAMA1_ITGA6,0.352277298617408,0.187262307626735,0.184197082562896,1.97411868002713e-10,1.55881033838165e-09,6.32348237975398e-09,0.655032937867474,-0.911650963,-0.935461293,-0.02381033,9.58593391321867e-10,4.39861622955594e-08,1.72077903389633e-08,0.71749028234239
PeriMac->Beta,LAMA3_SV2C,0.251141991580232,0.131286204025449,0.242118088726383,1.99500004562332e-10,2.06215613868467e-09,0.692372001074808,5.3596608979863e-07,-0.935787945,-0.052792403,0.882995541397025,9.67222475341702e-10,0.745176650054899,2.16863500131349e-08,2.81344495534137e-06
PeriMac->Beta,PODXL2_SELL,0.19293426936923,0.123419977815806,0.227935308017523,2.07746776792513e-10,2.89178175406091e-06,0.01232302539192,1.82005162962522e-09,-0.644533476,0.240514999018665,0.885048474943155,1.00459405594638e-09,0.0219368665755399,1.25055819202041e-05,1.57198533343927e-08
PeriMac->Beta,COL6A1_ITGB1,0.5098954062717,0.749171042196286,0.979529641633251,2.10417497705566e-10,0.000118344865602854,1.89336253346089e-13,0.000221520090893154,0.55509379452244,0.941887808761922,0.386794014239483,1.01592878809396e-09,3.78997547470455e-12,0.000336253702815541,0.000646944085113131
PeriMac->Beta,HGF_CD44,0.356467895076838,0.298408478417015,0.520868843602136,2.10830674384196e-10,0.0361941253232558,2.91758723463793e-08,5.03375326933348e-10,-0.256483621,0.547147994209515,0.803631614863619,1.0173970670749e-09,1.78460680161985e-07,0.0555751112782437,4.88096159005641e-09
PeriMac->Beta,CNTN1_NOTCH2,0.238096610680694,0.130592030456086,0.111769179644254,2.11440567332274e-10,8.10786423594551e-09,7.92953098893821e-10,0.299724391308399,-0.866480222,-1.091024657,-0.224544436,1.01981262258297e-09,6.7549465812617e-09,7.24426796866855e-08,0.376137376849824
PeriMac->Beta,CD274_PDCD1,0.333905074408882,0.207230289757209,0.362329645464117,2.23008992523449e-10,2.68123619303886e-07,0.199390038260314,4.70326857496758e-09,-0.688203126,0.11786483177099,0.806067958011899,1.07007607112075e-09,0.260018212902588,1.58294754485231e-06,3.76584457230022e-08
PeriMac->Beta,LAMC2_ITGA6,0.338087174296151,0.177684720154651,0.183444094319687,2.42670100555189e-10,1.22442695772879e-09,2.51607030916717e-08,0.356395537979563,-0.92807566,-0.882054823,0.0460208365137036,1.15609126556629e-09,1.55739242494435e-07,1.40312710831623e-08,0.435195389222852
PeriMac->Beta,PF4_CXCR3,0.331609922342363,0.18564476953665,0.331714645915162,2.71400301403364e-10,6.532124514134e-08,0.722956205067008,1.5822384545747e-08,-0.836942504,0.000455536210084862,0.837398039760643,1.2798897934735e-09,0.771329690136687,4.6090512456764e-07,1.13882101113216e-07
PeriMac->Beta,ALOX12_FPR2,0.227839681398606,0.124495791610014,0.249007345906689,3.1258777861302e-10,1.38402997225875e-06,0.0952051397457457,2.01358289038372e-09,-0.871922054,0.128169268972808,1.00009132271466,1.45645294650462e-09,0.135770301719663,6.55341704630946e-06,1.72002758255488e-08
PeriMac->Beta,PTDSS1_SCARB1,0.283454966500022,0.175445109723317,0.332027242895335,3.62431818092044e-10,3.95738773091016e-06,0.0196883979073666,2.22710849300285e-09,-0.692099809,0.228182071799183,0.920281880660552,1.67116361797458e-09,0.0333551354304243,1.65017938104291e-05,1.89548065900826e-08
PeriMac->Beta,ADAM2_ITGA6,0.32602261948346,0.176341846534026,0.149485295163916,4.15136790368736e-10,1.33111303606991e-08,2.02534007722846e-09,0.259657653521226,-0.886597187,-1.124968483,-0.238371297,1.89451858148707e-09,1.59026702360161e-08,1.11861463067209e-07,0.334912415935563
PeriMac->Beta,CDH15_CDH15,0.209991202777748,0.12069562748591,0.248638847867287,4.27602080845147e-10,0.00010930265322095,0.00637133205873418,1.74784067847461e-10,-0.798955473,0.243722832787137,1.04267830597386,1.94664334315448e-09,0.0121091657383603,0.000313426114123892,1.85904878549728e-09
PeriMac->Beta,APP_TNFRSF21,0.502908651820469,0.652101002451347,0.896381909233219,4.37305637724723e-10,0.00563729578869743,1.66757528964104e-13,1.01230774219958e-05,0.37479906375869,0.833817158307717,0.459018094549027,1.98790788922817e-09,3.44786309529944e-12,0.0105591757262991,3.96589946209059e-05
PeriMac->Beta,LTF_GP9,0.242302139598151,0.161682799010879,0.317182624968825,4.55333555788108e-10,0.000121512523317146,0.000842565690217178,6.87833257279364e-10,-0.583640939,0.388506597765261,0.972147536446826,2.06583239707756e-09,0.0019536298181322,0.000343905582925606,6.43541486850743e-09
PeriMac->Beta,AGRN_LRP4,0.245784847366316,0.172060579649818,0.33202702553723,4.57931583446219e-10,0.000215091028798161,8.81687474872585e-05,1.56329640642352e-09,-0.514479371,0.433904697532394,0.948384068190993,2.07660953348874e-09,0.000251664038115406,0.000573084580585332,1.37052902999235e-08
PeriMac->Beta,VCAN_ITGA4,0.225671953220276,0.144937242327574,0.300083575104384,4.96272326780635e-10,0.00033831397706603,0.000747398822132833,2.97593925819871e-10,-0.638798776,0.411137224649957,1.04993600087727,2.23742303731743e-09,0.00174817858898071,0.000856621275263825,3.04047769994278e-09
PeriMac->Beta,CALM3_GP6,0.297012312815998,0.23562425541845,0.466273492147817,7.37624964316055e-10,0.0798508428254434,1.41532399047319e-06,1.57012687624253e-10,-0.334034679,0.650653672383885,0.984688351717917,3.22728220785186e-09,5.97923106120196e-06,0.11270340910525,1.69124058909819e-09
PeriMac->Beta,RTN4_TNFRSF19,0.349463092874913,0.279152786932938,0.475458289085549,7.39540990831737e-10,0.0158641259009611,1.45178470281295e-05,1.57012687624253e-10,-0.324085139,0.444178681797601,0.768263820633512,3.23414831808647e-09,4.88713378124834e-05,0.0267344857949728,1.69124058909819e-09
PeriMac->Beta,ADAM2_CD9,0.4270246194183,0.261080518826793,0.211064343431225,8.36413333539785e-10,3.1842631556108e-07,8.03173445627799e-11,0.109006561346944,-0.709824435,-1.01663637,-0.306811935,3.63635137028355e-09,8.46553887097865e-10,1.82786502864847e-06,0.15825886447382
PeriMac->Beta,ARF1_CHRM3,0.317227601303159,0.330121736437685,0.521326435377629,8.43346397470916e-10,0.73877589896951,3.57115259443913e-10,6.01445295775122e-09,0.0574798315449965,0.716668713719158,0.659188882174161,3.66235344302081e-09,3.26265537717221e-09,0.782835577142746,4.68695214619076e-08
PeriMac->Beta,APP_LRP1,0.334653717259431,0.365018167772984,0.605606914818614,8.54030049739874e-10,0.275238656807926,4.04811924723773e-11,3.87095172682e-08,0.125299232059922,0.85571263664872,0.730413404588797,3.70013576589575e-09,4.50606877544554e-10,0.336711631567781,2.58840413675821e-07
PeriMac->Beta,GNAI2_C5AR1,0.282273882222498,0.334161026393055,0.512252895429251,9.41800594566614e-10,0.0683367480841488,5.44357293729855e-11,1.26741016803217e-07,0.243447831511275,0.859760583944221,0.616312752432946,4.04471268237448e-09,5.91814083439638e-10,0.098053405034447,7.58819130128629e-07
PeriMac->Beta,JAG1_NOTCH2,0.287235019268977,0.15557467695807,0.160968181623551,9.87497782038543e-10,6.19055180101981e-09,3.63608525596024e-08,0.347910098899832,-0.884624396,-0.835456106,0.0491682899558159,4.21766451962249e-09,2.17279969683518e-07,5.7344058788394e-08,0.426284697561754
PeriMac->Beta,GNAI2_ADCY7,0.243991965068366,0.289783211644535,0.436810624672898,1.07452524508779e-09,0.0599641718203781,1.17726465598839e-10,1.1077972482758e-07,0.248140376024341,0.840174306179491,0.59203393015515,4.56428574051862e-09,1.20016663508849e-09,0.0873841266584106,6.7275603723416e-07
PeriMac->Beta,TNFSF4_TRAF2,0.249737255944839,0.168659636054835,0.320795231881516,1.120702276056e-09,0.000298704391555562,0.000986703062967629,9.37665024625214e-10,-0.56629631,0.361241637889378,0.927537948083745,4.74315373459634e-09,0.00224870905725923,0.000767368373569343,8.58345372885574e-09
PeriMac->Beta,GDF6_ACVR2A,0.337789277422956,0.185456293829468,0.233339553428839,1.22014856162074e-09,1.32726446753295e-09,0.000192540371967717,0.00395743574015627,-0.8650443,-0.533692651,0.331351648538513,5.12451408500599e-09,0.000509219333630524,1.50434057753916e-08,0.00847645478396732
PeriMac->Beta,LTF_TFRC,0.269682523070147,0.211919794308272,0.375033550466342,1.52871903065727e-09,0.00399895991235206,4.58018797694955e-06,3.32421927354434e-09,-0.34774368,0.475757633315296,0.823501313259486,6.28867340930582e-09,1.73622981787403e-05,0.00779567357626333,2.74167262454656e-08
PeriMac->Beta,MMP7_CD44,0.561086506608607,0.433265143083759,0.807610183633383,1.56672386353605e-09,0.0391731275416056,9.44162791832603e-06,2.67687452234357e-10,-0.372973044,0.525435883482497,0.898408927020374,6.43239445381349e-09,3.32596318814748e-05,0.0596680166081151,2.74998739476e-09
PeriMac->Beta,PTHLH_PTH1R,0.288817256200936,0.171160372492422,0.265562242823754,1.64700214765299e-09,1.18793966661547e-08,0.351671668416551,2.38353510597231e-06,-0.754808215,-0.121106901,0.633701314623882,6.72398576887153e-09,0.422676629685554,1.0166147899256e-07,1.07408770379274e-05
PeriMac->Beta,SPP1_CD44,0.648182179500654,0.751922260809245,1.1716231521719,1.73694632837971e-09,0.106186849082941,2.06447638541285e-10,1.01238896212179e-07,0.214184155875342,0.854037344138024,0.639853188262682,7.06287504408278e-09,2.00181244523192e-09,0.145449475513315,6.18844314460816e-07
PeriMac->Beta,CALR_LRP1,0.407887971756552,0.533328820291087,0.7678074189411,1.88060855451693e-09,0.00552628518798445,3.31552783627181e-11,6.39467151686482e-06,0.386852326376219,0.91257153463895,0.525719208262732,7.58750717843161e-09,3.77161508009067e-10,0.0103875384065334,2.61642356388951e-05
PeriMac->Beta,GPI_AMFR,0.26524523249763,0.320080995760676,0.481087408355216,2.22677058690903e-09,0.0303136725897519,4.04811924723773e-11,1.29308067416705e-06,0.271110200588263,0.858972216928344,0.587862016340081,8.87697510096391e-09,4.50606877544554e-10,0.047340689421933,6.20146865225204e-06
PeriMac->Beta,TGFB3_ACVR1B,0.318261583503127,0.18656507406456,0.3255352040601,2.22685696143391e-09,8.74578851055994e-07,0.618135652901877,2.10415622156054e-08,-0.770534089,0.0326005441372685,0.803134633014409,8.87697510096391e-09,0.678300113473724,4.4361454718055e-06,1.47464832717631e-07
PeriMac->Beta,LRFN5_PTPRF,0.322559054553666,0.225078013996261,0.393360818138798,2.31195267031177e-09,6.20344388414661e-05,0.00426887280257493,5.19043405513064e-09,-0.519138175,0.286289944782952,0.805428119382344,9.20046694055812e-09,0.00845077366350147,0.000191165261154012,4.11354026051475e-08
PeriMac->Beta,FBLN1_ITGB1,0.417859516155739,0.68034704800165,0.798602651431847,2.739103258401e-09,3.49238260927278e-06,1.71463419506080e-10,0.023408677937526,0.703252866276009,0.934459868647122,0.231207002371113,1.07671113334869e-08,1.6978882984636e-09,1.47674274611498e-05,0.0411216850849798
PeriMac->Beta,VEGFB_TYRO3,0.302907402020259,0.316711602245085,0.498100138541317,2.74318890306227e-09,0.615786384605566,1.57444091653881e-09,1.6595001300878e-08,0.0642928859590961,0.717558977321112,0.653266091362016,1.07786293545766e-08,1.27154847354754e-08,0.674184905586939,1.18619288992023e-07
PeriMac->Beta,MAG_MAG,0.295761870256553,0.192679397675843,0.366386009579245,2.83347562638e-09,0.000392325115984803,0.000876671593150979,3.00866225388286e-09,-0.61823375,0.308928342770715,0.927162092623564,1.10850871389897e-08,0.0020251591433661,0.000979552645049851,2.51476715987628e-08
PeriMac->Beta,CCL3L3_CCR1,0.280871593251738,0.207974110529044,0.410847418606712,3.50719842384173e-09,0.0158641259009611,4.08660913748163e-06,3.49385656786632e-09,-0.433506772,0.548691979806328,0.982198751834711,1.34464228925588e-08,1.56165055446246e-05,0.0267344857949728,2.87395891226253e-08
PeriMac->Beta,TNFSF18_TNFRSF18,0.351777261105698,0.202908573469669,0.210514698922177,3.50624010111817e-09,2.51913515977113e-08,2.55216366050722e-07,0.0577229587331764,-0.793832403,-0.740741256,0.0530911465163261,1.34464228925588e-08,1.26630758644741e-06,1.95236416396664e-07,0.091152828688517
PeriMac->Beta,TENM1_ADGRL1,0.246192154796571,0.185748798138572,0.35696356570086,3.6864085752431e-09,0.00480286452281453,2.32493011331692e-05,3.85878419095338e-09,-0.406431911,0.535992038620316,0.942423950049891,1.40814165396673e-08,7.51193214306208e-05,0.00917303854807821,3.13543022066316e-08
PeriMac->Beta,CCL13_CCR1,0.276303818317542,0.175772153171688,0.335278033666456,3.71291428757906e-09,9.56650212253814e-05,0.0105811013558154,3.67190988193995e-09,-0.652548968,0.279102465308545,0.931651433008218,1.41479021546313e-08,0.0191910157421772,0.000279737717238357,3.0098045148274e-08
PeriMac->Beta,GNAS_CRHR1,0.358664704767496,0.453641898241637,0.595684079818178,4.45018102377036e-09,0.00622310069104718,7.29205561597557e-11,1.4199898529056e-05,0.338918111983608,0.731911620172815,0.392993508189208,1.68129965936533e-08,7.73837255811378e-10,0.0115131065541627,5.39099118758787e-05
PeriMac->Beta,BMP5_ACVR2A,0.285733671830829,0.166357267061411,0.228803816003065,4.47198379506727e-09,1.23391610522721e-08,0.00748998291320086,0.000114751634114121,-0.780386165,-0.320559943,0.459826221788243,1.68885282754605e-08,0.014054830137666,1.04826679686333e-07,0.000358834476371614
PeriMac->Beta,SEMA3A_NRP1,0.218665973958618,0.150412391472948,0.262319141199214,4.79400958966509e-09,0.000106436316813186,0.00522656977468956,7.67858676154831e-09,-0.539805315,0.262594338704792,0.802399653626183,1.79534000684184e-08,0.0101316381667299,0.000306526076947638,5.81850993596447e-08
PeriMac->Beta,GDF1_ACVR1B,0.285646788468502,0.182818329124508,0.31703650835195,5.22932624866111e-09,1.02006692394926e-05,0.277296749417291,7.31343064884342e-09,-0.643821587,0.150416673267555,0.794238259847012,1.94571819894339e-08,0.344289728796692,3.83367617510019e-05,5.5689535585642e-08
PeriMac->Beta,LAMB1_ITGB8,0.316871385915062,0.317576075437681,0.533467173558022,5.63812859506603e-09,0.695241490532432,1.18114393852055e-08,1.37083567866503e-08,0.00320484376232694,0.751502109424996,0.748297265662669,2.08617467412836e-08,7.83064012687967e-08,0.745341066967765,9.98996500827137e-08
PeriMac->Beta,PCSK9_VLDLR,0.250264018740953,0.169725243502819,0.307216759563783,5.7514878622601e-09,0.00898146187745611,0.000610406112012147,4.30240396949681e-10,-0.560249727,0.295806035277403,0.856055762448424,2.12474767442227e-08,0.00144955911732416,0.0160250719955835,4.23342027715888e-09
PeriMac->Beta,VCAN_CD44,0.377717779394353,0.302462534182998,0.519612788106658,5.93652932355404e-09,0.00531016323176324,1.11092688966781e-05,1.07796871879249e-08,-0.320552245,0.460128242248606,0.780680487309477,2.18877255059732e-08,3.83236909275938e-05,0.010041192504741,7.98672931604161e-08
PeriMac->Beta,ADAM9_ITGA6,0.402966378771546,0.257459703787257,0.211175398098395,6.0108082171712e-09,9.34303832968447e-07,1.44674099651224e-09,0.130407136198602,-0.646312824,-0.932217699,-0.285904875,2.21440833529909e-08,1.1837894750409e-08,4.69062763935935e-06,0.185432586350695
PeriMac->Beta,CCL13_CXCR3,0.30591731543357,0.186591344849605,0.322061811572847,6.7511184814089e-09,9.97945698394889e-07,0.455886296842752,1.21188070566343e-07,-0.713259698,0.0741958351265582,0.787455532803899,2.45993879666337e-08,0.526495899089909,4.97266959114718e-06,7.31204606884121e-07
PeriMac->Beta,LAMC2_SV2C,0.245802003517988,0.134302883559603,0.212657312961674,6.75397579529337e-09,4.37969797759083e-08,0.203048308309402,5.91802123844315e-06,-0.87200639,-0.208966206,0.663040183363521,2.46001898549381e-08,0.264345376121437,3.19669974452013e-07,2.43830839718188e-05
PeriMac->Beta,COL6A1_CD44,0.433048335219952,0.502134073885531,0.720662865198475,6.97127317184679e-09,0.107595152390735,1.56171474881881e-10,1.0511994407565e-06,0.21354456436274,0.734796443657733,0.521251879294993,2.53520608760183e-08,1.55637555309635e-09,0.147205570768667,5.16899756635563e-06
PeriMac->Beta,COL6A1_ITGB8,0.288195885661813,0.351483532392376,0.547081686046421,7.62454471200727e-09,0.28097694676709,1.62523155741151e-11,1.65433826412152e-06,0.286407357761104,0.924706519427754,0.638299161666649,2.75345540354641e-08,1.98691480570571e-10,0.342370905246883,7.73517159284486e-06
PeriMac->Beta,TGFB3_TGFBR3,0.324900951986576,0.244892595627508,0.411393059778451,8.39694720530827e-09,0.000232163024598265,0.00505473091446205,8.06144704717781e-09,-0.407850815,0.340517483907885,0.748368298933716,3.00909425782234e-08,0.00982507396751449,0.000614359345660318,6.09871679286899e-08
PeriMac->Beta,CXCL9_CXCR3,0.282602163781116,0.180978868449105,0.294884890394417,8.93563402389700e-09,2.46823272366367e-06,0.32054419466297,8.07364097044031e-08,-0.642951255,0.0613793899351136,0.704330644552943,3.18988113949143e-08,0.390089530047773,1.08397715849034e-05,5.04426811602594e-07
PeriMac->Beta,CALM2_GP6,0.287640564812304,0.28316213648725,0.505477669542943,9.55531217458431e-09,0.719313999117701,4.59504521509833e-09,5.10961108598982e-08,-0.022638782,0.813380209815121,0.836018991576344,3.40068492806267e-08,3.32784019925755e-08,0.765954450202045,3.33770673740287e-07
PeriMac->Beta,PECAM1_PECAM1,0.269342193331084,0.244420318309847,0.454923880956681,1.06072747411586e-08,0.239892354677447,1.21353373221615e-07,1.5822384545747e-08,-0.140076031,0.756184917428028,0.896260947990964,3.74790374187604e-08,6.40624937980319e-07,0.298640849383588,1.13882101113216e-07
PeriMac->Beta,VCAN_ITGB1,0.448684660608387,0.438339239517146,0.713402888781818,1.07520542070365e-08,0.868850635947308,7.45123018137869e-08,1.07796871879249e-08,-0.03365403,0.669015193757888,0.702669223760884,3.79331171116628e-08,4.13616413280804e-07,0.893270002437616,7.98672931604161e-08
PeriMac->Beta,ARF1_INSR,0.400171175733771,0.446288406105557,0.685885723978991,1.16995398541222e-08,0.138982127951593,2.82105531296511e-09,3.19877264089143e-07,0.157359073788351,0.777350972342769,0.619991898554418,4.10738832364515e-08,2.14464579945709e-08,0.184334606786927,1.76036290231477e-06
PeriMac->Beta,UBA52_FSHR,0.358185660116355,0.461666237855317,0.576330497946415,1.17728131235814e-08,0.00149267031788606,1.0705843730755e-10,0.00026007403633664,0.366142649010838,0.686188783474783,0.320046134463945,4.13000379152943e-08,1.10469148584605e-09,0.00322306220491694,0.000746222888633706
PeriMac->Beta,CD14_ITGB1,0.635558583931876,0.837729095435065,1.04753202224947,1.20806876802146e-08,0.000166314929270133,7.26706279492408e-10,0.000996808689350928,0.398458665767604,0.720897325902829,0.322438660135224,4.22213018662577e-08,6.25920237775178e-09,0.000455753719222032,0.00247657051224949
PeriMac->Beta,HSP90AA1_CFTR,0.428776547225461,0.535390599584425,0.796648195387959,1.36102883495215e-08,0.0110368051177229,5.10866529220081e-10,1.4199898529056e-05,0.320365810699838,0.893716763610615,0.573350952910777,4.71432490621376e-08,4.54276738280736e-09,0.0193045786870653,5.39099118758787e-05
PeriMac->Beta,COL1A1_CD36,0.259269378141158,0.19642754621347,0.387321971322827,1.37710464815652e-08,0.00563729578869743,9.68741391357462e-05,9.32475698149406e-09,-0.400454559,0.57908151849567,0.979536077124147,4.75764154000151e-08,0.000274246424843168,0.0105591757262991,6.98084535500615e-08
PeriMac->Beta,BTC_ERBB2,0.252556360155669,0.150030486094021,0.271162614746131,1.43755694162891e-08,1.29681627028359e-06,0.437414844781125,2.93243752759819e-07,-0.751349685,0.10255291330522,0.853902598009122,4.95182095698468e-08,0.508945271038971,6.21517408806712e-06,1.62626499746944e-06
PeriMac->Beta,PYY_FAP,0.315265005049797,0.215151334226819,0.38760698314394,1.45846019501965e-08,0.000199203174821543,0.0274597907698152,6.63308446962947e-09,-0.551213248,0.298029524475991,0.849242772701019,5.0201168631525e-08,0.0451834412243493,0.000535032310606206,5.10506699114717e-08
PeriMac->Beta,RSPO2_LGR6,0.26153159106488,0.139668480531061,0.107099753936971,1.52621960244309e-08,4.91740092793243e-06,8.6618725327017e-09,0.0196859329248437,-0.904978739,-1.28803005,-0.383051311,5.23211188959542e-08,5.86767951961085e-08,2.00515733648369e-05,0.0352660615177535
PeriMac->Beta,VCAN_SELP,0.269213228575498,0.161044076175246,0.258611383355887,1.68793502861638e-08,2.33495453663995e-07,0.995901662945015,2.02775455783395e-06,-0.741293705,-0.057963523,0.683330182814347,5.73590453440203e-08,0.996756514157845,1.40247623424195e-06,9.28566250146052e-06
PeriMac->Beta,EFNB2_EPHB1,0.339487244128163,0.198589533851699,0.213536191812967,1.69480271994138e-08,7.27832154934367e-08,2.02943476582067e-06,0.0515367787998003,-0.773567773,-0.668876755,0.104691018141651,5.75714485492103e-08,8.22710451785103e-06,5.04399579586016e-07,0.0826431274960525
PeriMac->Beta,TGFB1_ACVR1B,0.294855649658481,0.325103900541088,0.523543172106605,1.79085120529596e-08,0.700032403523097,2.48192620680856e-10,7.21133694552175e-07,0.140892027326832,0.828299669028356,0.687407641701523,6.05694707868047e-08,2.34957409850828e-09,0.748756135771523,3.69600829823225e-06
PeriMac->Beta,TGFB1_ENG,0.290508799320116,0.377681668046639,0.537671455332731,1.82013475348913e-08,0.0350577850489845,4.93394459099724e-11,2.65287864164007e-05,0.378588896070631,0.888143016942606,0.509554120871975,6.14707349042236e-08,5.40185858507304e-10,0.0540170166727664,9.41989035752517e-05
PeriMac->Beta,C1QL1_ADGRB3,0.180708546329793,0.134543308317563,0.261623676184461,1.83632279510701e-08,0.000926034745152731,0.000210473835697326,4.65919918563844e-08,-0.425594097,0.533828366159522,0.959422462764262,6.19501592504818e-08,0.00055071527051463,0.00210941443291445,3.06623775666946e-07
PeriMac->Beta,TENM1_ADGRL2,0.233916035136261,0.165983781496906,0.311897588643949,1.8635734688838e-08,0.00236480175382335,0.00115303111316357,6.63308446962947e-09,-0.49494848,0.415081634377391,0.910030114116633,6.2824045239422e-08,0.0025885617866642,0.00487273487070117,5.10506699114717e-08
PeriMac->Beta,LAMB1_CD44,0.471522299307711,0.461230667949985,0.705801751957691,2.04340610380419e-08,0.648027339664832,4.59504521509833e-09,1.58408714889991e-07,-0.031837557,0.581937009520499,0.613774566896374,6.83921497534462e-08,3.32784019925755e-08,0.70300858312617,9.29915980172334e-07
PeriMac->Beta,LTBP3_ITGB5,0.261192950176888,0.202021394734598,0.363371064431625,2.08405364231074e-08,0.0142508248097174,8.01961978380526e-05,8.06144704717781e-09,-0.370607869,0.476327581648613,0.84693545060703,6.95778538850201e-08,0.00023124269967028,0.0242664647362256,6.09871679286899e-08
PeriMac->Beta,LTBP1_ITGB5,0.240826264794761,0.163547055481358,0.296887308049568,2.20061472169229e-08,0.000298704391555562,0.041763217399736,5.72655932405369e-09,-0.558286955,0.301922675520477,0.860209630161413,7.31812268233359e-08,0.0657275673873354,0.000767368373569343,4.49262787003977e-08
PeriMac->Beta,CD96_NECTIN1,0.282417203504833,0.182318431794815,0.289904627353965,2.25781982654222e-08,2.24340580091421e-06,0.547563641401417,2.80743080427837e-07,-0.63136755,0.0377503878680579,0.669117937947012,7.50033594800065e-08,0.613608078687219,9.97925098279815e-06,1.56531467676681e-06
PeriMac->Beta,NRG1_ERBB2,0.254008472024762,0.140498503637688,0.219039508923373,2.50215821378476e-08,3.1842631556108e-07,0.55444028060586,2.79883651676181e-06,-0.854321847,-0.213685498,0.640636348294341,8.25614850307191e-08,0.619899189439226,1.82786502864847e-06,1.24085299564421e-05
PeriMac->Beta,ADAM15_ITGAV,1.78471516511841,1.68643929507239,1.10064577743403,2.59881344250464e-08,0.352787101203665,1.86531739264695e-08,1.58408714889991e-07,-0.081713455,-0.697343604,-0.615630149,8.55389265761584e-08,1.17565409720343e-07,0.417402090313012,9.29915980172334e-07
PeriMac->Beta,GNAI2_UNC5B,0.272179200344806,0.451750005086766,0.438602158146019,2.92227853215097e-08,3.65115783269237e-07,5.6089618710995e-08,0.834413511561835,0.730967793448195,0.688356087032518,-0.042611706,9.51781220248053e-08,3.19806823555111e-07,2.06537296927559e-06,0.869266164378914
PeriMac->Beta,TGFB1_SDC2,0.328730014110619,0.450790425922604,0.569551042540995,3.13596350580257e-08,0.00106324656783233,5.10866529220081e-10,0.00072064481821417,0.455553688938136,0.792921953479348,0.337368264541212,1.01605653289775e-07,4.54276738280736e-09,0.00238469920287088,0.00185847049533701
PeriMac->Beta,COL1A1_ITGB8,0.253452299206024,0.2176521823445,0.379478637766563,3.21143518942056e-08,0.0209756358120761,4.05883506729955e-05,1.6595001300878e-08,-0.219689765,0.58230442001078,0.801994184802104,1.03654904660605e-07,0.000124788442675577,0.0342183859487663,1.18619288992023e-07
PeriMac->Beta,LAMA5_ITGA6,0.341664979596392,0.185701585069571,0.189072637492715,3.21077915951374e-08,8.40271023821321e-08,1.50368353810945e-06,0.327263930754656,-0.879596247,-0.853641785,0.0259544625204786,1.03654904660605e-07,6.32548278667487e-06,5.69211917952453e-07,0.404762390092738
PeriMac->Beta,CSF2_CSF1R,0.232918487912338,0.140715374042266,0.112580626355512,3.22339667582119e-08,3.71792202207121e-06,1.60351813152133e-08,0.0732573059745879,-0.727045193,-1.048866571,-0.321821378,1.03969032476003e-07,1.02901976189839e-07,1.56008891686371e-05,0.111466265807636
PeriMac->Beta,GDF1_ACVR2A,0.296526113108272,0.171810199195012,0.257880076963523,3.56684448850501e-08,2.97298224451441e-07,0.272746187545554,6.90792679068284e-06,-0.787343474,-0.201458839,0.585884634421055,1.1413902363216e-07,0.339585749789766,1.72347349667349e-06,2.80527388347799e-05
PeriMac->Beta,TULP1_TYRO3,0.272286429565588,0.17696528859621,0.319281286541898,3.96705184369966e-08,0.000443382406495255,0.0246205625459772,1.37083567866503e-08,-0.621658673,0.229702914569447,0.851361587492559,1.25609842491617e-07,0.0408939828042869,0.00109588529088175,9.98996500827137e-08
PeriMac->Beta,LAMA1_SV2C,0.261573523527027,0.145347142524223,0.21248150949523,4.12282290412001e-08,1.11775638264862e-07,0.108298037393343,5.03872501683067e-05,-0.847713805,-0.299879216,0.547834588928592,1.30188530973702e-07,0.152299727544868,7.34255742066644e-07,0.000169251807551302
PeriMac->Beta,LAMA5_SV2C,0.242562935304092,0.138886799380972,0.216281693994012,4.2191919949727e-08,1.04104921206132e-07,0.443524229721254,2.7506319572069e-05,-0.804449629,-0.165447555,0.63900207394713,1.32871785716088e-07,0.514630056986466,6.8920561036962e-07,9.74103830555276e-05
PeriMac->Beta,LIPC_LRP1,0.239272009005573,0.159868556448958,0.257299441825705,4.21798706620341e-08,3.98169632261216e-05,0.168586619379336,5.60210150855523e-08,-0.58176542,0.104796692407833,0.686562111923567,1.32871785716088e-07,0.225200628035292,0.000129097196028246,3.62639853378232e-07
PeriMac->Beta,DLK1_NOTCH2,0.233872783734179,0.139940117042021,0.117837356469945,4.68027133172806e-08,1.08288319752807e-05,1.7128610869333e-09,0.172272688161123,-0.740914374,-0.988927005,-0.248012631,1.46354579223464e-07,1.36677230273001e-08,4.04530815640443e-05,0.236213381620896
PeriMac->Beta,PODXL2_SELP,0.248466423729955,0.13036439523767,0.177374964927414,5.01951225187023e-08,7.5449227595921e-08,0.00472609762999907,0.000940246989537921,-0.930501004,-0.486248506,0.444252497591357,1.56125409421292e-07,0.00924602321573643,5.19786111532313e-07,0.00235074347853383
PeriMac->Beta,COL1A2_GP6,0.356624515481096,0.275365546496973,0.495866015850355,5.33871588717129e-08,0.0391731275416056,0.000106373839032517,1.02717641984678e-08,-0.373057819,0.475544470852471,0.848602289398049,1.64735500481422e-07,0.000297885070698084,0.0596680166081151,7.65295658492873e-08
PeriMac->Beta,CALM3_SELL,0.276564868266122,0.230065235684511,0.375044152091372,5.65340476497345e-08,0.16682941671312,3.00245202788329e-05,6.96518343948771e-09,-0.265574903,0.43944254143375,0.705017444862551,1.7295821465291e-07,9.48294998732512e-05,0.216859643129875,5.32114915016719e-08
PeriMac->Beta,SELPLG_ESAM,0.216678498863148,0.123559653597703,0.218245625170214,5.73891510550146e-08,8.5182471583291e-06,0.455886296842752,2.80743080427837e-07,-0.810348265,0.0103967335950693,0.820744998165147,1.75229460242611e-07,0.526495899089909,3.26015493655788e-05,1.56531467676681e-06
PeriMac->Beta,IHH_PTCH1,0.27804753429432,0.159542400205519,0.164686074481557,5.78050470567221e-08,9.35459230969974e-08,5.42703943546907e-06,0.303561080164755,-0.801391652,-0.755612971,0.0457786810443367,1.76269202326981e-07,2.01686947625719e-05,6.26865208799419e-07,0.380184983321272
PeriMac->Beta,VWF_SELP,0.267485451469728,0.149277136885358,0.188105189471581,5.80749259754513e-08,4.22235982940637e-08,0.00150670638273291,0.00690933805496507,-0.8414672,-0.507920773,0.333546427804222,1.76860238164874e-07,0.00331162986289647,3.09639720823134e-07,0.0139533027444716
PeriMac->Beta,COL6A2_GP6,0.278469488307192,0.213346727830291,0.393164633852466,5.81500409451348e-08,0.0077088910843804,0.000106373839032517,5.35036719385859e-08,-0.384319276,0.497614290744513,0.88193356676003,1.77031195148896e-07,0.000297885070698084,0.013957402180726,3.4755031465399e-07
PeriMac->Beta,NCR3LG1_NCR3,0.261612109804894,0.136672672558101,0.193408740099329,5.82724689665042e-08,1.7673315958083e-07,0.0450422116842041,8.18035438151888e-05,-0.936704511,-0.43577633,0.500928180630288,1.77346032795938e-07,0.0702128593900828,1.09758116682422e-06,0.000264218648444626
PeriMac->Beta,TPH1_HTR5A,0.194154216741548,0.120687509242311,0.211602651515216,7.21663522105722e-08,2.32067046704322e-05,0.291253538700102,1.65602361048443e-07,-0.685926667,0.124154664052292,0.810081330653341,2.15482629135793e-07,0.359271754693805,7.9938013724443e-05,9.69650905253941e-07
PeriMac->Beta,THBS4_CD36,0.231032295621394,0.16562892787238,0.300451236763824,7.48323849182603e-08,0.00096983496137401,0.00372091104358853,5.86529693556232e-08,-0.480139867,0.37903632140041,0.8591761882916,2.22801304346483e-07,0.00746904631258744,0.00220005362833092,3.78102901277991e-07
PeriMac->Beta,SEMA4B_DCBLD2,0.236720167689237,0.184879209490863,0.313400151436991,7.71724352150104e-08,0.0077088910843804,0.00033994525163933,3.87095172682e-08,-0.356599626,0.404823251809429,0.761422877494684,2.29402318574129e-07,0.000849453337072506,0.013957402180726,2.58840413675821e-07
PeriMac->Beta,THBS1_SCARB1,0.364103471845153,0.209188665959595,0.306535219552416,7.79620777818654e-08,2.10402387433386e-07,0.0633016258821482,8.75773224409022e-05,-0.799543807,-0.248295654,0.551248153466218,2.31380929541597e-07,0.0948247224836032,1.27858857979064e-06,0.000280343604574034
PeriMac->Beta,OMG_TNFRSF1B,0.244797527240223,0.142706332053026,0.211519045299194,8.65574514381024e-08,5.48281185131775e-07,0.178435636416723,1.64770182263018e-05,-0.778539631,-0.210801414,0.567738216651971,2.5430170299673e-07,0.236494404162431,2.93929131891333e-06,6.14790504059773e-05
PeriMac->Beta,WNT8A_LRP5,0.349773175416548,0.269018884940818,0.412695641517838,1.034531474883e-07,0.00268853132002953,0.0367422763658216,5.45208912352476e-09,-0.378712197,0.238658550236858,0.617370747706762,3.00065596943676e-07,0.0586066952702435,0.00547329117268343,4.29173732862776e-08
PeriMac->Beta,COL1A1_DDR1,0.370148588741033,0.409779059622829,0.632644783574393,1.05060495627957e-07,0.326593372280567,3.63608525596024e-08,9.67189524845545e-07,0.146741733732007,0.773291155098465,0.626549421366458,3.04349162489933e-07,2.17279969683518e-07,0.389922305981457,4.79126069450836e-06
PeriMac->Beta,COL11A1_ITGA2,0.248919279009365,0.153613000407009,0.125388853873738,1.18943816635634e-07,3.38459168372232e-06,8.57565823526235e-08,0.281027634452839,-0.696377651,-0.989268858,-0.292891207,3.4180773924128e-07,4.69171495709837e-07,1.43637266723211e-05,0.356802201466732
PeriMac->Beta,UCN3_CRHR1,0.236702800613085,0.145292382748593,0.218688649138767,1.21019374766681e-07,7.16653307587108e-07,0.640048254223057,1.26924761467147e-05,-0.704117703,-0.114198435,0.589919268348125,3.47130605111808e-07,0.698452283036111,3.71385669620697e-06,4.86223480478664e-05
PeriMac->Beta,TGFB3_TGFBR2,0.293272759009987,0.165425137821162,0.230297602236966,1.30683006203606e-07,2.97298224451441e-07,0.0473451350885658,0.000159945112410286,-0.826064586,-0.348743679,0.477320906498194,3.7210350484348e-07,0.0733979425139009,1.72347349667349e-06,0.000483306773101117
PeriMac->Beta,LAMA1_TMPRSS6,0.265439077359076,0.14846072043486,0.136535276217613,1.46764949460103e-07,6.48375391678707e-07,8.65589995832443e-07,0.853659651083055,-0.838299498,-0.959107027,-0.12080753,4.14855590473892e-07,3.83573562048695e-06,3.41119326202988e-06,0.88595207224107
PeriMac->Beta,CD34_SELP,0.25222327551229,0.140758523053884,0.138566008135197,1.63221921088326e-07,3.77782591218095e-07,3.85906429945951e-06,0.424123587666157,-0.84147913,-0.86412802,-0.02264889,4.58456513071936e-07,1.48198237074345e-05,2.12799276019468e-06,0.503272462250339
PeriMac->Beta,NID1_ITGB1,0.473853165309311,0.488014326306371,0.747788290443895,1.64698929503268e-07,0.629518048575899,1.13266202664054e-07,6.0889206001264e-07,0.0424834255934445,0.658189804262991,0.615706378669546,4.62187609628906e-07,6.04086414208286e-07,0.685757836869787,3.16596718829315e-06
PeriMac->Beta,SELPLG_SELL,0.219352410422049,0.136049762673199,0.236470848014754,1.66543820059845e-07,7.50726689325656e-05,0.101585826641184,3.19877264089143e-07,-0.689116116,0.108411779519001,0.797527895502771,4.66918833600778e-07,0.143836155268513,0.000225823236311826,1.76036290231477e-06
PeriMac->Beta,CELA3B_CHRM3,1.11414657398046,1.45350185140746,1.6958685016613,1.70396631055619e-07,0.000863760390449601,2.06447638541285e-10,0.0224248501290114,0.383593866761617,0.606085264575448,0.222491397813831,4.76028683583953e-07,2.00181244523192e-09,0.00197818731208296,0.0396022343815635
PeriMac->Beta,SELPLG_SELP,0.260588054669108,0.140291834832238,0.182176027634779,1.7874196861878e-07,1.33422075951403e-07,0.00679963107197135,0.00329358578083304,-0.893339903,-0.516437821,0.376902081768203,4.9725770452609e-07,0.012875955874817,8.5793676739043e-07,0.00719666623649815
PeriMac->Beta,LTF_LRP1,0.255820275239417,0.194984222985384,0.33048650626651,2.06170224950714e-07,0.00416623171102434,0.000402955950743527,2.57267437868606e-07,-0.391773215,0.369460755862213,0.761233970778654,5.67637502461706e-07,0.000993956262375791,0.00809300487306019,1.45177898393125e-06
PeriMac->Beta,CRH_CRHR1,0.247367621217561,0.158515611663761,0.246719152225807,2.12441401960615e-07,5.23032283437411e-06,0.669751536211794,3.15499877379188e-06,-0.642031737,-0.00378696,0.638244776251808,5.83182282957214e-07,0.725603058046878,2.11663563553326e-05,1.37973879802769e-05
PeriMac->Beta,SERPINE2_LRP1,0.26211796300769,0.191900703172595,0.320345022100071,2.2961755067131e-07,0.000992447378430275,0.00616630407759407,2.15872330348771e-07,-0.449856225,0.289410346077749,0.739266571418089,6.27011859678567e-07,0.0117578259271867,0.00224534298957012,1.23689010902539e-06
PeriMac->Beta,SERPINA1_LRP1,0.455036332691997,0.458485072491904,0.716842554730965,2.3628318386454e-07,0.818192021349934,2.55216366050722e-07,5.59285051604066e-07,0.0108930199226326,0.655674540210534,0.644781520287901,6.4389411016314e-07,1.26630758644741e-06,0.849919457954279,2.92597361826289e-06
PeriMac->Beta,GNAI2_ADORA1,0.267934912000844,0.308511906843518,0.429957432333543,2.41225378436155e-07,0.229690364063957,1.7128610869333e-09,2.95650712967114e-05,0.20344359271178,0.682311254703438,0.478867661991657,6.56020504388471e-07,1.36677230273001e-08,0.287177302662225,0.00010392703994518
PeriMac->Beta,BMP6_ACVR2A,0.257323768461683,0.162385984851472,0.233416184939399,2.52210388810793e-07,1.73590718155515e-06,0.610904134949993,1.4199898529056e-05,-0.664157596,-0.140680121,0.523477475110974,6.83701978153757e-07,0.671836096535432,7.98842732587391e-06,5.39099118758787e-05
PeriMac->Beta,NECTIN1_CD96,0.232032481810324,0.14767875291201,0.230494552634826,2.6002934433216e-07,5.73570019855895e-06,0.979510450807525,3.41617193113364e-06,-0.651864501,-0.009594124,0.64227037662318,7.02244853483031e-07,0.985745332304735,2.29231411534524e-05,1.48490455608642e-05
PeriMac->Beta,APP_SORL1,0.617113253456765,0.820474032033803,0.964940156069224,2.61384172501448e-07,0.000750695114028048,6.84395048900825e-09,0.00657615920034767,0.410922393636162,0.644904191831597,0.233981798195435,7.05087206793959e-07,4.74296955137213e-08,0.00174712675240859,0.0133863576129462
PeriMac->Beta,AANAT_MTNR1A,0.395612208328725,0.2013838118403,0.201309731208383,2.63047112847511e-07,2.97298224451441e-07,1.61385574301738e-05,0.514577350366088,-0.974139226,-0.974670031,-0.000530804,7.09367871824685e-07,5.3899199322829e-05,1.72347349667349e-06,0.589243496711867
PeriMac->Beta,ESAM_ESAM,0.197789544875638,0.1250726372723,0.213977792480151,2.74019465917555e-07,4.57849297375551e-05,0.135908260657408,9.67189524845545e-07,-0.661199964,0.113494907375158,0.774694871752177,7.35343376892678e-07,0.186187730270569,0.000145960979012958,4.79126069450836e-06
PeriMac->Beta,ADM_MRGPRX2,0.264403632800439,0.156848952584262,0.177509924797477,3.04101396181754e-07,1.28791416756644e-07,0.000134043970548933,0.307430264853815,-0.7533661,-0.574842307,0.178523793555333,8.09317496029501e-07,0.000366997991570428,8.30820425661117e-07,0.38394825419151
PeriMac->Beta,ADAM15_ITGB1,2.71228546752155,3.1071429598228,2.34236934805133,3.21231810131061e-07,0.0108340427896825,0.0497449770742118,4.47667067008757e-09,0.196079591559491,-0.21154045,-0.407620041,8.51506202018341e-07,0.0767103895103733,0.0189926613685695,3.59366471691711e-08
PeriMac->Beta,PPY_NPY4R,0.262586621211453,0.422357557089466,0.398574618418539,3.2560247672007e-07,9.34303832968447e-07,3.24602080388006e-06,0.789908644055253,0.685671450005529,0.602056426351483,-0.083615024,8.6235658797411e-07,1.26531057495166e-05,4.69062763935935e-06,0.832854960070917
PeriMac->Beta,PF4_FGFR2,0.25857040057905,0.151229362735582,0.160265311414523,4.02219492715023e-07,4.04400535466346e-07,3.67318126176398e-05,0.299724391308399,-0.77381885,-0.690094936,0.0837239141435427,1.05065903893748e-06,0.000113643233199782,2.26153968514992e-06,0.376137376849824
PeriMac->Beta,JAG2_NOTCH2,0.244457973225385,0.140306582002459,0.190978474968715,4.52473748055941e-07,4.04400535466346e-07,0.0331002475544359,0.00118594531022576,-0.801003767,-0.356176417,0.444827350051589,1.16981017790073e-06,0.0533815887254111,2.26153968514992e-06,0.0028940965023723
PeriMac->Beta,DAGLB_CNR2,0.236289164870324,0.152675152316686,0.261962671641092,4.66323073516998e-07,6.91957247965731e-05,0.296007697693865,8.53178254974795e-07,-0.630088188,0.148807773548182,0.778895961212523,1.20294845955934e-06,0.364413330353487,0.000210521109231061,4.29489841468154e-06
PeriMac->Beta,GAS6_TYRO3,0.289624733623478,0.22716617382385,0.361549379854864,4.82119902865138e-07,0.032349391570432,0.000496813449012241,1.15870861750533e-07,-0.350436784,0.320007888497846,0.670444672980255,1.24095321576325e-06,0.00120027864604667,0.0502757621741069,7.00936056036949e-07
PeriMac->Beta,LAMA3_ITGA2,0.251290542511766,0.138443167292068,0.158394150354535,4.88314318622204e-07,4.79101712519676e-07,0.000220009207647614,0.0545567681632253,-0.860062518,-0.665837316,0.194225202140218,1.25585772376838e-06,0.000573092959770159,2.62731380034306e-06,0.0868291304259623
PeriMac->Beta,RSPO2_LGR5,0.26081467516997,0.15232664306403,0.126755943786858,5.09996598380522e-07,9.60739828391794e-06,2.91296534490533e-07,0.400753177026522,-0.775856742,-1.040971643,-0.265114901,1.30837411157687e-06,1.42710823199984e-06,3.63119170147433e-05,0.479505597139994
PeriMac->Beta,INHBB_ACVR2A,0.274917356540411,0.172981004650372,0.230255692908199,5.17972565023901e-07,6.93158449124035e-07,0.0727904803194839,0.000429979438056545,-0.668384368,-0.255761165,0.41262320262213,1.32774061185572e-06,0.107096151485827,3.60210697126964e-06,0.00116832164235114
PeriMac->Beta,LRFN5_PTPRS,0.212976897266937,0.15951963535713,0.275175255463137,5.30954496670269e-07,0.0078585919882013,0.00115303111316357,2.93243752759819e-07,-0.416962923,0.369653800965475,0.786616723831321,1.35989663507421e-06,0.0025885617866642,0.0141926323457777,1.62626499746944e-06
PeriMac->Beta,OLFM2_ROBO2,0.313222696008348,0.245160850540732,0.370189717498792,5.51232759015624e-07,0.013746187791737,0.00139674444262838,1.58408714889991e-07,-0.353460137,0.241076068723001,0.594536205964864,1.40989832083843e-06,0.00308740098598046,0.0234843296192898,9.29915980172334e-07
PeriMac->Beta,THBS1_ITGA4,0.288803509326031,0.162540374183577,0.228190712114335,5.76727745319074e-07,9.0396652626096e-07,0.188701064520431,0.000207656750421432,-0.829290148,-0.3398482,0.489441948668648,1.46974858630648e-06,0.248300681315642,4.56287865636484e-06,0.000609893629701232
PeriMac->Beta,CCL3_CCR1,0.324910324717653,0.236351623112983,0.383782811185556,6.00510881243632e-07,0.00360712459824992,0.0260071275904479,8.44854058080409e-08,-0.459106815,0.240248507958153,0.699355323153481,1.52548080071912e-06,0.0430132067666131,0.00711809990532584,5.2538657691827e-07
PeriMac->Beta,CXCL10_CXCR3,0.283802691182851,0.169317126007518,0.196541279788458,7.1163477612288e-07,3.90872976223752e-07,0.000912035372661465,0.0477289019663528,-0.745160361,-0.530055912,0.215104448368073,1.78204810514744e-06,0.00209337252858911,2.19378045861321e-06,0.0772004850948741
PeriMac->Beta,ADCYAP1_SCTR,0.248497002437519,0.15244281312776,0.272233371945722,7.31574872889657e-07,5.55787372418181e-05,0.277296749417291,2.28935015928403e-06,-0.704960309,0.131615482110059,0.836575790932904,1.82854512709398e-06,0.344289728796692,0.000173390789629324,1.03564783151317e-05
PeriMac->Beta,HLA-A_ERBB2,0.374170324440322,0.369276432393341,0.563305401024592,7.44099021976383e-07,0.945793586457499,3.06298065117248e-06,5.8358064123099e-07,-0.018993951,0.590222160500263,0.609216111811447,1.85773628590134e-06,1.20149215786951e-05,0.956353666609816,3.04113978849311e-06
PeriMac->Beta,ANGPT4_TIE1,0.275127554179774,0.189306059419168,0.305892323448687,7.78917888353014e-07,0.000175148973426564,0.120249318101337,1.19051255635331e-06,-0.539380041,0.152923267913616,0.692303308740394,1.93443718385434e-06,0.167166265163826,0.000477437061403561,5.75692126784018e-06
PeriMac->Beta,SEMA6D_PLXNA1,0.233512875086358,0.143143774670604,0.124862371612684,8.1591610462936e-07,7.77991631683196e-06,5.93496351579813e-07,0.918381412077817,-0.706037165,-0.903163318,-0.197126154,2.0193328267399e-06,2.71142243750258e-06,3.00625763891502e-05,0.937887213910869
PeriMac->Beta,IFNA6_IFNAR2,0.29591361967366,0.155574012580025,0.161572771280277,8.18166034482491e-07,6.70406669765096e-07,8.01961978380526e-05,0.284702186362949,-0.927575005,-0.872992004,0.0545830014623612,2.02436412988135e-06,0.00023124269967028,3.50535505356997e-06,0.360486221581864
PeriMac->Beta,COL9A1_GP6,0.229046389092546,0.139385575993993,0.210967172830668,8.69693752521149e-07,7.32212677718893e-06,0.500626122133918,1.84089888630427e-05,-0.71655854,-0.11862129,0.597937250058452,2.14332980806269e-06,0.569701167166669,2.84824014085147e-05,6.78731415472185e-05
PeriMac->Beta,PTHLH_PTH2R,0.231009012108399,0.152181918797384,0.119467502953461,8.84486312852353e-07,6.91957247965731e-05,5.22130653916991e-08,0.2527910963649,-0.602152174,-0.951330893,-0.34917872,2.17690984862447e-06,3.00273411821066e-07,0.000210521109231061,0.32705067224574
PeriMac->Beta,COL9A1_MAG,0.291543693229868,0.165056599882777,0.198415673830686,8.91278891585613e-07,9.34303832968447e-07,0.00456904917501525,0.00511728544873753,-0.820751284,-0.555186116,0.265565167636988,2.19016056393851e-06,0.00897265067464047,4.69062763935935e-06,0.010690714146881
PeriMac->Beta,OMG_RTN4R,0.294386618755772,0.191498468966621,0.314664849910715,9.5828896488933e-07,0.000189231134368286,0.171823818179904,1.19051255635331e-06,-0.620379235,0.0961039333281777,0.716483168539106,2.33819499463449e-06,0.228934805882324,0.000511340678269806,5.75692126784018e-06
PeriMac->Beta,LAMA3_CD44,0.375781681592839,0.248801142022371,0.342409304958205,1.05888055132242e-06,4.9556206746984e-07,0.230013041896219,0.001056506534157,-0.594901631,-0.134172833,0.46072879826286,2.55953298334685e-06,0.294033391093317,2.70327658792905e-06,0.00261062064916993
PeriMac->Beta,SEMA3A_PLXNA1,0.226177464911053,0.134484086611078,0.180753349032771,1.06621295282417e-06,6.70406669765096e-07,0.0852793712132422,0.00140777574572651,-0.75001972,-0.323432815,0.426586905219015,2.576589229001e-06,0.123254721827878,3.50535505356997e-06,0.00337022905277505
PeriMac->Beta,TFPI_VLDLR,0.23860945553598,0.186889808215106,0.318048050811344,1.07626673068383e-06,0.0150384293514833,0.000777967843234815,5.8358064123099e-07,-0.352463317,0.414593528535911,0.767056845876684,2.59819256310009e-06,0.00181240860182177,0.0254542676448261,3.04113978849311e-06
PeriMac->Beta,ALDH1A2_RXRA,0.291063235488106,0.215051618490442,0.33579233485399,1.08928343257566e-06,0.00368257884119251,0.0109110937920613,3.9707748608736e-07,-0.436649632,0.206236674930703,0.642886306650572,2.62621759086735e-06,0.0197207291014043,0.00725318737978118,2.13853278881229e-06
PeriMac->Beta,LAMC2_ITGA2,0.237819232218111,0.14274241706574,0.144699255635328,1.10626513057418e-06,1.68083385957225e-06,2.44775124915882e-05,0.396173670470996,-0.736451278,-0.716807885,0.0196433931690597,2.66234291485963e-06,7.86789236807494e-05,7.78491471801883e-06,0.475001028040289
PeriMac->Beta,COL1A1_CD44,0.384814612798446,0.30959545613933,0.515092261764585,1.13045285643951e-06,0.0195787792261999,0.00106691355843283,3.9707748608736e-07,-0.313779286,0.420667281174899,0.734446567207724,2.71285419214504e-06,0.00241030992324085,0.0321646447027109,2.13853278881229e-06
PeriMac->Beta,CALM2_SELL,0.26982110348709,0.277113457175954,0.405799526030745,1.1683699830969e-06,0.956106969367784,5.56909436787238e-07,3.6980076638267e-06,0.0384735824548051,0.588763988211194,0.550290405756389,2.79808862704181e-06,2.56076760004897e-06,0.964377790902108,1.59183274057109e-05
PeriMac->Beta,GZMB_CHRM3,0.255385111445422,0.173907060838496,0.269563439575389,1.21626820428085e-06,4.8401923240116e-05,0.384624484436777,4.87058376907983e-06,-0.554357909,0.0779504186329416,0.632308327593057,2.90162399220762e-06,0.456228025283095,0.000153152354132904,2.03917438949626e-05
PeriMac->Beta,CTSG_F2RL2,0.213508103303151,0.129202297028371,0.209613048518649,1.25192347367602e-06,6.37559168572324e-05,0.513818416215825,3.15499877379188e-06,-0.724659102,-0.026562297,0.698096804612564,2.9783071059551e-06,0.582510717848957,0.000196016872921643,1.37973879802769e-05
PeriMac->Beta,VWF_TNFRSF11B,0.25038752321447,0.161557432412907,0.233250639329548,1.36203393330241e-06,6.68343114399221e-06,0.971317621093871,3.9359406565958e-05,-0.632115549,-0.102281639,0.52983390971315,3.21646899489745e-06,0.97961409553072,2.62165877675186e-05,0.000134485181116211
PeriMac->Beta,WNT8A_FZD4,0.332559096625745,0.225450421237195,0.356371505809377,1.37236507737994e-06,9.31377398851419e-05,0.561358380923535,2.19874444300897e-06,-0.560800526,0.0997712543504274,0.660571780840951,3.23840663845183e-06,0.62658262262232,0.000273462020034184,1.00048234948233e-05
PeriMac->Beta,SPX_GALR3,0.468641345292247,0.329262982633324,0.314542348671547,1.42058618910469e-06,3.95738773091016e-06,8.46392266879358e-06,0.438520338556036,-0.509243912,-0.57522997,-0.065986057,3.34204992987858e-06,3.0168693410205e-05,1.65017938104291e-05,0.516936398085518
PeriMac->Beta,NTN4_NTRK2,0.308055403937191,0.17997967388982,0.206910932111157,1.54718017200657e-06,1.17583401798853e-06,0.000585940751177004,0.0599174770697948,-0.775355856,-0.57417997,0.201175886623129,3.61434927234594e-06,0.00139608054328968,5.70664917783401e-06,0.0940767928138438
PeriMac->Beta,FLRT2_ADGRL1,0.266724136000365,0.209214984671781,0.326893623187251,1.63144286106982e-06,0.00622310069104718,0.011955836771379,3.9707748608736e-07,-0.350362194,0.293472852304474,0.643835045914939,3.78842395022636e-06,0.021372948524995,0.0115131065541627,2.13853278881229e-06
PeriMac->Beta,LAMA3_ITGB8,0.254878135626323,0.164440695864701,0.250990098665152,1.63982063230564e-06,5.87226299002235e-05,0.699974019490381,4.50345957600807e-06,-0.632240234,-0.022177167,0.610063067155735,3.80598329389078e-06,0.751534612370246,0.000181823109832588,1.90600140313082e-05
PeriMac->Beta,LAMA1_ITGA2,0.253257329208636,0.156291893870269,0.143102606289235,1.72642934724925e-06,3.17850280941344e-06,1.88909096334739e-05,0.514577350366088,-0.696361063,-0.823554069,-0.127193006,3.99507143417042e-06,6.21567566352892e-05,1.35942568575005e-05,0.589243496711867
PeriMac->Beta,NRG1_ITGAV,0.291633245895709,0.199771969851138,0.177993122338481,1.74007890506268e-06,1.89517783426894e-05,9.21114492444526e-07,0.684895263914489,-0.545801021,-0.712333695,-0.166532674,4.02266568188963e-06,4.05971223265255e-06,6.65094764411613e-05,0.744517308215168
PeriMac->Beta,SEMA3A_PLXNA3,0.259321972814124,0.165673003868312,0.225022363562195,1.95224570964519e-06,3.17850280941344e-06,0.34109216479881,0.000236248786881242,-0.646405913,-0.204676064,0.441729849658332,4.47653588485014e-06,0.41187154863991,1.35942568575005e-05,0.000685452156773942
PeriMac->Beta,ARF1_PLD2,0.301862004195894,0.309670171666608,0.451375938696815,2.07955715622272e-06,0.971590292570661,7.17416670839327e-07,7.46044964517119e-06,0.0368432508116168,0.580440339689758,0.543597088878142,4.74281397389866e-06,3.229759993045e-06,0.976826282506911,3.00999456272305e-05
PeriMac->Beta,AANAT_MTNR1B,0.249204003093753,0.135549455177268,0.17299798253956,2.08877306224357e-06,1.06574995179627e-06,0.018072086707247,0.00743757665469056,-0.878507924,-0.526572027,0.351935896827758,4.75801590344518e-06,0.0308804588395677,5.22896954184807e-06,0.0148624068198272
PeriMac->Beta,EFNB2_EPHB4,0.285794834411633,0.178712271666545,0.2492966523789,2.10544329846718e-06,2.0383161980892e-06,0.141459576997592,0.000764864422816694,-0.677341134,-0.19711633,0.480224804213518,4.7924780595661e-06,0.192914464069231,9.18522391100292e-06,0.00195523577309787
PeriMac->Beta,PDGFB_ART1,0.28018289379344,0.176431855283528,0.258886454062168,2.15463047597114e-06,9.89978975349172e-06,0.761804870593848,5.21835722121367e-05,-0.667257806,-0.114049396,0.553208410048813,4.89369200873113e-06,0.806230523360496,3.73262889331329e-05,0.0001748449574694
PeriMac->Beta,MPZL1_MPZL1,0.382354209787046,0.284620135846174,0.444878792796052,2.42415083119026e-06,0.00338912173364884,0.0711336456883662,3.64253125446224e-07,-0.425872026,0.218502568400426,0.644374594663326,5.45404702203154e-06,0.104923252210797,0.00673492278045939,1.97773757518183e-06
PeriMac->Beta,SST_SSTR3,0.431955989103753,0.477109812928215,0.771793526715765,2.62186430860004e-06,0.773233344783392,4.03861348036934e-07,1.64770182263018e-05,0.143437031506236,0.837330614754007,0.693893583247771,5.85790425643622e-06,1.91132351825902e-06,0.812700917198815,6.14790504059773e-05
PeriMac->Beta,NDP_LGR4,0.207332125687916,0.142472963007293,0.216159920066536,2.66926107313621e-06,0.000146028600582455,0.413461099343023,4.50345957600807e-06,-0.541255507,0.0601553695926314,0.601410876791068,5.95666681584082e-06,0.485310826056589,0.000405403210188435,1.90600140313082e-05
PeriMac->Beta,EDN2_EDNRA,0.239511364739737,0.126227046242234,0.159685266761439,2.69043484720412e-06,2.8018490162045e-06,0.00964310094120653,0.00462075540452791,-0.924073043,-0.5848629,0.339210142515245,5.99531205320593e-06,0.0176755444251473,1.21561151735608e-05,0.00974726513193948
PeriMac->Beta,EFNB2_PECAM1,0.218702628237222,0.159503041793099,0.225646481919769,2.74296817643848e-06,1.89517783426894e-05,0.95494178062854,3.53717585073299e-05,-0.455386618,0.0450937273633024,0.500480345769341,6.10582001355512e-06,0.966546975879234,6.65094764411613e-05,0.000122248152410661
PeriMac->Beta,GAST_ADGRG1,0.454626481015927,0.388073559189108,0.275264959275067,2.79999561734228e-06,0.0261319901511767,1.86531739264695e-08,0.00273273593297489,-0.228351579,-0.723860749,-0.49550917,6.21865693299257e-06,1.17565409720343e-07,0.0415687592309305,0.00608780808861276
PeriMac->Beta,VIM_CD44,0.650521599335824,0.895560205698846,0.913927627048235,2.87877222867985e-06,1.54465587410735e-05,6.07135517880191e-06,0.448272231673358,0.461193463028701,0.490482963998688,0.0292895009699879,6.38449532789482e-06,2.23406710484671e-05,5.53323732475937e-05,0.526834241785194
PeriMac->Beta,TGFB3_ENG,0.303959841539106,0.2208544974032,0.334552063543535,2.87949305246218e-06,0.000651504996416005,0.210509162151436,1.4041210236039e-06,-0.460784518,0.138350011708281,0.599134529487406,6.38457599081702e-06,0.272688441126037,0.00154732335663431,6.65192529617937e-06
PeriMac->Beta,ALOX5AP_ALOX5,0.293114026638502,0.339532335528094,0.466948314587866,2.93493645463536e-06,0.106186849082941,6.73614021339202e-07,6.43025261299434e-05,0.21208696789772,0.671800860204013,0.459713892306292,6.49053751750561e-06,3.04431763132368e-06,0.145449475513315,0.000212549242997914
PeriMac->Beta,INHBB_ACVR1B,0.272252207685618,0.187367886595203,0.292072605377118,3.10296449508078e-06,0.000112241705057407,0.384624484436777,8.05508445604733e-06,-0.539070038,0.101383300423763,0.640453338360236,6.83942646741813e-06,0.456228025283095,0.000320769186512099,3.23034513353437e-05
PeriMac->Beta,DAGLB_CNR1,0.267844046328013,0.181410125163115,0.258266381773054,3.17818339823138e-06,3.65987938802734e-05,0.946760473462934,1.98148594863904e-05,-0.562138245,-0.052533366,0.509604879212898,6.99860593453785e-06,0.960141519511008,0.000119703208034779,7.23133839159035e-05
PeriMac->Beta,THBS4_ITGB1,0.397547453572779,0.364434155500136,0.547748930751339,3.20593392384521e-06,0.390909482847952,8.81687474872585e-05,7.84484213352502e-07,-0.125468901,0.462387682835696,0.58785658389014,7.05139156841032e-06,0.000251664038115406,0.457343992977009,3.99872608860772e-06
PeriMac->Beta,ITGB3BP_ITGB5,0.28685692278025,0.203747538074525,0.328315604498443,3.2343893437924e-06,0.00231445487450464,0.0711336456883662,8.89662429123094e-07,-0.493548706,0.194751985414884,0.688300691591832,7.10560145993771e-06,0.104923252210797,0.00478272819436847,4.46170491336571e-06
PeriMac->Beta,CD14_ITGA4,0.309602764145131,0.285399656168814,0.44326453331945,3.24175404403661e-06,0.362943243449647,1.3766043246814e-05,3.03170374448975e-06,-0.117434755,0.517749580178072,0.635184335009998,7.11675258243669e-06,4.65589744040178e-05,0.427736522412926,1.33081094252237e-05
PeriMac->Beta,HGF_MET,0.262174115785358,0.192211948079049,0.289017497056293,3.25416121219969e-06,0.000805388482089996,0.11778090663389,2.02775455783395e-06,-0.447827236,0.140631578695437,0.588458815092691,7.1412201693026e-06,0.164118059415029,0.00185773090033024,9.28566250146052e-06
PeriMac->Beta,A2M_LRP1,0.377603574299609,0.473499457685741,0.582934444240836,3.269700760237e-06,0.00832344306836955,4.90051605290558e-07,0.00132990245902148,0.326490351605956,0.626461227363012,0.299970875757055,7.17135403044692e-06,2.27990093473832e-06,0.0149770595952452,0.0032055116635019
PeriMac->Beta,PROS1_TYRO3,0.285573695174371,0.199177673289203,0.302079267002257,3.48120203330231e-06,0.00113869357045891,0.30566910377944,7.21133694552175e-07,-0.519807155,0.081064073178482,0.600871228269412,7.60331246668785e-06,0.374429599481893,0.00253683630887049,3.69600829823225e-06
PeriMac->Beta,JAM3_JAM3,0.306478460653898,0.191684297204803,0.260324823054233,3.51006172555893e-06,2.54786895582634e-06,0.112962052031293,0.00157628004234871,-0.677053526,-0.235472799,0.441580727150475,7.66070560973648e-06,0.158285881276765,1.11520715170445e-05,0.00373281041762598
PeriMac->Beta,COL6A3_GP6,0.25718832706648,0.213163705790779,0.348595815173467,3.83947625789348e-06,0.0373617135960804,0.000476570990049978,2.28935015928403e-06,-0.270863345,0.4387300838549,0.709593428384115,8.3309221990301e-06,0.00115496341781922,0.0572078241011553,1.03564783151317e-05
PeriMac->Beta,COL1A1_ITGB1,0.457107910400431,0.464105410156224,0.694214607970707,4.43404129162445e-06,0.743668207674055,1.05248398612323e-05,4.00205893715465e-06,0.0219177298387359,0.602846936771993,0.580929206933258,9.55654740486896e-06,3.64829826181996e-05,0.787036197093668,1.71165546839883e-05
PeriMac->Beta,GNAI2_IGF1R,0.420443452713406,0.52100313360784,0.614212788672782,4.66062443476718e-06,0.00898146187745611,9.86030278123492e-08,0.00690933805496507,0.309380269917442,0.546826771110824,0.237446501193383,1.00125068465012e-05,5.3319944546875e-07,0.0160250719955835,0.0139533027444716
PeriMac->Beta,IL1F10_IL1R1,0.26042022834623,0.213836559039574,0.144949942508371,4.83567792251534e-06,0.0028651458834186,3.32184009741124e-07,0.0117078214778414,-0.284332986,-0.84528675,-0.560953763,1.03528124079006e-05,1.60549867505969e-06,0.0057999307292814,0.0222153292809815
PeriMac->Beta,NPFF_NPFFR1,0.279408731927923,0.177680787842055,0.225302675719271,4.96794986073413e-06,2.39098896417973e-06,0.0253057329983856,0.00902761491858379,-0.65308941,-0.310512659,0.342576750597575,1.06140715302171e-05,0.0419647782060339,1.05702109278998e-05,0.0176577043322604
PeriMac->Beta,HLA-E_KLRC2,0.525032597646405,0.629077853746683,0.385137355676104,5.20076173784372e-06,0.0192425272459387,0.019136305303775,4.92108429463494e-07,0.260831575485882,-0.447033936,-0.707865511,1.10810199841494e-05,0.0325320677735762,0.0316736005205781,2.59490527418625e-06
PeriMac->Beta,THBS1_CD36,0.349991057409849,0.219501626934773,0.295338386698033,5.31277828729286e-06,1.33311160100901e-05,0.168586619379336,0.000277189732509468,-0.673086425,-0.244949176,0.428137248723182,1.13041961368312e-05,0.225200628035292,4.85373341694458e-05,0.000787340385154787
PeriMac->Beta,EDIL3_ITGB5,0.236321670404495,0.173799824207577,0.269188186805355,5.33904133220693e-06,0.00136474285146134,0.12789483865729,2.28935015928403e-06,-0.443325304,0.187863169884982,0.631188473497424,1.13574863276685e-05,0.176505852196361,0.00297090345821036,1.03564783151317e-05
PeriMac->Beta,COL4A1_GP6,0.273240730969706,0.225328132123483,0.35911800624268,5.5022563015818e-06,0.0240317782636789,0.00106691355843283,3.41617193113364e-06,-0.278145111,0.394285433756704,0.672430544731265,1.16753973569506e-05,0.00241030992324085,0.0386364060054459,1.48490455608642e-05
PeriMac->Beta,EFNB3_RHBDL2,0.24738977702766,0.154411268339922,0.216713567753701,5.75652721791604e-06,1.95105044729863e-05,0.286550361583747,0.000149744301505703,-0.680007842,-0.190996405,0.489011437386401,1.21816891762071e-05,0.354219688954836,6.81880800764393e-05,0.000455879518422063
PeriMac->Beta,CADM1_CADM1,0.264756902650929,0.245967658670501,0.361908785657035,5.76729562358682e-06,0.420146410441979,1.61385574301738e-05,5.91802123844315e-06,-0.106199664,0.45095783121859,0.557157495277048,1.21989418541537e-05,5.3899199322829e-05,0.487696082205423,2.43830839718188e-05
PeriMac->Beta,GNAI2_S1PR5,0.266958325338748,0.329486058997612,0.40692560030344,5.89394040957027e-06,0.0132573982148825,1.21353373221615e-07,0.00566155076652045,0.303602881649596,0.608150502065419,0.304547620415823,1.24357987371715e-05,6.40624937980319e-07,0.0227547978442526,0.0117227404106776
PeriMac->Beta,PDGFB_ITGAV,0.284047335173598,0.235748591988205,0.368318047785063,5.94781257085829e-06,0.0723548557065959,0.000128025377677947,5.69263793497006e-06,-0.268882213,0.374820722435785,0.643702935200679,1.25409574278856e-05,0.000351655100995256,0.103373578500709,2.35480827749005e-05
PeriMac->Beta,TFPI_LRP1,0.259023743294105,0.19588088099436,0.312351043642552,6.48860159440873e-06,0.00610173251034912,0.0214278151849878,2.19874444300897e-06,-0.403107756,0.270084001402949,0.673191757725347,1.3601275432055e-05,0.036014172981183,0.011313250021176,1.00048234948233e-05
PeriMac->Beta,IFNA14_IFNAR2,0.304920498598349,0.182125468603325,0.246805215678904,6.77418240060566e-06,1.14938270286333e-05,0.181810815093388,0.000501458998860174,-0.743500453,-0.305060256,0.438440196576832,1.41522000969428e-05,0.240284965031329,4.26130439280966e-05,0.00134671219350191
PeriMac->Beta,LAMC2_CD44,0.366263869123688,0.248039452831536,0.308008237363019,7.61781763896339e-06,3.17850280941344e-06,0.0407155609863833,0.00924635078441228,-0.562313776,-0.249914455,0.312399321642769,1.57593707997894e-05,0.0643065954759539,1.35942568575005e-05,0.018044430053789
PeriMac->Beta,LAMC1_SV2C,0.286611579893973,0.203613478175892,0.305471785325568,8.7524652358608e-06,0.00106324656783233,0.110610874748501,7.17910638920464e-06,-0.493263834,0.0919422328170829,0.585206066736545,1.79474600395932e-05,0.155341499496238,0.00238469920287088,2.90528001728854e-05
PeriMac->Beta,RARRES2_GPR1,0.302153578520972,0.227497468386542,0.364055411126948,8.78886658625762e-06,0.00848377311421114,0.029768060447291,1.94712342057538e-06,-0.409431536,0.268876023482539,0.678307559493259,1.80141831502112e-05,0.0484517504978927,0.0152390979413367,8.95599963862286e-06
PeriMac->Beta,LAMA5_ITGA2,0.237708358785917,0.148399069743337,0.145909132619523,8.94628821660238e-06,1.1156600286659e-05,0.000101520682256918,0.428891524149266,-0.679710583,-0.704122445,-0.024411862,1.83006527378217e-05,0.000286271137875613,4.1494723873188e-05,0.507605383414071
PeriMac->Beta,KISS1_KISS1R,0.202787668963267,0.13144009867419,0.164941601940393,8.95697112787449e-06,8.01895031367636e-06,0.0497449770742118,0.00296145477586997,-0.625564456,-0.298014602,0.327549853763258,1.83184886386348e-05,0.0767103895103733,3.0909408481807e-05,0.00654607823443485
PeriMac->Beta,THBS1_TNFRSF11B,0.341184503554146,0.21044378784616,0.241184679438605,9.22092922310385e-06,7.32212677718893e-06,0.00252423659187616,0.0347775201941337,-0.697117196,-0.500413853,0.196703343275617,1.88253070241e-05,0.00526993709243975,2.84824014085147e-05,0.0585251142649971
PeriMac->Beta,BMP5_BMPR2,0.222134232455144,0.163547340536225,0.23269525698352,9.26056868099184e-06,0.000244242172552675,0.437414844781125,1.70984612029558e-05,-0.441723437,0.067010064843111,0.50873350226965,1.89020972989698e-05,0.508945271038971,0.000642314909943995,6.3594276754853e-05
PeriMac->Beta,FARP2_PLXNA1,0.227090746899547,0.14267848115121,0.19057862419098,9.48299931145571e-06,1.37307568551394e-05,0.222064471256076,0.000639242360548535,-0.670501156,-0.25288261,0.417618546097326,1.93371663527359e-05,0.285712743155403,4.97593239878557e-05,0.00167495863460582
PeriMac->Beta,WNT4_LRP5,0.219139034924913,0.187601692071744,0.276937872366773,9.68469357877141e-06,0.0217060746832223,0.00347133240775667,4.00205893715465e-06,-0.224173651,0.337715867729255,0.561889518772578,1.97045080033218e-05,0.00703064810392874,0.0352927077993895,1.71165546839883e-05
PeriMac->Beta,CALM1_GP6,0.231517299833539,0.202876794292738,0.335059405554859,1.04469409357365e-05,0.346117237680492,6.94875751260022e-05,6.1519303650672e-06,-0.190516146,0.533296903044926,0.723813048833976,2.11386258239805e-05,0.00020300455769713,0.410865562876512,2.52798266279061e-05
PeriMac->Beta,CALM3_INSR,0.38459030614346,0.359548039956532,0.514461491157359,1.15308454648961e-05,0.383798023205062,0.000122258592565409,4.50345957600807e-06,-0.097137854,0.419740691523608,0.516878545293855,2.31939113278368e-05,0.000337404778535544,0.449700786390757,1.90600140313082e-05
PeriMac->Beta,GDF15_TGFBR2,0.306486385208658,0.180847797082607,0.215957289364453,1.20462313143463e-05,5.5622602836789e-06,0.00964310094120653,0.0301340307430203,-0.76104696,-0.505076972,0.255969987861879,2.41338586125907e-05,0.0176755444251473,2.23352406053193e-05,0.0514317653440471
PeriMac->Beta,CEL_RORA,1.71961604334377,1.88023704596065,1.2400297311606,1.33080138300018e-05,0.22470674208926,0.000325681265988809,4.16293058545259e-06,0.128828082019919,-0.471711764,-0.600539846,2.64290298075915e-05,0.000816874119156657,0.281653384870817,1.77476309420026e-05
PeriMac->Beta,PDX1_SLC2A2,0.242871005032557,0.165774338294985,0.255085211380018,1.35824806118386e-05,0.00182189330473306,0.185232536325432,5.47548428845821e-06,-0.550969566,0.0707889953048616,0.621758561422911,2.69168003287084e-05,0.244184440198365,0.00386153618417404,2.27304483501282e-05
PeriMac->Beta,VEGFB_NRP1,0.255588592391348,0.29274363540993,0.380015775686348,1.43168713768325e-05,0.387343801516377,5.56909436787238e-07,0.000277189732509468,0.195814358119654,0.572235862548947,0.376421504429293,2.82640796197022e-05,2.56076760004897e-06,0.453627492849311,0.000787340385154787
PeriMac->Beta,PF4_THBD,0.330658148199112,0.223277014700887,0.311051262844109,1.46814885908015e-05,0.000189231134368286,0.93858470850306,3.29298132912855e-05,-0.566505711,-0.08818809,0.478317621411283,2.89226875554375e-05,0.9531293663207,0.000511340678269806,0.00011457265885159
PeriMac->Beta,RTN4_RTN4R,0.398752840365695,0.336753051567361,0.491928240471457,1.49674363603836e-05,0.117871535950324,0.00323688924955065,1.58804067969656e-06,-0.243803776,0.302953083156159,0.546756858830106,2.94486914932838e-05,0.00659481355835042,0.159626261228894,7.44384093477863e-06
PeriMac->Beta,HLA-DOB_CD4,0.209414855168257,0.131513972466747,0.147457415148591,1.58326883120537e-05,8.5182471583291e-06,0.00281022852326418,0.0786738585203196,-0.671147697,-0.50606541,0.165082287213664,3.1072441947157e-05,0.00580979868462063,3.26015493655788e-05,0.118787593440845
PeriMac->Beta,CDH1_CDH1,0.442251496633857,0.433529360243447,0.61372530851162,1.66972990567145e-05,0.89952044901918,8.40945368293478e-05,6.39467151686482e-06,-0.028737324,0.47272605177809,0.501463375389809,3.26319726798728e-05,0.000241661688091237,0.918927472177298,2.61642356388951e-05
PeriMac->Beta,COL1A1_TMPRSS6,0.26064550514905,0.16398809755611,0.229100745062022,1.6746461077462e-05,4.97630030923801e-05,0.520480927162248,0.000221520090893154,-0.668497871,-0.18610683,0.482391041775113,3.27143432315321e-05,0.589133125660654,0.000157192445934887,0.000646944085113131
PeriMac->Beta,CDH1_ITGB1,0.562029983751483,0.641685315748487,0.808046911978511,1.69493528078288e-05,0.0867676094369948,6.41990600831141e-06,0.000243953109099135,0.191218869946406,0.523791952870032,0.332573082923627,3.30556118776823e-05,2.34842679394231e-05,0.121545015892519,0.000704954957148925
PeriMac->Beta,COL9A1_ITGA2,0.248518789457918,0.152748587880401,0.131768868574254,1.71948742114442e-05,0.000106436316813186,9.96940829030688e-06,0.637373094486498,-0.702195886,-0.915345364,-0.213149479,3.34949820241337e-05,3.48164135275113e-05,0.000306526076947638,0.701441272459893
PeriMac->Beta,TGFB1_ITGAV,0.295202126997502,0.339664794704608,0.445089517009645,1.7779972929271e-05,0.168825254047934,6.73614021339202e-07,0.00072064481821417,0.202408577688125,0.59239240402942,0.389983826341295,3.45668168995914e-05,3.04431763132368e-06,0.219270672481082,0.00185847049533701
PeriMac->Beta,TCN2_CNR1,0.264011693569006,0.164310257925825,0.207272403157562,1.81109953631631e-05,1.41418094993031e-05,0.0994226011907333,0.00304149218953115,-0.684179276,-0.349073784,0.335105491985872,3.51810422214881e-05,0.141073018543833,5.11297670579453e-05,0.00670551622404789
PeriMac->Beta,APP_CD74,0.368956721538025,0.454741212581456,0.556611022015133,1.98656756926472e-05,0.0228432243989657,8.1324546587657e-07,0.00595280794526259,0.301594160058465,0.593217877177728,0.291623717119262,3.83499633404414e-05,3.62270950606335e-06,0.0369292196176001,0.0122469767343206
PeriMac->Beta,WNT16_FZD6,0.234824141519797,0.165545150225914,0.140514342698223,2.04816180043131e-05,0.000733244399566209,5.74068655358402e-06,0.0844118869685793,-0.504355986,-0.740863333,-0.236507347,3.94655097591888e-05,2.12328010197588e-05,0.0017099259397884,0.126407783214466
PeriMac->Beta,GNAI2_CNR1,0.301780697999103,0.34460117048054,0.442597558257965,2.06410847718635e-05,0.242492016618033,6.41990600831141e-06,0.000135584945040266,0.191427067742517,0.552494956988309,0.361067889245791,3.97399460788324e-05,2.34842679394231e-05,0.301555196775498,0.00041754254451489
PeriMac->Beta,EFNB2_RHBDL2,0.219547382859123,0.146916043072226,0.157066451177472,2.06661425421559e-05,1.54465587410735e-05,0.00134454684287934,0.101951463985814,-0.579540388,-0.483157275,0.0963831132643518,3.97717717419497e-05,0.00298049737413938,5.53323732475937e-05,0.149411352091072
PeriMac->Beta,CALR_ITGAV,0.459542642314024,0.618909390255104,0.670281640307949,2.18764318140185e-05,0.000667141881423679,1.17878450245929e-06,0.378173881997999,0.429529470605647,0.544568676878531,0.115039206272885,4.1953814959121e-05,5.06947987041968e-06,0.00157725904166844,0.457595793394387
PeriMac->Beta,WNT10A_FZD6,0.271387961024291,0.184496201926595,0.167723449312255,2.31434368514016e-05,0.000131501911881583,2.44775124915882e-05,0.335424990437556,-0.556765604,-0.694272315,-0.137506711,4.4238110440548e-05,7.86789236807494e-05,0.000368917243317715,0.413376180578877
PeriMac->Beta,NEGR1_NEGR1,0.339143221062087,0.299676671633893,0.185870443587709,2.36322638056054e-05,0.323410342397689,4.58018797694955e-06,0.000170797238268537,-0.178487874,-0.867597276,-0.689109402,4.50801138606722e-05,1.73622981787403e-05,0.386914412451667,0.000511788190995475
PeriMac->Beta,LAMA3_ITGAV,0.294564743674247,0.199430966697722,0.211675620686927,2.66291602208972e-05,1.41418094993031e-05,0.00596715972946028,0.0525275078906355,-0.562695321,-0.476729644,0.0859656770049662,5.04563897096342e-05,0.0114130953365605,5.11297670579453e-05,0.0840007875199464
PeriMac->Beta,LAMA1_CD44,0.387729732992883,0.264530982569807,0.301997160928142,2.74902687515829e-05,1.29425864363007e-05,0.00679963107197135,0.0577229587331764,-0.551614666,-0.360516384,0.191098281675607,5.20140419705407e-05,0.012875955874817,4.7288854789586e-05,0.091152828688517
PeriMac->Beta,CD55_CR1,0.278247699259975,0.204220903054546,0.247837163558737,2.81183799026306e-05,6.733543899593e-05,0.230013041896219,0.000486332088503219,-0.446239216,-0.16697722,0.279261995773174,5.31378135599145e-05,0.294033391093317,0.000205599009804921,0.0013097469078619
PeriMac->Beta,APOC3_SDC2,0.34392189595609,0.276395637756265,0.400947324130843,2.82838343260593e-05,0.0228432243989657,0.0461817405541745,2.91303838099002e-06,-0.315346121,0.221331740707061,0.536677861940884,5.34396610478998e-05,0.07178524844015,0.0369292196176001,1.28659195160393e-05
PeriMac->Beta,LAMC2_ITGAV,0.282846917851365,0.194816432325799,0.191382475855919,2.91150559599234e-05,4.45273084544244e-05,0.000111442015279196,0.625712433491922,-0.537906077,-0.563562714,-0.025656637,5.48989775609794e-05,0.000310215195023676,0.000142536284578885,0.690997405175546
PeriMac->Beta,THBS1_ITGAV,0.398312587477447,0.262328133594148,0.249308666372494,2.91686969741356e-05,6.37559168572324e-05,6.94875751260022e-05,0.709147741296334,-0.602528532,-0.675968036,-0.073439505,5.49890067450965e-05,0.00020300455769713,0.000196016872921643,0.765705536614446
PeriMac->Beta,FARP2_PLXNA3,0.25717935351655,0.180582978210186,0.234690399638765,2.9235403998731e-05,0.000124759995917748,0.684800471317578,0.000165287403032848,-0.510112914,-0.132015999,0.378096915144281,5.50813670975889e-05,0.738732369197453,0.000352227978789575,0.000497836905227771
PeriMac->Beta,LAMC1_ITGA6,0.397788414295863,0.269834579798846,0.259645775416547,2.95122348422351e-05,0.000128089154895791,1.701118643524e-05,0.937924051280597,-0.559926012,-0.615456504,-0.055530492,5.55468374915999e-05,5.65302269568646e-05,0.000360753513547083,0.953460718215497
PeriMac->Beta,CDH1_IGF1R,0.447181618534524,0.401760317560128,0.56009297881076,3.09143580611242e-05,0.16682941671312,0.00150670638273291,6.39467151686482e-06,-0.154525813,0.324805455264028,0.479331268049498,5.79869559610229e-05,0.00331162986289647,0.216859643129875,2.61642356388951e-05
PeriMac->Beta,INS_IGF1R,1.17830207746032,1.51390915234955,1.10118327094408,3.1268392898042e-05,0.0014273859464516,0.987705416077872,7.7523178713458e-06,0.361569187854006,-0.097654848,-0.459224035,5.8603891692372e-05,0.991745545874531,0.00309571172018148,3.11831052625759e-05
PeriMac->Beta,WNT8A_FZD6,0.3227304778502,0.215613934820452,0.233109009830196,3.223895334759e-05,3.00230297021756e-05,0.000948698363162289,0.120306725557904,-0.581879406,-0.46932506,0.112554345816806,6.02655224100841e-05,0.0021684534015138,0.000100775394408742,0.172915429276445
PeriMac->Beta,PKM_CD44,0.460489532543501,0.454139724839653,0.616734082530417,3.52863500936725e-05,0.89952044901918,6.94875751260022e-05,2.46719459934324e-05,-0.020032124,0.421480212703247,0.441512336482075,6.56988171005543e-05,0.00020300455769713,0.918927472177298,8.81086953394861e-05
PeriMac->Beta,COL9A1_ITGAV,0.285434207947157,0.207591261992326,0.173050718980525,3.6212582145459e-05,0.00113869357045891,1.11092688966781e-05,0.0772900717714449,-0.459412525,-0.721963307,-0.262550782,6.72622393972205e-05,3.83236909275938e-05,0.00253683630887049,0.117020254745015
PeriMac->Beta,MMP7_CD151,0.64988652299485,0.591462077606053,0.856348344794827,3.68375218208467e-05,0.373280464441486,0.000876671593150979,6.39467151686482e-06,-0.135902159,0.398009943546434,0.533912102589166,6.8314195535757e-05,0.0020251591433661,0.438755062035053,2.61642356388951e-05
PeriMac->Beta,HSPG2_PTPRS,0.229775609445164,0.239801173709295,0.346655337339153,3.79940064978106e-05,0.597685369961902,1.99022288883688e-05,8.18035438151888e-05,0.0616130549679599,0.593276306461119,0.531663251493159,7.02633014693848e-05,6.52770714032011e-05,0.656679520730815,0.000264218648444626
PeriMac->Beta,BMP6_BMPR2,0.203464920614465,0.162154021401615,0.239020828457019,3.82522548021101e-05,0.0164364992649223,0.0090591619718783,2.13226040715213e-05,-0.327415276,0.23235625928429,0.559771535454034,7.0698837486444e-05,0.0167036692772644,0.0275210312588755,7.72716591993591e-05
PeriMac->Beta,RSPO4_LGR6,0.245019688186393,0.161619852479312,0.154885661435292,3.86756861612252e-05,4.8401923240116e-05,0.000184114461579728,0.631531303237038,-0.600293255,-0.661694083,-0.061400829,7.14389703983978e-05,0.00048831950458223,0.000153152354132904,0.695936584681523
PeriMac->Beta,HGF_SDC2,0.30974970254564,0.308927929422819,0.424859154716078,3.86945877768834e-05,0.98191882132332,8.40945368293478e-05,2.46719459934324e-05,-0.00383259,0.455881753709091,0.459714343223157,7.14597336730881e-05,0.000241661688091237,0.985404923647545,8.81086953394861e-05
PeriMac->Beta,PSEN1_NOTCH2,0.258154683888539,0.17266402833407,0.16595219351477,4.05939235720321e-05,6.0357029725919e-05,0.000160842624755413,0.448272231673358,-0.580268219,-0.637468072,-0.057199854,7.4554069517605e-05,0.00043190091616333,0.000186427275921647,0.526834241785194
PeriMac->Beta,RGMB_BMPR2,0.226326021764376,0.181009040221583,0.2732373929701,4.16748373189455e-05,0.00686315529452742,0.04283330800819,2.05555733552994e-05,-0.322340714,0.271752463588972,0.594093177230142,7.64569423723269e-05,0.0671736881473431,0.0125799788931719,7.47242354864509e-05
PeriMac->Beta,LAMC2_ITGB8,0.24843495358121,0.16439674971984,0.22650301578045,4.28185955471616e-05,0.000138586071697746,0.540728933488108,0.000286138163787021,-0.595686389,-0.133337908,0.462348480946837,7.83160508360633e-05,0.608067449255826,0.000386813547814656,0.000810649461629313
PeriMac->Beta,CXCL12_CXCR4,0.489030449189053,0.398921232729649,0.307539744633528,4.39824402530056e-05,0.0123256964055015,9.44162791832603e-06,0.00690933805496507,-0.293820382,-0.669151427,-0.375331044,8.03030343863841e-05,3.32596318814748e-05,0.0212993879345162,0.0139533027444716
PeriMac->Beta,CD46_JAG1,0.327936476607003,0.223474353857972,0.306763969904912,4.54266226122195e-05,7.71343856573254e-05,0.575317027444511,0.000658750046779735,-0.553307105,-0.096287337,0.457019767598196,8.26714314160555e-05,0.638875860952666,0.000231130597305343,0.00171979301325535
PeriMac->Beta,LAMA1_RPSA,0.694659293439952,0.541055308786246,0.450064635900121,4.54878541875344e-05,0.000716171116643756,1.05248398612323e-05,0.236181406113963,-0.360529479,-0.626173349,-0.26564387,8.27600358613849e-05,3.64829826181996e-05,0.00167597696338509,0.308384680323495
PeriMac->Beta,GCG_GCGR,0.651524865105268,0.699344151619429,1.00036640108333,4.61921948800333e-05,0.222244110180762,3.15845148670204e-05,0.000154765619751258,0.102182349878495,0.618636362779222,0.516454012900727,8.39432678435517e-05,9.93325538366711e-05,0.279016562552644,0.000468566822190929
PeriMac->Beta,RSPO2_LGR4,0.204297310291391,0.132668814462001,0.138688682747381,4.90938268243012e-05,2.19062593320794e-05,0.00119842439698282,0.568848157680619,-0.62284092,-0.558820141,0.0640207791699277,8.88872703061106e-05,0.00268401027012142,7.59069788445901e-05,0.639842712509926
PeriMac->Beta,LYZ_ITGAL,0.37391006257199,0.389195585794611,0.560871436554038,4.9992469452463e-05,0.783164383870178,5.42703943546907e-06,0.00026007403633664,0.0578040500434275,0.584978814453527,0.5271747644101,9.03915012701249e-05,2.01686947625719e-05,0.820899275530576,0.000746222888633706
PeriMac->Beta,THBS1_LRP1,0.35019387353957,0.225026235402388,0.289129064583293,5.26696307771755e-05,0.000121512523317146,0.474783244896669,0.000501458998860174,-0.63806063,-0.276440201,0.3616204285664,9.48643205038603e-05,0.544544215959194,0.000343905582925606,0.00134671219350191
PeriMac->Beta,CALM2_INSR,0.384596105716547,0.421144669133501,0.557440732869644,5.58023562885292e-05,0.446752285784206,9.96940829030688e-06,0.000295356697368515,0.130971749665143,0.535474270070068,0.404502520404925,0.000100026388637213,3.48164135275113e-05,0.513721070241011,0.000833864186759537
PeriMac->Beta,CGN_TGFBR2,0.244439596941644,0.174619543136549,0.235625298583663,5.72589481470921e-05,0.000313996339579226,0.93858470850306,0.000159945112410286,-0.485262973,-0.05298356,0.432279412325536,0.00010245759990717,0.9531293663207,0.00080155634612965,0.000483306773101117
PeriMac->Beta,ALDH1A2_CRABP2,0.642576701907592,0.477228283055481,0.536211482532084,5.73142091169832e-05,3.65987938802734e-05,0.00964310094120653,0.036947298095271,-0.429189126,-0.261066559,0.168122566202628,0.000102536812935025,0.0176755444251473,0.000119703208034779,0.0616978869732703
PeriMac->Beta,LGALS3BP_ITGB1,0.48004049309416,0.461977996113591,0.65963294933893,5.82798010930093e-05,0.966427706054081,0.000420306823569854,1.31771243317796e-05,-0.055331969,0.458507356508257,0.513839325624005,0.000104184358872286,0.00103147120501436,0.9725793119077,5.03754982650984e-05
PeriMac->Beta,SEMA3G_PLXNA1,0.246575299624045,0.153963823159148,0.174251116028859,6.16611523016078e-05,2.12823435256125e-05,0.00398646535439657,0.246052084821328,-0.679436882,-0.500860388,0.178576494035168,0.000109766265013244,0.007943975395388,7.37998886271055e-05,0.31926416014439
PeriMac->Beta,VEGFA_TYRO3,0.362243368301694,0.308709709104923,0.430411999545992,6.45827815231885e-05,0.227188810545008,0.00150670638273291,1.52981139274765e-05,-0.23070842,0.248759020848782,0.479467441041872,0.000114443044462063,0.00331162986289647,0.284496875387815,5.75638591026628e-05
PeriMac->Beta,NTN4_UNC5A,0.381982368984245,0.258963260589952,0.336202273855142,6.68814709063397e-05,0.000121512523317146,0.268246354155328,0.000940246989537921,-0.560758612,-0.184176567,0.376582045129472,0.000118291687640185,0.335224977955271,0.000343905582925606,0.00235074347853383
PeriMac->Beta,POSTN_ITGAV,0.304140512221965,0.208059953167105,0.262609490040626,6.81708073926472e-05,0.000166314929270133,0.325604682537598,0.000583895862556603,-0.547738692,-0.211818946,0.335919745425928,0.000120435093060343,0.395011117012708,0.000455753719222032,0.00154644537363089
PeriMac->Beta,CALM1_SCTR,0.288010828244501,0.256057269648463,0.38968364593874,7.6102635650968e-05,0.120944883763723,0.00243491218778638,2.37905521529033e-05,-0.169656534,0.436180331920011,0.605836865684515,0.000133562631298632,0.00509881766454138,0.163054469684638,8.5353180954724e-05
PeriMac->Beta,PTGES3_PTGER4,0.304957956824205,0.186804691558467,0.218905528991969,7.68767232648675e-05,3.26904842185798e-05,0.0127000355909729,0.0645142814045502,-0.707079667,-0.478301963,0.22877770415233,0.000134794374927572,0.022539180363888,0.000108711884773944,0.100081359877207
PeriMac->Beta,ADM_CALCRL,0.231927020348248,0.16785281445942,0.211141913588518,7.84826149544149e-05,0.000106436316813186,0.181810815093388,0.00181298739527234,-0.466474179,-0.135457913,0.331016265908847,0.000137351938516845,0.240284965031329,0.000306526076947638,0.00422050072949847
PeriMac->Beta,WNT11_FZD4,0.283363573152213,0.237174599589951,0.350232595963393,8.13357277289819e-05,0.0980414775648303,0.00637133205873418,1.58771389114066e-05,-0.256704797,0.30565905053256,0.562363847387419,0.000141972243311367,0.0121091657383603,0.135526215578651,5.95265079443732e-05
PeriMac->Beta,ADM_CALCR,0.249523807239207,0.178562751227655,0.166650907659917,8.14458825427205e-05,0.000106436316813186,0.000298795750794425,0.438520338556036,-0.482746307,-0.582348293,-0.099601985,0.000142084756378997,0.000755739361011496,0.000306526076947638,0.516936398085518
PeriMac->Beta,PF4_LDLR,0.253300253644777,0.174875589789663,0.238214016001627,8.19519798607538e-05,0.00121906317224659,1,5.21835722121367e-05,-0.534519596,-0.088590221,0.445929375520219,0.000142914202307181,1,0.00268827926021659,0.0001748449574694
PeriMac->Beta,GZMB_IGF2R,0.314651278347713,0.241533353137843,0.349821018883713,8.35009040228495e-05,0.0127840378068932,0.0994226011907333,1.70984612029558e-05,-0.381531379,0.152863171048632,0.53439455051994,0.000145262296293387,0.141073018543833,0.0220177288593182,6.3594276754853e-05
PeriMac->Beta,WNT8A_FZD9,0.336676143551803,0.248948995137112,0.274896250853771,8.62570245491654e-05,9.82569599088532e-05,0.034881210297137,0.00657615920034767,-0.435511304,-0.292474265,0.143037038288161,0.000149805534350142,0.0559713613812998,0.000286240138048027,0.0133863576129462
PeriMac->Beta,WNT8A_FZD5,0.273596318110413,0.190115009003352,0.241641865587127,8.93474429883019e-05,0.000121512523317146,0.153076034740761,0.00208197434597207,-0.52517638,-0.179178385,0.345997995505451,0.00015482685272058,0.206791202326114,0.000343905582925606,0.00477517991129272
PeriMac->Beta,INS_INSR,0.976946749366895,1.31641311756694,0.997979855694403,9.34062981955055e-05,0.000330018814695954,0.24230706858853,0.000429979438056545,0.430260475004643,0.0307307678393131,-0.399529707,0.00016123130080823,0.307348427494399,0.000836980832921114,0.00116832164235114
PeriMac->Beta,IAPP_CALCR,0.385970085760323,0.306330839102364,0.212233550319646,0.000100798661005677,0.0608502907247107,1.701118643524e-05,0.00312349786147328,-0.333398422,-0.862836296,-0.529437873,0.000173254083261647,5.65302269568646e-05,0.0884957143561118,0.00687007499453495
PeriMac->Beta,F8_LRP1,0.264439833769978,0.178575096821692,0.249472974241611,0.000104951331711162,0.000500589051876418,0.78540917516374,0.000268504073289741,-0.566408607,-0.084055978,0.482352629002439,0.000179795412709222,0.826429417476297,0.00121766753693088,0.000765934555243641
PeriMac->Beta,WNT4_FZD4,0.207843513299311,0.165502434071899,0.229653928150532,0.000104932181755605,0.00338912173364884,0.263797161358403,5.40404684458595e-05,-0.328645286,0.14396373709278,0.472609022986474,0.000179795412709222,0.330783696888182,0.00673492278045939,0.000180742018523836
PeriMac->Beta,PODXL_SELL,0.235850385863234,0.199586176045815,0.296137684241987,0.000108745389198465,0.142473563025332,0.00210545186693392,3.9359406565958e-05,-0.240860161,0.328396126219833,0.56925628767334,0.000185783331583018,0.00446152998972277,0.188402806336872,0.000134485181116211
PeriMac->Beta,CALM3_MYLK,0.294188740463876,0.294586282809736,0.394998737981659,0.000109076698919774,0.956106969367784,0.000438343227050602,3.53717585073299e-05,0.0019482227793428,0.425106011509857,0.423157788730514,0.000186281114522823,0.00107010353884533,0.964377790902108,0.000122248152410661
PeriMac->Beta,GZMA_F2RL2,0.192344166748134,0.118290223592689,0.137983199016846,0.000109615929889807,3.764303435401e-05,0.0109110937920613,0.124270830082676,-0.701359229,-0.479197461,0.222161768581576,0.000187065019028927,0.0197207291014043,0.000122645555170872,0.177927598313308
PeriMac->Beta,COL1A2_ITGB8,0.392167473168138,0.343814563551693,0.482946734662472,0.000110963201548898,0.214972330021916,0.00637133205873418,1.22248649631854e-05,-0.189839224,0.300394197228498,0.490233421523906,0.000189294942218017,0.0121091657383603,0.271348023605471,4.70823866129619e-05
PeriMac->Beta,ADAM28_ITGA4,0.202621004165417,0.127310124523812,0.160744448924718,0.000111995154916047,7.11045638681178e-05,0.0548471770539656,0.0131440817627597,-0.670436575,-0.334014816,0.336421758451334,0.000190985521948243,0.0836518096074872,0.000215415190568952,0.0246547345029203
PeriMac->Beta,OXT_AVPR1B,0.306850762269867,0.203141925394773,0.241744444424968,0.000119112724532548,5.87226299002235e-05,0.0497449770742118,0.0210165427627812,-0.595049144,-0.344054431,0.250994713485918,0.000202346292922893,0.0767103895103733,0.000181823109832588,0.0374340864791337
PeriMac->Beta,TIMP2_ITGB1,0.497635333335717,0.55119542262312,0.709478324776527,0.000126270628014112,0.14071951956937,4.05883506729955e-05,0.000996808689350928,0.147474983005541,0.511669684406044,0.364194701400503,0.000213960475588672,0.000124788442675577,0.186347484177042,0.00247657051224949
PeriMac->Beta,SPP1_ITGAV,0.515646070319923,0.600156212847713,0.760297930159663,0.000130319464360124,0.181177963896039,2.15359618555491e-06,0.00657615920034767,0.218956897112998,0.560183695746504,0.341226798633505,0.000220181120005658,8.69266344390144e-06,0.233397051128609,0.0133863576129462
PeriMac->Beta,GDF6_BMPR2,0.254663459367996,0.183079583581564,0.235099843333845,0.000132344933592377,0.000112241705057407,0.500626122133918,0.00258934808645743,-0.47612105,-0.11531839,0.36080266024837,0.000223360510322,0.569701167166669,0.000320769186512099,0.00580332507219484
PeriMac->Beta,IHH_BOC,0.234604780897035,0.150306752023361,0.143759741798822,0.00013450414306922,0.000121512523317146,0.000585940751177004,0.834413511561835,-0.642322591,-0.706572687,-0.064250096,0.000226758475790653,0.00139608054328968,0.000343905582925606,0.869266164378914
PeriMac->Beta,LAMB1_ITGA6,0.428584393575237,0.332089691882169,0.426379930719682,0.000135805688336175,0.00119170881375601,0.640048254223057,0.000159945112410286,-0.368006374,-0.007439783,0.360566590462381,0.00022882865982656,0.698452283036111,0.00263856155108381,0.000483306773101117
PeriMac->Beta,ADAM9_ITGAV,0.346700062955461,0.279223907767815,0.216599662487249,0.000147563256812475,0.0179474798349897,1.45178470281295e-05,0.0254892091354267,-0.312265624,-0.678657101,-0.366391477,0.000247166467866182,4.88713378124834e-05,0.0297466403519517,0.0443257536941201
PeriMac->Beta,ALDH1A1_RXRA,0.427312233266001,0.40159740957591,0.524106991498696,0.000148734122433726,0.838376918294016,0.000370216873642001,6.89027919478256e-05,-0.089540656,0.294570734126186,0.384111390070786,0.000249038214694273,0.000918941723611651,0.867292879432914,0.000226870894207313
PeriMac->Beta,CALM2_CACNA1C,0.353700166143876,0.391744874086951,0.499222566077618,0.000155002130370162,0.253088542822376,2.44775124915882e-05,0.00122051867476144,0.147387500296022,0.497156251102441,0.34976875080642,0.000258975438311457,7.86789236807494e-05,0.313021735275408,0.00296638827466773
PeriMac->Beta,CDH1_LRP5,0.352715800001678,0.354311276282198,0.467422296546185,0.000158759569045316,0.94064019129466,0.000140324409868153,0.000154765619751258,0.00651117813038095,0.406220349728736,0.399709171598355,0.000264495313458601,0.000382675165864661,0.952483154100012,0.000468566822190929
PeriMac->Beta,COL1A2_CD36,0.396475838690264,0.327250699089612,0.47856433234634,0.000163064686159096,0.0754937161878541,0.0239513198905197,2.21168332700733e-05,-0.276836676,0.271479924922193,0.548316600529793,0.00027108668552701,0.0398675788613077,0.107299311991513,7.98088281405199e-05
PeriMac->Beta,MMP1_ITGA2,0.202381501007774,0.136617127045901,0.128617573765989,0.0001694390850948,0.000500589051876418,9.24261010721706e-05,1,-0.566939062,-0.65398964,-0.087050578,0.000281382906491774,0.000262450736925786,0.00121766753693088,1
PeriMac->Beta,CCL8_CCR1,0.284180686955467,0.197496804943392,0.273987924084469,0.000175697142304645,0.00216924664478286,0.753983983731163,0.000107296028539605,-0.524979196,-0.052696203,0.472282992402689,0.000290585628265555,0.799404705642679,0.00451164608752163,0.000338013290853576
PeriMac->Beta,HLA-DMB_CD4,0.387433020912024,0.262904602179777,0.231503375273037,0.000178297026946924,0.000621248624106599,0.000140324409868153,0.428891524149266,-0.559407522,-0.74291369,-0.183506168,0.000294624387486432,0.000382675165864661,0.00148058435505017,0.507605383414071
PeriMac->Beta,CALM2_MYLK,0.291876809559912,0.348258414623545,0.423899534851987,0.000183231137319034,0.14071951956937,1.23708078070018e-05,0.00450364264519332,0.254798621678361,0.538362792592675,0.283564170914314,0.000302188834673258,4.23467505408121e-05,0.186347484177042,0.00951629825681933
PeriMac->Beta,CD34_SELL,0.208688543951862,0.135943061560669,0.177111641395633,0.000192439237518598,0.000270189819204043,0.654832439107464,0.00148983437263725,-0.618348883,-0.236692362,0.38165652075192,0.000315922775004133,0.712252447760544,0.000702713899714278,0.00354972542221206
PeriMac->Beta,RSPO4_LGR5,0.260839680834144,0.168283711579697,0.194545311464363,0.000200120283452036,8.59289058120369e-05,0.052244669957374,0.0314029843109084,-0.632267814,-0.423057146,0.209210667753104,0.000327380218176183,0.0800560418372507,0.000254458677274502,0.0534148500459798
PeriMac->Beta,LAMA1_ITGAV,0.302348889135879,0.210939389887796,0.195758428368006,0.000207439227414942,0.00048862435333206,0.000201322271319272,0.655032937867474,-0.519385754,-0.627139852,-0.107754098,0.000338522238160703,0.00052974164932755,0.00119516357607516,0.71749028234239
PeriMac->Beta,COL9A1_CD44,0.378883088619992,0.266958648940622,0.276517299601704,0.000208134560742858,7.11045638681178e-05,0.00596715972946028,0.339554246288228,-0.505136455,-0.454383004,0.0507534513724629,0.000339538157154491,0.0114130953365605,0.000215415190568952,0.417472256409198
PeriMac->Beta,NDP_FZD4,0.257620240646752,0.172217889904834,0.221107479852879,0.000219763171809862,0.000121512523317146,0.210509162151436,0.00881351122229124,-0.581010928,-0.220498115,0.360512812179911,0.000357570358737553,0.272688441126037,0.000343905582925606,0.0172787794622809
PeriMac->Beta,MIF_CD44,0.490121956425686,0.494473143769122,0.666463806162531,0.00022856283444998,0.76828160122146,0.00017603131732349,0.000243953109099135,0.012751388372257,0.44338574993932,0.430634361567063,0.000371240487506427,0.000468479351781316,0.808316126347144,0.000704954957148925
PeriMac->Beta,HLA-E_KIR3DL1,0.642241490707123,0.807302482582198,0.828423937002205,0.000229334685066395,0.00325052447051277,1.88909096334739e-05,0.37375387542554,0.329993457303933,0.367253369336206,0.0372599120322734,0.000372299676696716,6.21567566352892e-05,0.00649455655179472,0.452776123372654
PeriMac->Beta,RARRES2_CMKLR1,0.303449628879209,0.235352760529547,0.352986337230098,0.000229993696692676,0.0265705605174221,0.0450422116842041,6.89027919478256e-05,-0.36663228,0.218155286432324,0.584787566281436,0.000373174674334542,0.0702128593900828,0.0421729093936555,0.000226870894207313
PeriMac->Beta,WNT16_LRP6,0.288970162075758,0.220145895531708,0.196720827878153,0.000230265697076301,0.000699467802370267,0.00017603131732349,0.504055355726222,-0.392460585,-0.55477082,-0.162310234,0.000373532511497708,0.000468479351781316,0.00164141777622889,0.579756887572651
PeriMac->Beta,SLURP1_CHRNB2,0.214447396477577,0.161320842301259,0.232149167730422,0.000232858433912481,0.032349391570432,0.0711336456883662,4.07808936951671e-05,-0.410690955,0.114428307366596,0.525119262440974,0.00037749452060056,0.104923252210797,0.0502757621741069,0.00013903661417709
PeriMac->Beta,CD40LG_ITGB1,0.477907023830381,0.412947543039009,0.32223397389892,0.000248649844916553,0.030811999183106,6.01242331983209e-05,0.0106608969732281,-0.210771444,-0.568621361,-0.357849917,0.000401281272211351,0.000178213805933885,0.0480304693148416,0.0204914170546614
PeriMac->Beta,EDN3_EDNRA,0.226256560084034,0.132724455651225,0.123597583729425,0.000252730631478262,0.000805388482089996,0.000168278156675085,0.519880837876112,-0.769525393,-0.872309077,-0.102783684,0.000407303270633936,0.000450415680190874,0.00185773090033024,0.594440850172636
PeriMac->Beta,SEMA3G_PLXNA3,0.283646652953946,0.192243091435637,0.209507563283675,0.000256896564448505,0.000124759995917748,0.0196883979073666,0.0645142814045502,-0.561163084,-0.437092512,0.124070572400456,0.000413731207385299,0.0333551354304243,0.000352227978789575,0.100081359877207
PeriMac->Beta,ANGPTL7_LILRB3,0.254495602498059,0.17738010333651,0.173080827103704,0.000257538326585318,0.000142261505434029,0.00441668111066921,0.217287744044198,-0.520796533,-0.556194805,-0.035398272,0.000414550044933192,0.00871010600429649,0.000396242258193079,0.287824492536819
PeriMac->Beta,LAMA5_CD44,0.377679558902957,0.254809925915293,0.317870307442601,0.000308385612279341,6.55225474777163e-05,0.199390038260314,0.0362115688712778,-0.567741224,-0.248724443,0.319016780466131,0.000490221709499265,0.260018212902588,0.000200720631485103,0.06059948231634
PeriMac->Beta,SEMA3C_PLXNA1,0.279888497784312,0.189400980986006,0.17536419298187,0.000328223484746312,0.000592303875906128,0.000311971300009377,0.977109933494755,-0.563408394,-0.674497998,-0.111089604,0.000519631477548133,0.000786292430826119,0.00141739624280461,0.984072712118233
PeriMac->Beta,PROS1_AXL,0.286701865746783,0.187925964365896,0.206777210073173,0.000337145686822576,0.000118344865602854,0.0134843865708136,0.180133515965488,-0.609386883,-0.471474103,0.137912780017108,0.000532762149192103,0.0237683971905799,0.000336253702815541,0.245476323875249
PeriMac->Beta,TGFB1_TGFBR2,0.275028379150355,0.282432528731484,0.368204584711617,0.000354200299683679,0.724163013489357,0.000146877092002391,0.000517023665191869,0.038325765593574,0.420927096610844,0.38260133101727,0.000557822116402052,0.000399204403903936,0.769975218263846,0.00138228625649463
PeriMac->Beta,TGFB1_CD109,0.22759739479004,0.230564599778204,0.315781154902364,0.000354864837090517,0.956106969367784,6.62251223029293e-05,0.00088667108534896,0.018686978860847,0.472441031427645,0.453754052566798,0.000558774341725244,0.000194199289796204,0.964377790902108,0.00223175064331762
PeriMac->Beta,LAMA1_ITGB8,0.26218265488767,0.17425047644717,0.226356844689904,0.000393453379275988,0.000392325115984803,0.59655355226942,0.00320751454812718,-0.589409641,-0.211973312,0.377436329452376,0.000615897486471961,0.658694547297484,0.000979552645049851,0.0070297203901005
PeriMac->Beta,WNT8A_LRP6,0.401447480384698,0.275807862253762,0.328776841795865,0.00045951008504802,0.000402074891497529,0.106023167140294,0.00969806102260061,-0.541547674,-0.288102575,0.253445098693612,0.000712840524418414,0.149438516634128,0.00100094864902294,0.0188124432186394
PeriMac->Beta,CXCL12_CXCR3,0.33818796966771,0.250542474429388,0.339771156980405,0.000468497329592444,0.00451995449093601,0.449681474084927,0.000304852847908015,-0.432770134,0.00673804818073993,0.439508182443504,0.000726057998079135,0.520748453167499,0.00868606005180286,0.000859373637136888
PeriMac->Beta,LAMA5_ITGB8,0.264992770116953,0.169947235292232,0.231702802974328,0.000499869420949501,0.00133438141682798,0.987705416077872,0.000996808689350928,-0.640866103,-0.193677501,0.447188602480184,0.000772111601029466,0.991745545874531,0.00291433150460581,0.00247657051224949
PeriMac->Beta,GNAI2_CXCR3,0.364855504924612,0.402675880731622,0.482397116490804,0.000519073034464964,0.207873614662444,4.48208392657237e-05,0.00641504925015368,0.142293839463826,0.402896061402584,0.260602221938758,0.00080068315037504,0.000136541080558677,0.263564642866831,0.0131140870930163
PeriMac->Beta,THBS1_LRP5,0.384157841002489,0.26702028098428,0.317215487783961,0.000563034483816292,0.000373484730201533,0.0648090298719427,0.0224248501290114,-0.524749876,-0.276235989,0.248513887246948,0.000863103642569987,0.0968811908085707,0.000935768348998093,0.0396022343815635
PeriMac->Beta,SELL_CD34,0.243234615633447,0.163722084278395,0.219089357468649,0.00057549512234138,0.00136474285146134,0.90595400087574,0.00125602090516576,-0.571099618,-0.150829153,0.420270464774683,0.000881046857246085,0.92742964444347,0.00297090345821036,0.00304394985798551
PeriMac->Beta,WNT4_LRP6,0.251112257091486,0.199909368610388,0.220306731531045,0.000589065313503158,0.000330018814695954,0.120249318101337,0.0192590497593397,-0.328986364,-0.188818872,0.140167492432616,0.000900344296961733,0.167166265163826,0.000836980832921114,0.0346143383728556
PeriMac->Beta,RSPO4_LGR4,0.201057814076998,0.149680259024794,0.204611239544393,0.000655117648322645,0.00194567372970799,0.881580492573821,0.00102625594156408,-0.425726445,0.0252749888097483,0.451001433359446,0.000994942595824428,0.90705744923104,0.00409504615313993,0.00254058264939218
PeriMac->Beta,COL6A1_ITGAV,0.340143149431945,0.40054654387892,0.461466399702287,0.000675812771854117,0.0754937161878541,9.24261010721706e-05,0.0157672560423239,0.23582786106984,0.4400835718856,0.204255710815761,0.00102537110212349,0.000262450736925786,0.107299311991513,0.0289464602170433
PeriMac->Beta,COL1A1_ITGA2,0.252017131126412,0.177911809745374,0.246340489273857,0.000682847593552976,0.00159576881251957,0.841214035264998,0.00140777574572651,-0.502359524,-0.032868033,0.469491491277618,0.00103520272268197,0.872841437258276,0.00342585304561164,0.00337022905277505
PeriMac->Beta,COL6A2_ITGB8,0.305966333149125,0.271766759447292,0.374441247713039,0.000747059007879393,0.0733890509980303,0.0165717819521502,0.00031463431848958,-0.171003908,0.291366451836441,0.462370359845046,0.00112723494427353,0.0285785879182209,0.104690788761221,0.000884275059617597
PeriMac->Beta,PF4_SDC2,0.355613574190293,0.280082030983199,0.357604774665691,0.000806195023908316,0.0274668047155461,0.263797161358403,0.000131152452776252,-0.344460965,0.00805560460283639,0.35251656964476,0.00121000598278629,0.330783696888182,0.0433813671497822,0.00040563331548305
PeriMac->Beta,CXCL12_ITGB1,0.448574363592966,0.512068588060338,0.621092700016626,0.000831751205104236,0.212586934512144,0.000106373839032517,0.00708154893003418,0.190989890303363,0.469461438814182,0.278471548510819,0.001246157282559,0.000297885070698084,0.268809939694901,0.0142640225479073
PeriMac->Beta,LAMC2_CD151,0.432097675476175,0.324210658820629,0.320533629114154,0.000835187067201318,0.000651504996416005,0.00210545186693392,0.898887958994145,-0.414425947,-0.430881742,-0.016455795,0.00125090317322638,0.00446152998972277,0.00154732335663431,0.922829284778493
PeriMac->Beta,SELL_PODXL,0.283025142560243,0.216061250023687,0.299884643185221,0.000847996433045578,0.0265705605174221,0.230013041896219,0.000165287403032848,-0.389489867,0.0834774240603261,0.472967291048071,0.00126906958566487,0.294033391093317,0.0421729093936555,0.000497836905227771
PeriMac->Beta,WNT16_FZD9,0.246232635359952,0.195909250725717,0.161862490465039,0.000871659230207015,0.00280513077118478,0.000273972554111436,0.672887885997488,-0.329836463,-0.605253286,-0.275416822,0.00130093396789937,0.000698637502665794,0.00568708103316923,0.734116748606382
PeriMac->Beta,THBS4_ITGAV,0.259551191290185,0.19900528488884,0.256717375127288,0.000916024865882964,0.002122731614675,0.777518217569628,0.00166732281964599,-0.383212364,-0.015838166,0.367374197727469,0.00136191902278551,0.819420396959608,0.00442773714259579,0.00392350839093284
PeriMac->Beta,TENM4_ADGRL2,0.221489298915209,0.144527217163437,0.184040771939996,0.000928608591129427,0.000263470959069556,0.268246354155328,0.0347775201941337,-0.61589579,-0.267211584,0.348684206034878,0.00137930906656931,0.335224977955271,0.0006876488825408,0.0585251142649971
PeriMac->Beta,CALM1_SELL,0.208947971155546,0.198908426808863,0.268698526982678,0.000946713651842197,0.301697207162313,0.00347133240775667,0.000416876625430249,-0.071039352,0.362844660480702,0.433884012941447,0.00140485920209736,0.00703064810392874,0.364113280943208,0.00113636036294955
PeriMac->Beta,LAMA5_ITGAV,0.280972157303268,0.207079222664532,0.198567240762611,0.000947668892439069,0.00113869357045891,0.00110921040428255,0.911877552770274,-0.440244365,-0.500799543,-0.060555178,0.0014060530346225,0.00249799967434757,0.00253683630887049,0.933186375451576
PeriMac->Beta,PSEN1_CD44,0.371059986865067,0.311704057296234,0.420672023126322,0.00097949142922495,0.0139964989103852,0.0797321674741009,0.000811592337412778,-0.251475502,0.181043437262903,0.432518939460173,0.00144957893888788,0.116100789603249,0.0238857193260287,0.0020599414059972
PeriMac->Beta,UBA52_TGFBR2,0.415722754885765,0.521527756713867,0.541473302476847,0.000986757839527811,0.0164364992649223,4.94629225674229e-05,0.281027634452839,0.327122320018731,0.381268489136989,0.0541461691182583,0.00145940655257895,0.000149268890879625,0.0275210312588755,0.356802201466732
PeriMac->Beta,WNT4_FZD5,0.175990649083344,0.137769097494658,0.161310899175601,0.00110858932668838,0.00119170881375601,0.610904134949993,0.00462075540452791,-0.353246455,-0.125654856,0.227591599338013,0.00163003172120889,0.671836096535432,0.00263856155108381,0.00974726513193948
PeriMac->Beta,NGF_MAGED1,0.365501037009765,0.297914612330412,0.376780968669392,0.00111387333750612,0.0202667100688943,0.214312185953463,0.000368104791570695,-0.294976611,0.0438505962337419,0.338827207108463,0.00163728498144613,0.27711450936705,0.0331895841858578,0.00101738710985821
PeriMac->Beta,LAMB1_ITGA2,0.307412064915332,0.25782668620717,0.331476333246243,0.0011378562106689,0.0391731275416056,0.04283330800819,0.000566461491750656,-0.25377219,0.108732080916723,0.362504270430193,0.00167148389497946,0.0671736881473431,0.0596680166081151,0.00150454236761108
PeriMac->Beta,WNT4_FZD6,0.203967267360163,0.155694327170022,0.155115569444265,0.0011667077172145,0.000525342255150489,0.0232977119574028,0.138951445499835,-0.389621265,-0.394994143,-0.005372878,0.00170821685546646,0.0388420119997592,0.00127018987974177,0.195701096032459
PeriMac->Beta,IFNA16_IFNAR2,0.266879824646519,0.183664085187619,0.183952967577411,0.00117778359743335,0.000538142247422707,0.00748998291320086,0.498837247762677,-0.539120703,-0.536853293,0.00226740991223537,0.0017233514348013,0.014054830137666,0.00129878159998939,0.57517352869348
PeriMac->Beta,RIMS1_SLC18A2,0.271337147873483,0.224391626368422,0.188443905951385,0.00124433666029651,0.0108340427896825,0.000438343227050602,0.118362150194689,-0.274067735,-0.525951433,-0.251883698,0.0018111729258815,0.00107010353884533,0.0189926613685695,0.170461963411465
PeriMac->Beta,COL1A1_ITGAV,0.291394166252677,0.243161930316928,0.328241684172919,0.0013550093297589,0.0232336067109083,0.14429896644008,0.000566461491750656,-0.261054617,0.171786466361978,0.432841083503436,0.00196144118994273,0.196212938622896,0.0374953431486768,0.00150454236761108
PeriMac->Beta,WNT10A_LRP6,0.331150673791336,0.244938864987484,0.232934843563255,0.00142191517759089,0.000947700481370265,0.00359417813958555,0.911877552770274,-0.435066084,-0.507561331,-0.072495246,0.00205192214984031,0.0072521076543487,0.002154032673056,0.933186375451576
PeriMac->Beta,WNT16_FZD4,0.235437899477011,0.18510943679232,0.210609771220424,0.00143963884686609,0.000538142247422707,0.192216657704729,0.037695719015807,-0.346968129,-0.160774204,0.186193925672531,0.00207589289899008,0.252321556863173,0.00129878159998939,0.0628015122306569
PeriMac->Beta,WNT10A_FZD4,0.27448372628127,0.200430190994866,0.251306839277074,0.00144256078385244,0.00101554708379998,0.547563641401417,0.00924635078441228,-0.453620775,-0.127270682,0.32635009355886,0.00207978469733779,0.613608078687219,0.00228982915099982,0.018044430053789
PeriMac->Beta,JAG1_CD46,0.378958602512684,0.290955826885513,0.342783924596959,0.00146315559652468,0.00124699646312695,0.407594806622621,0.00819815892103296,-0.381240117,-0.144740803,0.236499313982996,0.00210719706721973,0.479329848231948,0.00274274534497718,0.0161846405111948
PeriMac->Beta,WNT5B_FZD6,0.238060986467075,0.211908455469744,0.153928861029654,0.00151027500642013,0.110456103729715,0.000153712781986657,0.0271528578316713,-0.167890055,-0.629067451,-0.461177396,0.0021696974064203,0.000415603718948271,0.15069980043744,0.0469214260566561
PeriMac->Beta,SEMA3C_PLXND1,0.337968227822016,0.258166944900362,0.331086922120119,0.00161350526502918,0.00325052447051277,0.753983983731163,0.00258934808645743,-0.388583332,-0.0296776,0.358905731281688,0.00230910971343851,0.799404705642679,0.00649455655179472,0.00580332507219484
PeriMac->Beta,MMP1_CD44,0.309625168942412,0.23789592182143,0.270325127041396,0.00164027854632425,0.000805388482089996,0.210509162151436,0.0260336842119137,-0.380192209,-0.195827132,0.184365077308358,0.00234475556491174,0.272688441126037,0.00185773090033024,0.0451715413557908
PeriMac->Beta,GAS6_AXL,0.286093734615211,0.21056621616664,0.24804881622762,0.00167574652458251,0.00101554708379998,0.443524229721254,0.0131440817627597,-0.442213917,-0.20586383,0.236350086287489,0.0023915794953038,0.514630056986466,0.00228982915099982,0.0246547345029203
PeriMac->Beta,HLA-C_LILRB2,0.436156098269064,0.412533373447183,0.522324227457112,0.00167946003715188,0.439054354005749,0.0130870829969815,0.000286138163787021,-0.080333725,0.260101061235205,0.340434786061067,0.00239651265512509,0.0231643852364029,0.506117030915179,0.000810649461629313
PeriMac->Beta,SST_SSTR4,0.590233698727062,0.480578494603136,0.624089967953026,0.00172571528098161,0.0078585919882013,0.277296749417291,0.00171463612225535,-0.296514201,0.0804677287168108,0.376981929543612,0.00245725418119316,0.344289728796692,0.0141926323457777,0.00401761510886659
PeriMac->Beta,RIMS1_CACNA1C,0.250156738109195,0.184623760389066,0.227409441445561,0.00192581041216582,0.00246851597933019,0.995901662945015,0.00450364264519332,-0.438244076,-0.13754016,0.300703916529515,0.00272304979910304,0.996756514157845,0.00506295449762357,0.00951629825681933
PeriMac->Beta,ADCYAP1_VIPR2,0.185189694538607,0.122969964686096,0.156298957727495,0.00205589859747387,0.000683127124884317,0.153076034740761,0.062180742540638,-0.590697832,-0.244695658,0.346002173820972,0.00289732922151931,0.206791202326114,0.00160689111138539,0.0970585619844496
PeriMac->Beta,SST_SSTR2,0.39663637281231,0.368613433719261,0.468416512670898,0.00223324113689085,0.162891025257448,0.019136305303775,0.000764864422816694,-0.105708334,0.23997495088354,0.345683285,0.00312928846701485,0.0325320677735762,0.212302289171647,0.00195523577309787
PeriMac->Beta,WNT16_FZD5,0.198587875213867,0.149562399596513,0.144751728673051,0.00238681843556733,0.00166810083651942,0.00456904917501525,0.847233993109441,-0.409030016,-0.456196962,-0.047166945,0.00333147424315009,0.00897265067464047,0.00356228127359276,0.880390802877911
PeriMac->Beta,LAMC1_ITGB8,0.297042467034914,0.249575378509412,0.324283535373813,0.00240562715433402,0.183300373255634,0.0497449770742118,0.000379771023740673,-0.251193587,0.126586573866841,0.377780161082263,0.00335471521836265,0.0767103895103733,0.235838052652214,0.00104498646296549
PeriMac->Beta,SEMA3C_PLXNA3,0.321869354798841,0.237152188965193,0.214702367056842,0.00243413137953255,0.00318318031479666,0.00162447867533654,0.764771780024202,-0.440662038,-0.584137125,-0.143475087,0.00339345053180087,0.00353797270220389,0.00637729939356168,0.812412158531575
PeriMac->Beta,COL6A2_CD44,0.463193348845851,0.391402156817829,0.502949285543223,0.00253990513199803,0.029337763963936,0.133195657025835,0.00125602090516576,-0.242962831,0.118798396893342,0.361761227695036,0.00353088451136775,0.182820642839463,0.0460091900227968,0.00304394985798551
PeriMac->Beta,WNT8A_FZD1,0.326841408421514,0.245434112929017,0.293440551721603,0.00256521314484295,0.00353307911636465,0.640048254223057,0.00486329045481916,-0.413254989,-0.155522517,0.257732472249634,0.00356341149889725,0.698452283036111,0.00698972682872735,0.0102103923840993
PeriMac->Beta,TENM4_ADGRL1,0.234196050855168,0.16801059915457,0.20366443590718,0.00259243197826951,0.000733244399566209,0.419376476551251,0.0433042677615045,-0.479164496,-0.20152267,0.277641825845082,0.00359961379775201,0.490895190522031,0.0017099259397884,0.0710040797467593
PeriMac->Beta,GNAI2_MTNR1B,0.245544178836367,0.281881974568602,0.332600985509906,0.00262520564423206,0.205545577704419,0.000402955950743527,0.0172438091969203,0.199108603779229,0.437809821169695,0.238701217390466,0.00364186767540105,0.000993956262375791,0.260967626082322,0.0313976678096569
PeriMac->Beta,B2M_HFE,0.396992458123934,0.508423260632774,0.454760453923782,0.00262760894704842,0.00236480175382335,0.004125506110241,0.405364337964351,0.356918435130108,0.195995202135944,-0.160923233,0.0036441177903758,0.0081965326935736,0.00487273487070117,0.48409343535066
PeriMac->Beta,SST_SSTR5,0.407430042951182,0.376416999861847,0.490242948414271,0.00278969868273668,0.0967337683751466,0.0815481178625269,0.000620273131947531,-0.11422058,0.266944513216346,0.381165093173109,0.00385458588543442,0.11837548139148,0.133956738628766,0.0016330532810631
PeriMac->Beta,WNT10A_FZD5,0.231759735319108,0.165811467099981,0.176949409658099,0.00281694185015722,0.000750695114028048,0.04283330800819,0.3152661695076,-0.483086156,-0.389292992,0.093793164668453,0.00388819674138303,0.0671736881473431,0.00174712675240859,0.392578137654104
PeriMac->Beta,COL9A1_ITGB8,0.255842782630191,0.174364163019948,0.205599177231697,0.00289849206967996,0.00163156597560321,0.195779567360075,0.0295162510286921,-0.553153978,-0.315423043,0.237730935713688,0.00399543875069819,0.25616942128416,0.0034946607165159,0.0504910305511901
PeriMac->Beta,CCL13_CCR2,0.222988344327489,0.149750061289627,0.178033894261994,0.00290090004733272,0.00198861972840968,0.296007697693865,0.0176313823902353,-0.574411705,-0.324816371,0.24959533398301,0.00399816720471625,0.364413330353487,0.00417601189252712,0.0320158720919048
PeriMac->Beta,HLA-DPA1_CD4,0.316593372400261,0.415179528975271,0.425370740499383,0.00291988078712583,0.0130188151893896,0.000496813449012241,0.448272231673358,0.391104255952291,0.426089744240607,0.0349854882883159,0.00402110100617105,0.00120027864604667,0.0223727907307712,0.526834241785194
PeriMac->Beta,GCG_GIPR,0.890579146150869,1.10313888005623,1.25940488774529,0.00292778344925874,0.0313173429133463,0.00129413018440098,0.0566510054846941,0.308798695585015,0.499926436029558,0.191127740444544,0.0040304551379406,0.00287968663170141,0.0487856003165821,0.0897182647132813
PeriMac->Beta,HLA-B_LILRB2,0.780173803220999,0.912287622173286,1.03380850746561,0.0029646711951862,0.0928941885987428,0.000273972554111436,0.0645142814045502,0.225693186442481,0.406101518001949,0.180408331559468,0.00407822635432781,0.000698637502665794,0.129292299500011,0.100081359877207
PeriMac->Beta,TIMP1_CD63,0.79807612527649,1.02119398517412,1.05843397802043,0.0030095151968222,0.0134998384058657,0.000610406112012147,0.37375387542554,0.355658674013504,0.407333009649895,0.0516743356363917,0.00413260087677866,0.00144955911732416,0.0231269958953013,0.452776123372654
PeriMac->Beta,COL1A2_ITGB1,0.692947185266439,0.751912518600626,0.868353629620804,0.00301151427131363,0.191974353601123,0.0003547834924647,0.0254892091354267,0.117819423007163,0.325537289305626,0.207717866298463,0.00413473728625457,0.000883454462816531,0.245676604526174,0.0443257536941201
PeriMac->Beta,ALB_FCGRT,0.535968495102179,0.731846498107791,0.595779875406437,0.00354189550410151,0.00133438141682798,0.20675460837964,0.0555956712385798,0.449392880213896,0.15263119220332,-0.296761688,0.00480774174363488,0.268645631280858,0.00291433150460581,0.0882968007145833
PeriMac->Beta,VWF_GP1BB,0.325340494117469,0.260869966449283,0.344700024707418,0.00373218789906374,0.0967337683751466,0.04283330800819,0.0015324958972457,-0.318619542,0.0833910005545993,0.402010542274799,0.00504933107163597,0.0671736881473431,0.133956738628766,0.00364080993807054
PeriMac->Beta,CLSTN1_NRXN3,0.252840509447428,0.196455897055837,0.253499368093356,0.00376582631684215,0.0123256964055015,0.419376476551251,0.00296145477586997,-0.364022151,0.00375452408946867,0.367776675213474,0.00509243663141542,0.490895190522031,0.0212993879345162,0.00654607823443485
PeriMac->Beta,WNT4_FZD9,0.211398816642483,0.175638334101278,0.182675321117362,0.00381657190026372,0.00241614955439133,0.263797161358403,0.0239144907508147,-0.267359544,-0.210685556,0.0566739871493807,0.00515358753411407,0.330783696888182,0.00496318939514696,0.0419109498969293
PeriMac->Beta,EDIL3_ITGAV,0.264406302599438,0.205629996163969,0.200378294050314,0.00383556881526595,0.00203243420930194,0.0165717819521502,0.307430264853815,-0.362705833,-0.400030327,-0.037324495,0.00517774036306814,0.0285785879182209,0.0042555659493532,0.38394825419151
PeriMac->Beta,NID1_ITGAV,0.305658414163652,0.260482591967448,0.351038773123739,0.00391814317717582,0.0733890509980303,0.0871954499950623,0.00132990245902148,-0.230733321,0.19971010589774,0.430443426710713,0.0052792777057195,0.125537761622772,0.104690788761221,0.0032055116635019
PeriMac->Beta,COL6A2_ITGA2,0.300298772068149,0.226971067716607,0.24012971689237,0.00396011120861168,0.00166810083651942,0.12789483865729,0.070665669537887,-0.403890167,-0.322584621,0.0813055457149162,0.00533104084915705,0.176505852196361,0.00356228127359276,0.108220220891382
PeriMac->Beta,LAMA3_ITGB1,0.447542628323568,0.364752672092514,0.459303416402474,0.00411984322344817,0.0127840378068932,0.396010299180447,0.00338175587593331,-0.295106558,0.0374224093434899,0.332528966848542,0.00552868617297145,0.467741459191443,0.0220177288593182,0.00736344976907233
PeriMac->Beta,CNTN1_NRCAM,0.271972554930455,0.198684862407368,0.241515225281892,0.00455250179282643,0.00127551974305712,0.330716199472823,0.0681497129804813,-0.452979113,-0.171346934,0.281632179761035,0.00607608194641365,0.400535018006037,0.00279888218377719,0.104953384079383
PeriMac->Beta,PRSS2_F2RL2,1.63146376664637,1.96028707323961,2.15169836973393,0.00461578146940392,0.0645039237699471,0.000539689229554574,0.122276223728798,0.264897997585561,0.399308904568144,0.134410906982583,0.00615525511745529,0.00129480996226468,0.0930404516663162,0.175421810972352
PeriMac->Beta,CALM1_ADCY8,0.298717125807544,0.247422125259202,0.210265653564052,0.00473326055827895,0.0209756358120761,0.00102609316008805,0.307430264853815,-0.271805434,-0.506566741,-0.234761307,0.00630200606446275,0.00232880705530445,0.0342183859487663,0.38394825419151
PeriMac->Beta,COL6A1_ITGA2,0.284214785954032,0.29310282934615,0.338929063627629,0.00482656589562995,0.666756769325418,0.00725326963400939,0.00191649931950086,0.0444252832795704,0.254001743249468,0.209576459969897,0.00641616170363918,0.0136601048144639,0.720100398780537,0.004422836628477
PeriMac->Beta,COL6A2_ITGB1,0.546050174910137,0.573697460278925,0.684717656372533,0.00494150131624325,0.593198171470101,0.00252423659187616,0.00486329045481916,0.0712566090110751,0.326475692071883,0.255219083060808,0.00655587032824876,0.00526993709243975,0.652671920673874,0.0102103923840993
PeriMac->Beta,LAMA1_SDC2,0.33436542115079,0.276191940750742,0.243125297063118,0.00534833079518014,0.0104384257903547,0.00181685390708232,0.684895263914489,-0.275754433,-0.459725642,-0.183971209,0.00705746635414349,0.00391128854033323,0.0183785646984577,0.744517308215168
PeriMac->Beta,COL1A2_CD44,0.598120224579352,0.50238161211177,0.637189171454464,0.005358329706612,0.24775062734751,0.0711336456883662,0.000787906912266962,-0.25165184,0.0912862483202338,0.342938088472373,0.00706966046722443,0.104923252210797,0.307357075661335,0.00200753774313746
PeriMac->Beta,CDH1_ITGAE,0.312685859580156,0.222834892715002,0.24263797495664,0.00538475265819591,0.00216924664478286,0.0797321674741009,0.130407136198602,-0.488738821,-0.365908615,0.122830206438901,0.00710251312155705,0.116100789603249,0.00451164608752163,0.185432586350695
PeriMac->Beta,LAMC1_ITGA2,0.288567475951695,0.220773025931561,0.201059187043125,0.00559569936594488,0.0132573982148825,0.00110921040428255,0.860095032568501,-0.386344789,-0.521288444,-0.134943655,0.00737033093554559,0.00249799967434757,0.0227547978442526,0.890945748339697
PeriMac->Beta,MIF_CXCR4,0.60571211631612,0.563646458097324,0.449828807338244,0.00582187151608948,0.339528259297926,0.00301677757374383,0.00800175553810708,-0.103841741,-0.429256214,-0.325414474,0.00764879119747643,0.00617929319452843,0.403660413297356,0.0158337665802849
PeriMac->Beta,B2M_LILRB2,0.624177509960283,0.721768632394237,0.777054361959487,0.00600348671434882,0.10479320149695,0.000370216873642001,0.145637822138525,0.209580069920484,0.316059155480574,0.10647908556009,0.00787076937054755,0.000918941723611651,0.143772758282622,0.203674603434507
PeriMac->Beta,CXCL12_CD4,0.253430022458845,0.189920853522099,0.230367137758873,0.00610135300496605,0.0044290609183244,0.527187134948201,0.0180265698575596,-0.416189117,-0.137652513,0.278536603652528,0.00798672759336561,0.595351282663053,0.00852719922520743,0.0326381684066995
PeriMac->Beta,WNT10A_LRP5,0.289061461562211,0.235798786504378,0.296510842016079,0.00763183554849612,0.0206185163857427,0.582356576807221,0.00450364264519332,-0.293819983,0.0367085805060793,0.330528563331002,0.00985461821655202,0.645386972609927,0.0337124488775123,0.00951629825681933
PeriMac->Beta,CALM3_ADCY8,0.385019264148912,0.278768916902719,0.298725271820332,0.00800615894100085,0.00257637684240206,0.0797321674741009,0.239440027377395,-0.465860923,-0.366111338,0.0997495850376912,0.0103108450368157,0.116100789603249,0.00526680762347719,0.31194086248273
PeriMac->Beta,GNAI2_LPAR3,0.279435519708971,0.335190715065783,0.34012381869509,0.00823479805709239,0.0147717357008796,0.00252423659187616,0.752293852487721,0.262466768649607,0.283544623071704,0.0210778544220967,0.0105921395858464,0.00526993709243975,0.0250392059999645,0.80226329667377
PeriMac->Beta,COL4A1_ITGA2,0.312813312564241,0.233470237113329,0.221724094306882,0.00834614137633184,0.00986908566453155,0.004125506110241,0.944447170784377,-0.422063264,-0.496536356,-0.074473092,0.0107264820554455,0.0081965326935736,0.0174684688953985,0.958316459162043
PeriMac->Beta,F8_LDLR,0.253448846903531,0.169772230152354,0.181493620997323,0.00865889039745101,0.00311711012501235,0.0575554900673918,0.288409106233359,-0.578094103,-0.481775756,0.0963183469641821,0.0110963222458336,0.0871271683460938,0.00625862311075402,0.364289795930234
PeriMac->Beta,COL6A3_ITGB8,0.292892774038422,0.27248128067334,0.346135572973139,0.00888737052360985,0.352787101203665,0.041763217399736,0.00202541340144243,-0.10421548,0.240964615812377,0.345180095479257,0.011367255209685,0.0657275673873354,0.417402090313012,0.00465690318182277
PeriMac->Beta,LAMB1_ITGAV,0.365041142608488,0.359834223538941,0.449032271091608,0.00898643008112284,0.748570886293627,0.00877905176264573,0.00427744939227028,-0.020726668,0.298760057033794,0.31948672497148,0.0114829342187279,0.0162286578019567,0.791416664099167,0.00909092001164209
PeriMac->Beta,CALM1_PTH2R,0.238996274176583,0.218065703720523,0.16179486833296,0.00939052973961998,0.229690364063957,0.00102609316008805,0.062180742540638,-0.132225239,-0.562822274,-0.430597035,0.0119681461143838,0.00232880705530445,0.287177302662225,0.0970585619844496
PeriMac->Beta,LAMA3_SDC2,0.327923664479977,0.259015927112527,0.2735582846475,0.00982271286353657,0.00425222598212356,0.0497449770742118,0.259657653521226,-0.340319203,-0.261511768,0.0788074345611873,0.012495058719633,0.0767103895103733,0.00823091179938753,0.334912415935563
PeriMac->Beta,IL24_IL22RA1,0.28776870729248,0.238573107509266,0.302000075148018,0.0102812081885072,0.109018205873348,0.263797161358403,0.00191649931950086,-0.270478289,0.0696391900589419,0.3401174788648,0.0130320845199613,0.330783696888182,0.148977706473278,0.004422836628477
PeriMac->Beta,CDH1_ITGA2,0.310185188535458,0.240135375287161,0.278021554225412,0.0106162127508237,0.0116654675231401,0.66227543717883,0.0128449550748206,-0.369281849,-0.157933063,0.211348786227259,0.013431172187669,0.718672089111694,0.0202711402861123,0.0241762144601314
PeriMac->Beta,SEMA3C_NRP1,0.260889945291542,0.20889633863273,0.246917227617191,0.0113125690986415,0.0150384293514833,0.889693844435737,0.0106608969732281,-0.320654136,-0.079413845,0.241240290716959,0.0142522480486397,0.914094523724701,0.0254542676448261,0.0204914170546614
PeriMac->Beta,CALR_MTNR1A,0.526907447007428,0.563546826731951,0.62343400320718,0.0114508882698798,0.094160219930874,0.00188542797553556,0.141153456187029,0.0969859228149704,0.242687273777735,0.145701350962764,0.0144051093434172,0.00404463414503203,0.130851643335233,0.19826523705957
PeriMac->Beta,WNT11_FZD5,0.239196379397908,0.199910590514611,0.246073477106953,0.0114762258979677,0.0532535863122422,0.238159347850797,0.00524872669645648,-0.258840648,0.0408936136124879,0.299734262049435,0.0144350371057501,0.302952461032624,0.0785498818976273,0.0109310387641317
PeriMac->Beta,VWF_ITGAV,0.288264011757925,0.216494037458729,0.239739061360754,0.0121039419319626,0.00425222598212356,0.162248201150859,0.143382190822039,-0.413063442,-0.265925744,0.14713769815194,0.0151836431335862,0.217825449098333,0.00823091179938753,0.201092929783187
PeriMac->Beta,CALM1_GLP2R,0.232280835359319,0.183262976149264,0.190569635629247,0.012730608372704,0.00480286452281453,0.0439261871869678,0.48848777159963,-0.341954772,-0.28555186,0.0564029120773705,0.0159205141306587,0.0686682544126086,0.00917303854807821,0.565898402071702
PeriMac->Beta,WNT16_FZD1,0.246427308357622,0.188314718759922,0.174480128725041,0.012994297794171,0.0116654675231401,0.0090591619718783,0.905379591432612,-0.388016372,-0.498099398,-0.110083026,0.0162220034561064,0.0167036692772644,0.0202711402861123,0.928063827349825
PeriMac->Beta,CD99_CD99,0.806500772082853,0.837042072605963,0.998115574392699,0.0130707877643878,0.748570886293627,0.0105811013558154,0.00674089865339343,0.0536242248258991,0.307530963785837,0.253906738959938,0.0163022206533239,0.0191910157421772,0.791416664099167,0.0136693701388813
PeriMac->Beta,NTN4_UNC5B,0.242925419056712,0.229084040128462,0.283269808151828,0.0132303044040455,0.342812630261482,0.0589502657860366,0.00304149218953115,-0.084636505,0.221663384211118,0.306299889234767,0.0164857439862325,0.0890362822623299,0.407201861082274,0.00670551622404789
PeriMac->Beta,LAMA5_BCAM,0.379845822380785,0.325041825083568,0.411810104990519,0.016754870251285,0.0516776457647583,0.30566910377944,0.00860395568350598,-0.224788583,0.116565276653557,0.341353859979388,0.0206295048096202,0.374429599481893,0.0764914439374271,0.0169177273641956
PeriMac->Beta,WNT16_LRP5,0.251303418173962,0.208163811894906,0.244249924493696,0.0177033900895105,0.0110368051177229,0.90595400087574,0.0327175075791592,-0.271711007,-0.041072178,0.230638829145486,0.0217400240593673,0.92742964444347,0.0193045786870653,0.0554082989648506
PeriMac->Beta,IGFBP4_LRP6,0.395076348255206,0.490129475910435,0.484992657042128,0.0179436487058377,0.0318297811053419,0.00558594663291007,0.546814754478809,0.311031430787209,0.29583142374313,-0.015200007,0.021997418205816,0.0107581501965828,0.0495012000918021,0.619617107601838
PeriMac->Beta,HLA-DQA2_CD4,0.247014333684474,0.189423975328562,0.205478214974648,0.0183156065963001,0.00610173251034912,0.13052463224395,0.24273022603034,-0.382975815,-0.265609313,0.117366501524518,0.0224180525298895,0.179577252149199,0.011313250021176,0.315592614101461
PeriMac->Beta,CCL8_CCR2,0.235771862618718,0.176987872485563,0.142245263327713,0.0183562917095652,0.0565260381711079,0.0057737544948133,0.236181406113963,-0.413741045,-0.729010939,-0.315269893,0.0224649027901894,0.0110763781196052,0.0828527473381669,0.308384680323495
PeriMac->Beta,CALM1_INSR,0.305201858055144,0.313031175636517,0.364608676541281,0.0190282309823516,0.778194336039876,0.00637133205873418,0.018840279007645,0.0365426009041554,0.256585147364382,0.220042546460227,0.0232323741627455,0.0121091657383603,0.816810708515806,0.0339860999000798
PeriMac->Beta,ADAM9_ITGB5,0.298311666135819,0.240352260066607,0.294781917771219,0.0191560770453142,0.0164364992649223,0.825176151367237,0.023408677937526,-0.311670028,-0.017172368,0.294497660220679,0.0233701133506005,0.859835024570329,0.0275210312588755,0.0411216850849798
PeriMac->Beta,WNT4_FZD1,0.210259380149739,0.172323429503256,0.191845339241591,0.0195600637206874,0.0185851354752789,0.373438703318525,0.0249546143237337,-0.287051295,-0.132226447,0.154824848024624,0.0238348495576252,0.445623157804171,0.0306510155080271,0.0435666558884124
PeriMac->Beta,HLA-B_KIR3DL1,1.06900316431565,1.28034167407276,1.23084434074031,0.0207874389752924,0.018263871385271,0.011955836771379,0.703055763930546,0.260262737808717,0.203382198599589,-0.056880539,0.0252250853078611,0.021372948524995,0.030222705744511,0.760624468330333
PeriMac->Beta,HSPG2_ITGB1,0.481836803653257,0.553725180789879,0.584416181710954,0.0243200435189492,0.0479077794148218,0.00964310094120653,0.319232902627757,0.200625536184746,0.278451530784764,0.0778259946000184,0.0292719181864204,0.0176755444251473,0.0715242903939594,0.396724626942436
PeriMac->Beta,HLA-C_LILRA3,0.326055975361097,0.303830432041829,0.366783033886106,0.0244093522925846,0.359537710542427,0.0815481178625269,0.00625749942673715,-0.10185328,0.169807246836078,0.271660526336997,0.0293717685036782,0.11837548139148,0.42420538375155,0.0128398492416639
PeriMac->Beta,HSPG2_CHRM3,0.271604476047177,0.222771217856868,0.281414754495798,0.025269657895105,0.111908939890115,0.367921193010043,0.00674089865339343,-0.285944406,0.0511907150426584,0.337135121440128,0.0303248898553377,0.439826847161051,0.152525802351694,0.0136693701388813
PeriMac->Beta,COL4A1_ITGB8,0.307079256356014,0.289018478137511,0.347483233687526,0.0256994960617604,0.253088542822376,0.12789483865729,0.00657615920034767,-0.087449326,0.178332308423189,0.265781634526899,0.0307931790962237,0.176505852196361,0.313021735275408,0.0133863576129462
PeriMac->Beta,CCL24_CCR2,0.261653114234407,0.203514662911327,0.187961466556964,0.0262847964230983,0.0189113334665131,0.0208338814354407,0.828019514792218,-0.362522687,-0.477218499,-0.114695812,0.0314419826923135,0.0351425761355861,0.0311614411898312,0.864439399438367
PeriMac->Beta,DKK1_LRP6,0.381234705726964,0.302974153905486,0.28254583397055,0.0272571299526353,0.0236297684307832,0.0151806590522167,0.964037145417455,-0.331484734,-0.432194542,-0.100709808,0.0325466600356096,0.0263893379871557,0.0380556767821729,0.97332378963676
PeriMac->Beta,GNAI2_TSHR,0.247678551429484,0.290624096427224,0.216819584758219,0.0273691407142054,0.133869002034651,0.30566910377944,0.00725760389249192,0.230685385917298,-0.191973861,-0.422659246,0.0326678623905448,0.374429599481893,0.178341839858474,0.0145557792107428
PeriMac->Beta,GPHA2_TSHR,0.172694952662834,0.163312791865157,0.204139212965688,0.0298971872202373,0.420146410441979,0.0450422116842041,0.0119834015972839,-0.08058812,0.241327416047699,0.321915535688755,0.0355488798458092,0.0702128593900828,0.487696082205423,0.0226920767558799
PeriMac->Beta,WNT5B_FZD9,0.238932255879061,0.245620776396346,0.180795225959232,0.0299331650174983,0.269580877493963,0.00359417813958555,0.143382190822039,0.0398309684514,-0.402245046,-0.442076015,0.0355871225188917,0.0072521076543487,0.330744498916702,0.201092929783187
PeriMac->Beta,COL6A1_ITGA6,0.39267105940954,0.364575691348725,0.436143931577638,0.0315081208515866,0.295675957947241,0.0497449770742118,0.0154159636240794,-0.107102902,0.151483043469226,0.258585945141495,0.0373121431133172,0.0767103895103733,0.3581903033418,0.0283909395232798
PeriMac->Beta,GNAI2_EDNRA,0.265874195396055,0.300882784070356,0.320236383612556,0.0323845368806613,0.110456103729715,0.00725326963400939,0.2527910963649,0.178457797962888,0.268393465618262,0.0899356676553742,0.0382868136911038,0.0136601048144639,0.15069980043744,0.32705067224574
PeriMac->Beta,WNT10A_FZD1,0.277608530182572,0.209008943611412,0.209698994069315,0.0324476338638972,0.0112429319068898,0.0744783616876317,0.703055763930546,-0.40948722,-0.404731956,0.00475526342132061,0.0383565490663329,0.10920833015353,0.0196246386278945,0.760624468330333
PeriMac->Beta,CALM1_MYLK,0.228495875924842,0.252804806852181,0.280650179234205,0.0350745433220534,0.369814646915265,0.00679963107197135,0.0844118869685793,0.145855768083671,0.296604852876718,0.150749084793047,0.0413204521480316,0.012875955874817,0.435174848798485,0.126407783214466
PeriMac->Beta,B2M_KIR3DL1,0.862396194767248,1.03092361288063,0.924484806703283,0.0366185669012845,0.0164364992649223,0.150106869406971,0.20531135852517,0.257514721259573,0.100298797608644,-0.157215924,0.0430415816601792,0.203289062368555,0.0275210312588755,0.274454622000972
PeriMac->Beta,WNT11_FZD9,0.285722626774046,0.259933720691384,0.27737797297672,0.0369957415357863,0.0867676094369948,0.462138404944496,0.0147339879111326,-0.136471485,-0.042762064,0.0937094212206486,0.0434794351827913,0.532836130247346,0.121545015892519,0.0273020737455393
PeriMac->Beta,COL6A3_ITGA2,0.28852395119148,0.22648132901469,0.219572096573824,0.0372905561189006,0.0209756358120761,0.04283330800819,0.541373170853394,-0.349298964,-0.393996358,-0.044697393,0.0438148768707778,0.0671736881473431,0.0342183859487663,0.614870198188294
PeriMac->Beta,LAMA1_ITGB1,0.459657347554859,0.37893677848782,0.410867826588536,0.0379125356663356,0.0339520419500707,0.963127780239644,0.0327175075791592,-0.278601631,-0.161884438,0.116717192596395,0.0445120368402238,0.973142973794995,0.0524953832770197,0.0554082989648506
PeriMac->Beta,WNT11_FZD1,0.285805762089675,0.250894927445941,0.291823367513746,0.0402954537681969,0.380272184655251,0.195779567360075,0.00690933805496507,-0.187951699,0.030060407685901,0.218012106820552,0.0471081580084899,0.25616942128416,0.446186029995495,0.0139533027444716
PeriMac->Beta,MIF_CD74,0.363226606611034,0.406351860432928,0.455376038234195,0.0404225406002608,0.16682941671312,0.0170594208687412,0.10543219584166,0.161859614107419,0.326188493487034,0.164328879379616,0.0472448889511632,0.0293381780722009,0.216859643129875,0.153880175453375
PeriMac->Beta,CSF2_ITGB1,0.431861545300817,0.373278018399491,0.438033357911458,0.041518824513965,0.0663975573246567,0.746187944429116,0.018840279007645,-0.210318305,0.0204718818338667,0.230790186471269,0.0484594087920752,0.792309749076243,0.0954912757823617,0.0339860999000798
PeriMac->Beta,LAMC2_ITGB1,0.433663750252806,0.355475514574428,0.40840547642495,0.0421541266041989,0.0367739724977709,0.922253195466692,0.0354883647222589,-0.286826664,-0.086574642,0.20025202199855,0.0491332866380067,0.940559093069146,0.0563819223305731,0.0594959500591717
PeriMac->Beta,GCG_GLP2R,0.416098947839399,0.376182048131892,0.481377496677011,0.0479327542055194,0.803131280166278,0.0679115665911787,0.0131440817627597,-0.145495637,0.210242059802932,0.355737696449911,0.0554391483235071,0.100856407126654,0.837451293309649,0.0246547345029203
PeriMac->Beta,CSF2_SDC2,0.324625048372336,0.263038474137923,0.26056337786781,0.0499078243144368,0.0236297684307832,0.0575554900673918,0.924890737241723,-0.303500488,-0.317139995,-0.013639508,0.0576591757747172,0.0871271683460938,0.0380556767821729,0.94308928694696
PeriMac->Beta,VEGFA_ITGB1,0.593349312022276,0.660249023138813,0.69261106461789,0.0505787858756905,0.13054192053838,0.0109110937920613,0.343715958032097,0.154128574477889,0.22316374759662,0.0690351731187311,0.0583765051532344,0.0197207291014043,0.174630006422201,0.421699652311377
PeriMac->Beta,COL6A3_ITGB1,0.522180689509269,0.573928458662739,0.625615415334563,0.0516239338850733,0.174920235965749,0.0220362444214553,0.126290728961967,0.136321805932282,0.260726953938846,0.124405148006564,0.0594797499110627,0.0368706884239166,0.226273188335669,0.18048719469239
PeriMac->Beta,CALM1_CACNA1C,0.276887532021748,0.286238465206588,0.333786786405064,0.0520553342530657,0.629518048575899,0.034881210297137,0.028313313656443,0.0479174647065191,0.269626751069192,0.221709286362673,0.0599323818702292,0.0559713613812998,0.685757836869787,0.0486653012322278
PeriMac->Beta,HSPG2_ITGA2,0.268579863983869,0.215403717960961,0.201500623167033,0.0534489159227338,0.0524606685925633,0.0220362444214553,0.796228308183724,-0.318307994,-0.414566845,-0.096258851,0.0614458328478261,0.0368706884239166,0.0774783275223924,0.837058228190891
PeriMac->Beta,DKK1_LRP5,0.327825408772925,0.296125431381349,0.354698987900222,0.054107946620159,0.250409653509335,0.210509162151436,0.0161255703418457,-0.146719282,0.113667535577692,0.260386817765467,0.0621498492886151,0.272688441126037,0.310243225917795,0.0295420741335492
PeriMac->Beta,IAPP_CALCRL,0.3520083918162,0.286534094405532,0.264425877148632,0.0579600246253305,0.0744353057440271,0.0185976225552193,0.625712433491922,-0.296903008,-0.412746453,-0.115843445,0.0662643840795542,0.0317203553108585,0.1059726086661,0.690997405175546
PeriMac->Beta,COL1A2_ITGA2,0.389861712882519,0.288277383610743,0.304226933922467,0.0599310446611245,0.0248536196888057,0.396010299180447,0.157325362968292,-0.435504821,-0.357814594,0.0776902269234387,0.0684255550304736,0.467741459191443,0.0398204336065235,0.217928569315152
PeriMac->Beta,LAMC1_ITGB1,0.517763325981465,0.55660661446242,0.587563395851556,0.0684202246888873,0.22470674208926,0.00994729927466623,0.343715958032097,0.104365272494685,0.182451740621902,0.0780864681272166,0.0776617006446751,0.0181653108132511,0.281653384870817,0.421699652311377
PeriMac->Beta,LIPA_RORA,0.323627958278764,0.283125350494279,0.245443343510337,0.0691893849586356,0.0993632712242293,0.0226594489606632,0.483356773026047,-0.192895316,-0.398946205,-0.206050889,0.0784869977981458,0.0378658795960347,0.137130207678113,0.56044151383306
PeriMac->Beta,CALM1_CALCR,0.265868587252448,0.250859153763323,0.20044911577742,0.0704043046043834,0.33302027672726,0.0165717819521502,0.154932713441164,-0.083835748,-0.407477276,-0.323641528,0.0798166447921352,0.0285785879182209,0.396833564296357,0.214965395058631
PeriMac->Beta,COL11A1_ITGB1,0.44805453603329,0.384156705630748,0.361919545906466,0.0803857463008962,0.0626550872484676,0.052244669957374,0.546814754478809,-0.221979407,-0.308005319,-0.086025912,0.090538304937788,0.0800560418372507,0.0908089891009487,0.619617107601838
PeriMac->Beta,GNAS_TSHR,0.2788840877866,0.362385102800211,0.313439406483405,0.0858092091964774,0.0318297811053419,0.156089103017211,0.574422060694646,0.377858026759985,0.168520949062884,-0.209337078,0.0964371449861134,0.210404501870599,0.0495012000918021,0.644868092689814
PeriMac->Beta,HMGB1_THBD,0.495288223096351,0.579957235001217,0.553023917112537,0.0941547893625092,0.0663975573246567,0.0509821576430172,0.970572551095614,0.227678204859527,0.159073557857074,-0.068604647,0.105498603624443,0.0784366759845068,0.0954912757823617,0.978228066625595
PeriMac->Beta,VEGFA_NRP1,0.302729084089506,0.2838306370193,0.324839859002251,0.0977163808030316,0.611238575021303,0.103785889134717,0.036947298095271,-0.092996962,0.101701381000126,0.194698342502503,0.109239980840206,0.146617412365385,0.669992177179637,0.0616978869732703
PeriMac->Beta,COL6A3_CD44,0.437757570326266,0.390490016515384,0.456452079419323,0.0977597415337285,0.239892354677447,0.351671668416551,0.0327175075791592,-0.164846464,0.0603312788065886,0.225177742319795,0.109262265639422,0.422676629685554,0.298640849383588,0.0554082989648506
PeriMac->Beta,CALM2_ADCY8,0.379745359111732,0.338403233535563,0.315981071471818,0.102972296364791,0.0754937161878541,0.0509821576430172,0.649124221944781,-0.166288979,-0.265194195,-0.098905216,0.11477184615734,0.0784366759845068,0.107299311991513,0.71177039406382
PeriMac->Beta,LAMA5_ITGB1,0.435297520257847,0.373321552784314,0.425677602792256,0.104666337869469,0.0798508428254434,0.963127780239644,0.0745819911305249,-0.221583,-0.032240617,0.18934238220112,0.116548597307677,0.973142973794995,0.11270340910525,0.113195706681669
PeriMac->Beta,CALM1_GRM4,0.336923183193876,0.312980707664583,0.371931706464969,0.108785801081318,0.494519820366827,0.238159347850797,0.0271528578316713,-0.10634597,0.1426180381547,0.248964008215149,0.120775285942221,0.302952461032624,0.559747710761044,0.0469214260566561
PeriMac->Beta,WNT5B_FZD5,0.206144870821468,0.193133174666236,0.158189653840946,0.11086537292984,0.138982127951593,0.0282116681734915,0.727534189357985,-0.094062566,-0.382003318,-0.287940751,0.122996217731868,0.0462411598528078,0.184334606786927,0.781487669084672
PeriMac->Beta,THBS1_ITGB1,0.602953025672113,0.497650323246809,0.537860335619484,0.113676778346222,0.0493870376695827,0.809210026853258,0.159745911105942,-0.276913229,-0.164814008,0.112099220815473,0.125890655160104,0.846318099617355,0.0735092209002502,0.220855173973059
PeriMac->Beta,CXCL12_DPP4,0.242402614921594,0.194934568492582,0.215909464803199,0.120701199182177,0.0635739532718576,0.494097128185861,0.157325362968292,-0.314415309,-0.166978773,0.147436535404214,0.133321585076536,0.563508743332646,0.0918978491571283,0.217928569315152
PeriMac->Beta,WNT11_FZD6,0.273927733706853,0.223033354006923,0.234069093398263,0.125447007916564,0.0565260381711079,0.474783244896669,0.208259486348651,-0.29653586,-0.226860885,0.0696749752955481,0.138366996552644,0.544544215959194,0.0828527473381669,0.277719011960003
PeriMac->Beta,GNAS_ADCY8,0.392548843117212,0.440119845898466,0.467356211944809,0.135850796988287,0.431433176635658,0.0439261871869678,0.180133515965488,0.165024253514752,0.251650395945568,0.0866261424308167,0.149347817832262,0.0686682544126086,0.498378782867792,0.245476323875249
PeriMac->Beta,COL4A1_ITGB1,0.553973331519246,0.623720472257132,0.632453231918849,0.137771939017937,0.146031946255381,0.0575554900673918,0.514577350366088,0.171083086631203,0.191142274242313,0.0200591876111107,0.15138846120383,0.0871271683460938,0.192616797888885,0.589243496711867
PeriMac->Beta,ADAM2_ITGB1,0.414308580930389,0.369546043071701,0.339601187872073,0.141723282247081,0.0776473895956636,0.103785889134717,0.964037145417455,-0.164951574,-0.286864195,-0.121912621,0.155547096929141,0.146617412365385,0.109991624927616,0.97332378963676
PeriMac->Beta,GNAI2_OPRD1,0.330567878367934,0.376657217990259,0.375136118205354,0.143258104814797,0.153352249330037,0.0618229523853565,0.483356773026047,0.188305632609645,0.182467629000328,-0.005838004,0.157157662203038,0.0929237028441195,0.201078125070366,0.56044151383306
PeriMac->Beta,LAMC1_CD44,0.450248290936982,0.378330018215495,0.433408621718782,0.14677377268348,0.222244110180762,0.419376476551251,0.0645142814045502,-0.251075549,-0.054992947,0.196082602383683,0.160749765362393,0.490895190522031,0.279016562552644,0.100081359877207
PeriMac->Beta,HLA-DPB1_CD4,0.333454049251175,0.377615034356187,0.389431076845183,0.149092959803223,0.210220714637592,0.052244669957374,0.410007060065701,0.179428236412352,0.223880047651348,0.0444518112389958,0.163136554726623,0.0800560418372507,0.266106503750775,0.488822323145815
PeriMac->Beta,COL6A2_ITGAV,0.353538075340076,0.305516084306433,0.322232320112237,0.157459485495711,0.0776473895956636,0.481175330594032,0.21424756585572,-0.210617263,-0.133764394,0.0768528696419233,0.171867783840861,0.55113009378452,0.109991624927616,0.28436273396445
PeriMac->Beta,HLA-C_KIR2DS1,0.375634068414759,0.349662702604489,0.303269109021229,0.1601685162299,0.313982987084866,0.0695074701604048,0.220358827200453,-0.103363998,-0.308729362,-0.205365363,0.174559168056141,0.103013295464928,0.377038272853712,0.291272090141112
PeriMac->Beta,WNT5B_FZD1,0.247400040201443,0.234913321606405,0.191514551304581,0.170188890826954,0.486373594997808,0.0561879198051905,0.202393682766084,-0.074717206,-0.369391721,-0.294674515,0.184896572750271,0.0854034407597877,0.551799184400335,0.271019833622484
PeriMac->Beta,CALR_TSHR,0.342694698152073,0.394558527249557,0.350747904245595,0.177758205163367,0.0967337683751466,0.43135358827452,0.21424756585572,0.203315447210805,0.0335106115067266,-0.169804836,0.192626456524615,0.502706930462859,0.133956738628766,0.28436273396445
PeriMac->Beta,HLA-DRA_CD4,0.413642848434869,0.499204199357688,0.428732163033326,0.18507233442225,0.0967337683751466,0.625403900102294,0.19664920263516,0.271244430468392,0.0516910112618611,-0.219553419,0.200064287343927,0.685438559529338,0.133956738628766,0.264238513710858
PeriMac->Beta,CALM3_PDE1B,0.305192461973287,0.272252587556009,0.297948085618455,0.197573418494294,0.304738231108164,0.59655355226942,0.0657078828097913,-0.164773568,-0.034658351,0.130115216655233,0.212936435322331,0.658694547297484,0.367498153817318,0.101679351501283
PeriMac->Beta,CALM1_CRHR1,0.275163470717162,0.245181295982146,0.276880417571411,0.20370589659013,0.207873614662444,0.640048254223057,0.100245729199187,-0.166440032,0.00897406435461924,0.175414096613214,0.219241791091811,0.698452283036111,0.263564642866831,0.147142747752952
PeriMac->Beta,ALDH1A1_CRABP2,0.968414966810916,0.885480747092561,0.830123499705088,0.206395981134992,0.210220714637592,0.0711336456883662,0.672887885997488,-0.129164437,-0.22229939,-0.093134953,0.222034564874548,0.104923252210797,0.266106503750775,0.734116748606382
PeriMac->Beta,C1QL2_ADGRB3,0.315001734120708,0.258972994932448,0.280239610530621,0.216547655411786,0.164851365887576,0.84925788988031,0.130407136198602,-0.282558105,-0.168698882,0.113859222751709,0.23247284263795,0.879774849635808,0.214647339614644,0.185432586350695
PeriMac->Beta,HLA-A_LILRB2,0.51431526574358,0.463050846176833,0.512754833181328,0.227370055086951,0.390909482847952,0.407594806622621,0.0858980950021105,-0.151482356,-0.00438379,0.147098565131587,0.243418785016765,0.479329848231948,0.457343992977009,0.128386064762007
PeriMac->Beta,IL24_IL20RA,0.298833566462448,0.271972679866128,0.233269679480539,0.232140962281599,0.383798023205062,0.0497449770742118,0.541373170853394,-0.13588047,-0.357343409,-0.221462939,0.248213078423058,0.0767103895103733,0.449700786390757,0.614870198188294
PeriMac->Beta,GNAI2_MTNR1A,0.392082961133037,0.427173570712788,0.381491040223152,0.24121207595097,0.168825254047934,0.125305925186024,0.525212377907989,0.12366344215976,-0.039509773,-0.163173216,0.257528470238142,0.173420425836088,0.219270672481082,0.599654964642071
PeriMac->Beta,LAMC1_ITGAV,0.335983542081732,0.301122632611411,0.273560805212221,0.244272097346527,0.283876337228874,0.0972958327260939,0.46312845676798,-0.158039419,-0.296529023,-0.138489605,0.260646319383253,0.138455458073075,0.34546620661069,0.540548328920385
PeriMac->Beta,HLA-C_KIR3DL1,0.598391664922461,0.575667134293844,0.621292132605166,0.277714635528554,0.523596685873942,0.401777807500703,0.0985628239903393,-0.055855231,0.0541817056494901,0.110036936460938,0.294544868699301,0.473384285507965,0.586468526156596,0.144991960602726
PeriMac->Beta,UBA52_AGTR1,0.426096103102181,0.489525081389195,0.467583730830724,0.290137036755422,0.128902616288807,0.296007697693865,0.752293852487721,0.200203922161722,0.134045875835731,-0.066158046,0.30691747322007,0.364413330353487,0.172635119130221,0.80226329667377
PeriMac->Beta,COL9A1_ITGB1,0.443774279158541,0.386918263515551,0.373836150064389,0.310790757739512,0.174920235965749,0.291253538700102,0.46312845676798,-0.197797223,-0.247419967,-0.049622744,0.32794753260115,0.359271754693805,0.226273188335669,0.540548328920385
PeriMac->Beta,COL4A1_ITGAV,0.361487626311643,0.336223811639822,0.298649957420517,0.312429622039765,0.401725549319793,0.11778090663389,0.448272231673358,-0.104524363,-0.275490748,-0.170966384,0.329490504735662,0.164118059415029,0.468236401856183,0.526834241785194
PeriMac->Beta,COL1A2_ITGAV,0.461599784192116,0.391892377319281,0.409231712531044,0.312823174737264,0.185441148989559,0.48761340936027,0.284702186362949,-0.236185038,-0.173724601,0.0624604363895803,0.329868253894325,0.557389893756492,0.238263779307797,0.360486221581864
PeriMac->Beta,HLA-DRB1_CD4,0.525780295570942,0.57391591666321,0.557743791064845,0.373061356949479,0.301697207162313,0.168586619379336,0.746078851479246,0.126379309884638,0.0851424722377833,-0.041236838,0.390212641581603,0.225200628035292,0.364113280943208,0.797002236211453
PeriMac->Beta,ADAM9_ITGB1,0.530923302172635,0.5181822005882,0.473379748109435,0.402395204609597,0.961266526335104,0.230013041896219,0.226594128034226,-0.035044002,-0.165505476,-0.130461473,0.419765429277379,0.294033391093317,0.968534689744421,0.298288177575961
PeriMac->Beta,WNT5B_FZD4,0.241075876396779,0.222931172253551,0.229287404882704,0.403028280147076,0.214972330021916,0.462138404944496,0.473183141858593,-0.112888931,-0.072330185,0.040558746034434,0.420331819902943,0.532836130247346,0.271348023605471,0.550012753552269
PeriMac->Beta,CALM1_PTPRA,0.273509938678035,0.308502272268631,0.26297093673233,0.411902394810026,0.269580877493963,0.93858470850306,0.266652289787687,0.173687857005653,-0.056689895,-0.230377752,0.428867679293216,0.9531293663207,0.330744498916702,0.342466275525202
PeriMac->Beta,VEGFA_ITGAV,0.380630583374328,0.356065839945899,0.323060056218216,0.438997397049268,0.439054354005749,0.185232536325432,0.602672095971543,-0.096247452,-0.236589101,-0.140341649,0.455806736384191,0.244184440198365,0.506117030915179,0.671090523006154
PeriMac->Beta,COL4A1_CD44,0.463713823279963,0.42342424017672,0.470531032949631,0.446161809067863,0.352787101203665,0.699974019490381,0.259657653521226,-0.131130871,0.021055142160886,0.152186012799854,0.462936302000559,0.751534612370246,0.417402090313012,0.334912415935563
PeriMac->Beta,CALM2_PDE1B,0.29705379647306,0.319306082125009,0.316616615064045,0.48230405170328,0.584270392482021,0.188701064520431,0.541373170853394,0.104215806301265,0.0920127384432138,-0.012203068,0.498386196331915,0.248300681315642,0.643760243452904,0.614870198188294
PeriMac->Beta,COL11A1_DDR1,0.364187393537208,0.341335126930485,0.331478769965235,0.489722901045359,0.307799532025748,0.30566910377944,0.866539719156922,-0.093492093,-0.13576451,-0.042272416,0.50571628705315,0.374429599481893,0.370715623562812,0.89632762256551
PeriMac->Beta,B2M_CD1B,0.501995680374784,0.554021695006029,0.497368813984402,0.549782527488519,0.275238656807926,0.95494178062854,0.514577350366088,0.142267521813909,-0.013358899,-0.155626421,0.564985283288851,0.966546975879234,0.336711631567781,0.589243496711867
PeriMac->Beta,GNAI2_ADCY8,0.345169200887671,0.356500381235197,0.321522150661456,0.589220458063322,0.848510274194539,0.300812876756498,0.433690482033604,0.0465998793462714,-0.102385607,-0.148985486,0.603585375885644,0.369792107852479,0.875930039584623,0.512553815657584
PeriMac->Beta,HLA-A_KIR3DL1,0.700236888372456,0.657642639293212,0.60790654695304,0.698698408774319,0.394495028578645,0.59655355226942,0.990188872714087,-0.090539223,-0.203993508,-0.113454285,0.710040173989198,0.658694547297484,0.460845288238146,0.993276890491128
PeriMac->Beta,TGFB1_CXCR4,0.47131307917605,0.494319859785011,0.472181516897716,0.74177150158872,0.409035016965623,0.777518217569628,0.828019514792218,0.0687591517623083,0.00265585229794212,-0.066103299,0.751928338059072,0.819420396959608,0.475982864053809,0.864439399438367
PeriMac->Beta,COL6A3_ITGAV,0.342969840387353,0.311381826155833,0.297234671629567,0.775114494619647,0.597685369961902,0.568317460811262,0.672887885997488,-0.139396972,-0.206479303,-0.067082331,0.784278989674809,0.632835773480656,0.656679520730815,0.734116748606382
PeriMac->Beta,CALM1_PDE1B,0.233090050490181,0.23491331746503,0.210734997124229,0.833972176912547,0.950949250902222,0.610904134949993,0.580021682149131,0.0112410794435104,-0.145457498,-0.156698578,0.840913681357717,0.671836096535432,0.960525675410496,0.649902973103555
PeriMac->Beta,GNAI2_TBXA2R,0.325477799123177,0.324792863437489,0.31697386720313,0.884039990139116,0.818192021349934,0.84925788988031,0.602672095971543,-0.003039207,-0.038195237,-0.03515603,0.888708376766642,0.879774849635808,0.849919457954279,0.671090523006154
PeriMac->Beta,PRSS3_F2RL2,2.21012369598303,2.2987408995905,2.18845674139558,0.890160304668558,0.709649958676721,0.769649864460553,0.71525837508906,0.056716746696763,-0.01421325,-0.070929996,0.894764582106499,0.813241270467607,0.757133113866688,0.771053983916647
PeriMac->Beta,C1QA_CR1,0.340864483723233,0.3612007726592,0.32277437509959,0.942409292872797,0.930341068406934,0.610904134949993,0.970572551095614,0.0836026925970309,-0.078672238,-0.16227493,0.944941834238143,0.671836096535432,0.944245506841383,0.978228066625595
IntraMac->Beta,COL6A2_ITGB8,0.351793054,0.343292865,0.378440957,0.846579842,0.95765269,0.591251437,0.629049721,-0.035287126,0.105341236,0.140628362,0.858125092,0.663841287,0.965519271,0.714188875
IntraMac->Alpha,GNAI2_EDNRA,0.386250303,0.393523266,0.404680184,0.847793308,0.596328579,0.938619893,0.692855885,0.02691287,0.067246141,0.040333271,0.858508319,0.955834755,0.675394971,0.769399963
IntraMac->Alpha,LTBP1_ITGB5,0.345465928,0.355525089,0.323893532,0.847832187,0.94534957,0.559585561,0.64392827,0.041407944,-0.093023772,-0.134431716,0.858508319,0.635013882,0.959347978,0.726483176
IntraMac->Alpha,WNT4_LRP5,0.302149575,0.315635758,0.323059733,0.858245488,0.708480877,0.791739706,0.63192355,0.062997743,0.096538025,0.033540282,0.868675555,0.834691227,0.774216216,0.7160572
IntraMac->Alpha,GNAI2_OPRD1,0.403620072,0.398830657,0.397809531,0.866531722,0.587714632,0.825845187,0.853318943,-0.017221613,-0.020920082,-0.003698469,0.876681985,0.862459013,0.666934561,0.897246229
IntraMac->Beta,COL1A2_ITGAV,0.438514424,0.46931058,0.43451027,0.871459704,0.607745376,0.875068704,0.774557257,0.097918686,-0.013234023,-0.111152709,0.881285355,0.904147194,0.685329892,0.832179824
IntraMac->Beta,LAMA1_ITGB1,0.517574893,0.510461577,0.495196413,0.876325602,0.907003698,0.815653555,0.563863243,-0.019965263,-0.063766769,-0.043801506,0.885821978,0.855647364,0.932598159,0.655171441
IntraMac->Beta,HLA-DRA_CD4,0.456064059,0.473009337,0.442818674,0.880511653,0.720690488,0.644792999,0.8340809,0.052632182,-0.042520417,-0.095152599,0.889667753,0.70793657,0.784617282,0.880476158
IntraMac->Alpha,HMGB1_THBD,0.504372777,0.479524202,0.45491305,0.882626787,0.87128847,0.691992115,0.64392827,-0.072886777,-0.148899586,-0.076012809,0.891418652,0.748198103,0.903042094,0.726483176
PeriMac->Beta,GNAI2_TBXA2R,0.325477799,0.324792863,0.316973867,0.88403999,0.818192021,0.84925789,0.602672096,-0.003039207,-0.038195237,-0.03515603,0.892459419,0.882027167,0.859682046,0.690629645
PeriMac->Beta,PRSS3_F2RL2,2.210123696,2.2987409,2.188456741,0.890160305,0.709649959,0.769649864,0.715258375,0.056716747,-0.01421325,-0.070929996,0.898249169,0.815458194,0.77513054,0.787527163
IntraMac->Beta,CSF2_ITGB1,0.502788571,0.499251451,0.528504862,0.892908639,0.862291344,0.637023141,0.748499717,-0.010185235,0.071964889,0.082150124,0.900632762,0.701718453,0.896506204,0.812150474
IntraMac->Alpha,CD14_ITGA4,0.393417252,0.397920106,0.415838261,0.898876269,0.87128847,0.817285676,0.625957126,0.016418574,0.079962283,0.063543709,0.906260034,0.856204041,0.903042094,0.711370379
IntraMac->Beta,GNAI2_MTNR1A,0.42636764,0.426846534,0.391790312,0.902252645,0.658130901,0.798852976,0.881062974,0.001619519,-0.122016223,-0.123635742,0.909271032,0.841049724,0.729489607,0.918479596
IntraMac->Alpha,SEMA3A_NRP1,0.305260793,0.294658476,0.291447837,0.905571739,0.680862243,0.74966189,0.926346325,-0.05099854,-0.06680461,-0.01580607,0.912221726,0.797776511,0.749655689,0.950809697
IntraMac->Alpha,LAMC1_ITGAV,0.347598307,0.358517352,0.355048378,0.908751549,0.846817871,0.620398175,0.84015663,0.044621893,0.030594561,-0.014027332,0.915029626,0.68795461,0.883965656,0.885734747
IntraMac->Beta,UBA52_AGTR1,0.450263488,0.435852053,0.428089607,0.914765608,0.752718691,0.82408585,0.735575804,-0.046930989,-0.072856684,-0.025925696,0.920687699,0.861779463,0.811155263,0.800983635
IntraMac->Beta,GNAI2_OPRD1,0.374034527,0.388042308,0.373792781,0.929241978,0.873433881,0.765533439,0.735575804,0.053042508,-0.000932742,-0.05397525,0.934854311,0.811834461,0.904461728,0.800983635
PeriMac->Beta,C1QA_CR1,0.340864484,0.361200773,0.322774375,0.942409293,0.930341068,0.610904135,0.970572551,0.083602693,-0.078672238,-0.16227493,0.947692312,0.680013576,0.949202176,0.984932632
IntraMac->Alpha,THBS4_ITGAV,0.318368322,0.326547911,0.325986885,0.946286667,0.846817871,0.74966189,0.859915687,0.036597885,0.034117132,-0.002480753,0.951181253,0.797776511,0.883965656,0.900646292
IntraMac->Alpha,LYZ_ITGAL,0.438606881,0.452831417,0.417423125,0.947448063,0.94534957,0.817285676,0.736753815,0.04604561,-0.071417918,-0.117463528,0.951938339,0.856204041,0.959347978,0.800983635
IntraMac->Alpha,CALM3_MYLK,0.366480244,0.367339286,0.350535125,0.959777372,0.764850259,0.886279899,1,0.003377768,-0.064176415,-0.067554183,0.96391078,0.914515364,0.820437352,1
IntraMac->Alpha,ALDH1A1_CRABP2,0.99671113,0.966811296,0.929995613,0.964298387,0.783937687,0.991223034,0.886396034,-0.043941108,-0.099951527,-0.056010419,0.968034368,0.994508528,0.8340067,0.921978391
IntraMac->Beta,JAG1_CD46,0.414480778,0.383144497,0.385014107,0.968246787,0.823521822,0.935187916,0.854153786,-0.113416611,-0.10639389,0.007022721,0.971161938,0.95400622,0.863124894,0.897246229
PeriMac->Alpha,HLA-A_KIR3DL1,0.590652366,0.576233174,0.545892724,0.967851761,0.856153933,0.831713957,0.833591955,-0.035656551,-0.1136918,-0.078035249,0.971161938,0.868199171,0.890919666,0.880476158
PeriMac->Alpha,VEGFA_NRP1,0.363787776,0.368165046,0.332142011,0.969858687,0.947006452,0.890145714,0.794462459,0.017255595,-0.131296855,-0.14855245,0.972360472,0.917286701,0.959347978,0.848299659
PeriMac->Alpha,GNAI2_EDNRA,0.354615611,0.408023512,0.360593812,0.983666741,0.990357949,0.906963647,0.846732441,0.202396239,0.024118588,-0.178277652,0.985780336,0.931325066,0.991633636,0.892215465
IntraMac->Alpha,COL6A1_ITGA2,0.387545971,0.399567234,0.383695186,0.98651227,0.817648972,0.947374871,0.993294752,0.044070825,-0.014406789,-0.058477614,0.988207309,0.962648453,0.859682046,0.997143075
IntraMac->Beta,HLA-DPB1_CD4,0.355547704,0.370180447,0.346792152,0.988301846,0.940740491,0.917958623,0.887813045,0.058185553,-0.035971887,-0.09415744,0.989444662,0.9405446,0.956323812,0.922629243
PeriMac->Alpha,GNAI2_ADCY8,0.379506859,0.398619967,0.378024441,0.988596082,0.922981713,0.865012339,1,0.070888013,-0.005646447,-0.07653446,0.989444662,0.896537233,0.945275957,1
IntraMac->Alpha,COL11A1_DDR1,0.417288775,0.424381656,0.427672669,0.991320383,0.890955229,0.929872231,0.953089772,0.024316184,0.035460903,0.011144719,0.99174566,0.949830067,0.920969678,0.971418421
IntraMac->Beta,HLA-C_KIR3DL1,0.602975752,0.615755282,0.603423801,0.99461636,0.946375301,0.909357719,0.989767627,0.030257111,0.001071614,-0.029185497,0.99461636,0.932141626,0.959347978,0.995310539
